"id","name","mechanic","equipment","primary_muscle","secondary_muscles","beginner_friendly","instructions","images","hypertrophy_score","rep_range","hidden","bench_required","pull_up_bar_required"
316,One-Arm Dumbbell Row,compound,dumbbell,middle back,"{biceps,lats,shoulders}",true,"{""Choose a flat bench (or another sturdy surface like a rock or table) and place a dumbbell on the ground beside it."",""Place the right leg on top of the end of the bench (or brace your right hand on the alternative surface), bend your torso forward from the waist until your upper body is parallel to the floor, and support your weight with your right hand."",""Use the left hand to pick up the dumbbell on the floor and hold the weight while keeping your lower back straight. The palm of the hand should be facing your torso. This will be your starting position."",""Pull the resistance straight up to the side of your chest, keeping your upper arm close to your side and keeping the torso stationary. Breathe out as you perform this step. Tip: Concentrate on squeezing the back muscles once you reach the full contracted position. Also, make sure that the force is performed with the back muscles and not the arms. Finally, the upper torso should remain stationary and only the arms should move. The forearms should do no other work except for holding the dumbbell; therefore do not try to pull the dumbbell up using the forearms."",""Lower the resistance straight down to the starting position. Breathe in as you perform this step."",""Repeat the movement for the specified amount of repetitions."",""Switch sides and repeat again with the other arm.""}","{One-Arm_Dumbbell_Row/0.jpg,One-Arm_Dumbbell_Row/1.jpg}",2,"8-12",false,false,false
6,Alternate Hammer Curl,isolation,dumbbell,biceps,{forearms},true,"{""Stand up with your torso upright and a dumbbell in each hand being held at arms length. The elbows should be close to the torso."",""The palms of the hands should be facing your torso. This will be your starting position."",""While holding the upper arm stationary, curl the right weight forward while contracting the biceps as you breathe out. Continue the movement until your biceps is fully contracted and the dumbbells are at shoulder level. Hold the contracted position for a second as you squeeze the biceps. Tip: Only the forearms should move."",""Slowly begin to bring the dumbbells back to starting position as your breathe in."",""Repeat the movement with the left hand. This equals one repetition."",""Continue alternating in this manner for the recommended amount of repetitions.""}","{Alternate_Hammer_Curl/0.jpg,Alternate_Hammer_Curl/1.jpg}",,"",true,,
8,Alternate Incline Dumbbell Curl,isolation,dumbbell,biceps,{forearms},true,"{""Sit down on an incline bench with a dumbbell in each hand being held at arms length. Tip: Keep the elbows close to the torso.This will be your starting position."",""While holding the upper arm stationary, curl the right weight forward while contracting the biceps as you breathe out. As you do so, rotate the hand so that the palm is facing up. Continue the movement until your biceps is fully contracted and the dumbbells are at shoulder level. Hold the contracted position for a second as you squeeze the biceps. Tip: Only the forearms should move."",""Slowly begin to bring the dumbbell back to starting position as your breathe in."",""Repeat the movement with the left hand. This equals one repetition."",""Continue alternating in this manner for the recommended amount of repetitions.""}","{Alternate_Incline_Dumbbell_Curl/0.jpg,Alternate_Incline_Dumbbell_Curl/1.jpg}",,"",true,,
9,Alternating Cable Shoulder Press,compound,cable,shoulders,{triceps},true,"{""Move the cables to the bottom of the tower and select an appropriate weight."",""Grasp the cables and hold them at shoulder height, palms facing forward. This will be your starting position."",""Keeping your head and chest up, extend through the elbow to press one side directly over head."",""After pausing at the top, return to the starting position and repeat on the opposite side.""}","{Alternating_Cable_Shoulder_Press/0.jpg,Alternating_Cable_Shoulder_Press/1.jpg}",,"",true,,
10,Alternating Deltoid Raise,isolation,dumbbell,shoulders,{},true,"{""In a standing position, hold a pair of dumbbells at your side."",""Keeping your elbows slightly bent, raise the weights directly in front of you to shoulder height, avoiding any swinging or cheating."",""Return the weights to your side."",""On the next repetition, raise the weights laterally, raising them out to your side to about shoulder height."",""Return the weights to the starting position and continue alternating to the front and side.""}","{Alternating_Deltoid_Raise/0.jpg,Alternating_Deltoid_Raise/1.jpg}",,"",true,,
2,Ab Crunch Machine,isolation,machine,abdominals,{},false,"{""Select a light resistance and sit down on the ab machine placing your feet under the pads provided and grabbing the top handles. Your arms should be bent at a 90 degree angle as you rest the triceps on the pads provided. This will be your starting position."",""At the same time, begin to lift the legs up as you crunch your upper torso. Breathe out as you perform this movement. Tip: Be sure to use a slow and controlled motion. Concentrate on using your abs to move the weight while relaxing your legs and feet."",""After a second pause, slowly return to the starting position as you breathe in."",""Repeat the movement for the prescribed amount of repetitions.""}","{Ab_Crunch_Machine/0.jpg,Ab_Crunch_Machine/1.jpg}",3,"10-15",false,false,false
19,Balance Board,compound,other,calves,"{hamstrings,quadriceps}",true,"{""Place a balance board in front of you."",""Stand up on it and try to balance yourself."",""Hold the balance for as long as desired.""}","{Balance_Board/0.jpg,Balance_Board/1.jpg}",,"",true,,
14,Alternating Kettlebell Row,isolation,kettlebells,middle back,"{biceps,lats}",false,"{""Place two kettlebells in front of your feet. Bend your knees slightly and push your butt out as much as possible. As you bend over to get into the starting position grab both kettlebells by the handles."",""Pull one kettlebell off of the floor while holding on to the other kettlebell. Retract the shoulder blade of the working side, as you flex the elbow, drawing the kettlebell towards your stomach or rib cage."",""Lower the kettlebell in the working arm and repeat with your other arm.""}","{Alternating_Kettlebell_Row/0.jpg,Alternating_Kettlebell_Row/1.jpg}",,"",true,,
15,Anti-Gravity Press,compound,barbell,shoulders,"{""middle back"",traps,triceps}",true,"{""Place a bar on the ground behind the head of an incline bench."",""Lay on the bench face down. With a pronated grip, pick the barbell up from the floor. Flex the elbows, performing a reverse curl to bring the bar near your chest. This will be your starting position."",""To begin, press the barbell out in front of your head by extending your elbows. Keep your arms parallel to the ground throughout the movement."",""Return to the starting position and repeat to complete the set.""}","{Anti-Gravity_Press/0.jpg,Anti-Gravity_Press/1.jpg}",,"",true,,
556,Barbell Hip Thrust,compound,barbell,glutes,"{calves,hamstrings}",false,"{""Begin seated on the ground with a bench directly behind you. Have a loaded barbell over your legs. Using a fat bar or having a pad on the bar can greatly reduce the discomfort caused by this exercise."",""Roll the bar so that it is directly above your hips, and lean back against the bench so that your shoulder blades are near the top of it."",""Begin the movement by driving through your feet, extending your hips vertically through the bar. Your weight should be supported by your shoulder blades and your feet. Extend as far as possible, then reverse the motion to return to the starting position.""}","{Barbell_Hip_Thrust/0.jpg,Barbell_Hip_Thrust/1.jpg}",4,"8-12",false,true,false
17,Around The Worlds,compound,dumbbell,chest,{shoulders},false,"{""Lay down on a flat bench holding a dumbbell in each hand with the palms of the hands facing towards the ceiling. Tip: Your arms should be parallel to the floor and next to your thighs. To avoid injury, make sure that you keep your elbows slightly bent. This will be your starting position."",""Now move the dumbbells by creating a semi-circle as you displace them from the initial position to over the head. All of the movement should happen with the arms parallel to the floor at all times. Breathe in as you perform this portion of the movement."",""Reverse the movement to return the weight to the starting position as you exhale.""}","{Around_The_Worlds/0.jpg,Around_The_Worlds/1.jpg}",,"",true,,
11,Alternating Floor Press,compound,kettlebells,chest,"{abdominals,shoulders,triceps}",true,"{""Lie on the floor with two kettlebells next to your shoulders."",""Position one in place on your chest and then the other, gripping the kettlebells on the handle with the palms facing forward."",""Extend both arms, so that the kettlebells are being held above your chest. Lower one kettlebell, bringing it to your chest and turn the wrist in the direction of the locked out kettlebell."",""Raise the kettlebell and repeat on the opposite side.""}","{Alternating_Floor_Press/0.jpg,Alternating_Floor_Press/1.jpg}",1,"10-15",false,false,false
18,Back Fly - With Bands,compound,bands,shoulders,"{""middle back"",triceps}",true,"{""Run a band around a stationary post like that of a squat rack."",""Grab the band by the handles and stand back so that the tension in the band rises."",""Extend and lift the arms straight in front of you. Tip: Your arms should be straight and parallel to the floor while perpendicular to your torso. Your feet should be firmly planted on the floor spread at shoulder width. This will be your starting position."",""As you exhale, move your arms to the sides and back. Keep your arms extended and parallel to the floor. Continue the movement until the arms are extended to your sides."",""After a pause, go back to the original position as you inhale."",""Repeat for the recommended amount of repetitions.""}","{Back_Flyes_-_With_Bands/0.jpg,Back_Flyes_-_With_Bands/1.jpg}",,"",true,,
12,Alternating Hang Clean,compound,kettlebells,hamstrings,"{biceps,calves,forearms,glutes,""lower back"",traps}",false,"{""Place two kettlebells between your feet. To get in the starting position, push your butt back and look straight ahead."",""Clean one kettlebell to your shoulder and hold on to the other kettlebell in a hanging position. Clean the kettlebell to your shoulder by extending through the legs and hips as you pull the kettlebell towards your shoulders. Rotate your wrist as you do so."",""Lower the cleaned kettlebell to a hanging position and clean the alternate kettlebell. Repeat.""}","{Alternating_Hang_Clean/0.jpg,Alternating_Hang_Clean/1.jpg}",2,"6-10",false,false,false
434,Sled Overhead Backward Walk,compound,other,shoulders,"{calves,""middle back"",quadriceps}",true,"{""Attach dual handles to a sled connected by a rope or chain. Load the sled to a light weight."",""Face the sled, backing up until there is some tension in the line. Hold your hands directly above your head with your elbows extended. This will be your starting position."",""Walk backwards, keeping your arms raised above your head. Avoid jerky movements.""}","{Sled_Overhead_Backward_Walk/0.jpg,Sled_Overhead_Backward_Walk/1.jpg}",,"",true,,
447,Smith Machine Incline Bench Press,compound,machine,chest,"{shoulders,triceps}",true,"{""Place an incline bench underneath the smith machine. Place the barbell at a height that you can reach when lying down and your arms are almost fully extended. Once the weight you need is selected, lie down on the incline bench and make sure your upper chest is aligned with the barbell. Using a pronated grip (palms facing forward) that is wider than shoulder width, unlock the bar from the rack and hold it straight over you with your arms locked. This will be your starting position."",""As you breathe in, come down slowly until you feel the bar on your upper chest."",""After a second pause, bring the bar back to the starting position as you breathe out and push the bar using your chest muscles. Lock your arms in the contracted position, hold for a second and then start coming down slowly again. Tip: It should take at least twice as long to go down than to come up."",""Repeat the movement for the prescribed amount of repetitions."",""When you are done, place the bar back in the rack.""}","{Smith_Machine_Incline_Bench_Press/0.jpg,Smith_Machine_Incline_Bench_Press/1.jpg}",3,"8-12",false,true,false
20,Ball Leg Curl,isolation,exercise ball,hamstrings,"{calves,glutes}",true,"{""Begin on the floor laying on your back with your feet on top of the ball."",""Position the ball so that when your legs are extended your ankles are on top of the ball. This will be your starting position."",""Raise your hips off of the ground, keeping your weight on the shoulder blades and your feet."",""Flex the knees, pulling the ball as close to you as you can, contracting the hamstrings."",""After a brief pause, return to the starting position.""}","{Ball_Leg_Curl/0.jpg,Ball_Leg_Curl/1.jpg}",2,"12-20",false,false,false
22,Band Hip Adductions,isolation,bands,adductors,{},true,"{""Anchor a band around a solid post or other object."",""Stand with your left side to the post, and put your right foot through the band, getting it around the ankle."",""Stand up straight and hold onto the post if needed. This will be your starting position."",""Keeping the knee straight, raise your right legs out to the side as far as you can."",""Return to the starting position and repeat for the desired rep count."",""Switch sides.""}","{Band_Hip_Adductions/0.jpg,Band_Hip_Adductions/1.jpg}",2,"8-12",false,false,false
28,Barbell Curls Lying Against An Incline,isolation,barbell,biceps,{},true,"{""Lie against an incline bench, with your arms holding a barbell and hanging down in a horizontal line. This will be your starting position."",""While keeping the upper arms stationary, curl the weight up as high as you can while squeezing the biceps. Breathe out as you perform this portion of the movement. Tip: Only the forearms should move. Do not swing the arms."",""After a second contraction, slowly go back to the starting position as you inhale. Tip: Make sure that you go all of the way down."",""Repeat for the recommended amount of repetitions.""}","{Barbell_Curls_Lying_Against_An_Incline/0.jpg,Barbell_Curls_Lying_Against_An_Incline/1.jpg}",,"",true,,
478,Standing Dumbbell Press,compound,dumbbell,shoulders,{triceps},true,"{""Standing with your feet shoulder width apart, take a dumbbell in each hand. Raise the dumbbells to head height, the elbows out and about 90 degrees. This will be your starting position."",""Maintaining strict technique with no leg drive or leaning back, extend through the elbow to raise the weights together directly above your head."",""Pause, and slowly return the weight to the starting position.""}","{Standing_Dumbbell_Press/0.jpg,Standing_Dumbbell_Press/1.jpg}",,"",true,,
331,One-Arm Medicine Ball Slam,compound,medicine ball,abdominals,"{lats,shoulders}",true,"{""Start in a standing position with a staggered, athletic stance. Hold a medicine ball in one hand, on the same side as your back leg. This will be your starting position."",""Begin by winding the arm, raising the medicine ball above your head. As you do so, extend through the hips, knees, and ankles to load up for the slam."",""At peak extension, flex the shoulders, spine, and hips to throw the ball hard into the ground directly in front of you."",""Catch the ball on the bounce and continue for the desired number of repetitions.""}","{One-Arm_Medicine_Ball_Slam/0.jpg,One-Arm_Medicine_Ball_Slam/1.jpg}",1,"",true,false,false
30,Barbell Full Squat,compound,barbell,quadriceps,"{calves,glutes,hamstrings,""lower back""}",false,"{""This exercise is best performed inside a squat rack for safety purposes. To begin, first set the bar on a rack just above shoulder level. Once the correct height is chosen and the bar is loaded, step under the bar and place the back of your shoulders (slightly below the neck) across it."",""Hold on to the bar using both arms at each side and lift it off the rack by first pushing with your legs and at the same time straightening your torso."",""Step away from the rack and position your legs using a shoulder-width medium stance with the toes slightly pointed out. Keep your head up at all times and maintain a straight back. This will be your starting position."",""Begin to slowly lower the bar by bending the knees and sitting back with your hips as you maintain a straight posture with the head up. Continue down until your hamstrings are on your calves. Inhale as you perform this portion of the movement."",""Begin to raise the bar as you exhale by pushing the floor with the heel or middle of your foot as you straighten the legs and extend the hips to go back to the starting position."",""Repeat for the recommended amount of repetitions.""}","{Barbell_Full_Squat/0.jpg,Barbell_Full_Squat/1.jpg}",,"",true,,
31,Barbell Guillotine Bench Press,compound,barbell,chest,"{shoulders,triceps}",false,"{""Using a medium width grip (a grip that creates a 90-degree angle in the middle of the movement between the forearms and the upper arms), lift the bar from the rack and hold it straight over your neck with your arms locked. This will be your starting position."",""As you breathe in, bring the bar down slowly until it is about 1 inch from your neck."",""After a second pause, bring the bar back to the starting position as you breathe out and push the bar using your chest muscles. Lock your arms and squeeze your chest in the contracted position, hold for a second and then start coming down slowly again. It should take at least twice as long to go down than to come up."",""Repeat the movement for the prescribed amount of repetitions."",""When you are done, place the bar back in the rack.""}","{Barbell_Guillotine_Bench_Press/0.jpg,Barbell_Guillotine_Bench_Press/1.jpg}",,"",true,,
32,Barbell Hack Squat,compound,barbell,quadriceps,"{calves,forearms,hamstrings}",false,"{""Stand up straight while holding a barbell behind you at arms length and your feet at shoulder width. Tip: A shoulder width grip is best with the palms of your hands facing back. You can use wrist wraps for this exercise for a better grip. This will be your starting position."",""While keeping your head and eyes up and back straight, squat until your upper thighs are parallel to the floor. Breathe in as you slowly go down."",""Pressing mainly with the heel of the foot and squeezing the thighs, go back up as you breathe out."",""Repeat for the recommended amount of repetitions.""}","{Barbell_Hack_Squat/0.jpg,Barbell_Hack_Squat/1.jpg}",,"",true,,
245,Kettlebell Figure 8,,kettlebells,abdominals,"{hamstrings,shoulders}",false,"{""Place one kettlebell between your legs and take a wider than shoulder width stance. Bend over by pushing your butt out and keeping your back flat."",""Pick up a kettlebell and pass it to your other hand between your legs. The receiving hand should reach from behind the legs. Go back and forth for several repetitions.""}","{Kettlebell_Figure_8/0.jpg,Kettlebell_Figure_8/1.jpg}",1,"10-15",false,false,false
34,Barbell Incline Shoulder Raise,compound,barbell,shoulders,{chest},true,"{""Lie back on an Incline Bench. Using a medium width grip (a grip that is slightly wider than shoulder width), lift the bar from the rack and hold it straight over you with your arms straight. This will be your starting position."",""While keeping the arms straight, lift the bar by protracting your shoulder blades, raising the shoulders from the bench as you breathe out."",""Bring back the bar to the starting position as you breathe in."",""Repeat for the recommended amount of repetitions.""}","{Barbell_Incline_Shoulder_Raise/0.jpg,Barbell_Incline_Shoulder_Raise/1.jpg}",,"",true,,
37,Barbell Rollout from Bench,compound,barbell,abdominals,"{glutes,hamstrings,lats,shoulders}",false,"{""Place a loaded barbell on the ground, near the end of a bench. Kneel with both legs on the bench, and take a medium to narrow grip on the barbell. This will be your starting position."",""To begin, extend through the hips to slowly roll the bar forward. As you roll out, flex the shoulder to roll the bar above your head. Ensure that your arms remain extended throughout the movement."",""When the bar has been moved as far forward as possible, return to the starting position.""}","{Barbell_Rollout_from_Bench/0.jpg,Barbell_Rollout_from_Bench/1.jpg}",,"",true,,
41,Barbell Shrug Behind The Back,isolation,barbell,traps,"{forearms,""middle back""}",true,"{""Stand up straight with your feet at shoulder width as you hold a barbell with both hands behind your back using a pronated grip (palms facing back). Tip: Your hands should be a little wider than shoulder width apart. You can use wrist wraps for this exercise for better grip. This will be your starting position."",""Raise your shoulders up as far as you can go as you breathe out and hold the contraction for a second. Tip: Refrain from trying to lift the barbell by using your biceps. The arms should remain stretched out at all times."",""Slowly return to the starting position as you breathe in."",""Repeat for the recommended amount of repetitions.""}","{Barbell_Shrug_Behind_The_Back/0.jpg,Barbell_Shrug_Behind_The_Back/1.jpg}",,"",true,,
35,Barbell Lunge,compound,barbell,quadriceps,"{calves,glutes,hamstrings}",false,"{""This exercise is best performed inside a squat rack for safety purposes. To begin, first set the bar on a rack just below shoulder level. Once the correct height is chosen and the bar is loaded, step under the bar and place the back of your shoulders (slightly below the neck) across it."",""Hold on to the bar using both arms at each side and lift it off the rack by first pushing with your legs and at the same time straightening your torso."",""Step away from the rack and step forward with your right leg and squat down through your hips, while keeping the torso upright and maintaining balance. Inhale as you go down. Note: Do not allow your knee to go forward beyond your toes as you come down, as this will put undue stress on the knee joint. li>"",""Using mainly the heel of your foot, push up and go back to the starting position as you exhale."",""Repeat the movement for the recommended amount of repetitions and then perform with the left leg.""}","{Barbell_Lunge/0.jpg,Barbell_Lunge/1.jpg}",2,"6-10",false,false,false
38,Barbell Seated Calf Raise,isolation,barbell,calves,{},true,"{""Place a block about 12 inches in front of a flat bench."",""Sit on the bench and place the ball of your feet on the block."",""Have someone place a barbell over your upper thighs about 3 inches above your knees and hold it there. This will be your starting position."",""Raise up on your toes as high as possible as you squeeze the calves and as you breathe out."",""After a second contraction, slowly go back to the starting position. Tip: To get maximum benefit stretch your calves as far as you can."",""Repeat for the recommended amount of repetitions.""}","{Barbell_Seated_Calf_Raise/0.jpg,Barbell_Seated_Calf_Raise/1.jpg}",2,"10-15",false,true,false
42,Barbell Side Bend,isolation,barbell,abdominals,"{""lower back""}",true,"{""Stand up straight while holding a barbell placed on the back of your shoulders (slightly below the neck). Your feet should be shoulder width apart. This will be your starting position."",""While keeping your back straight and your head up, bend only at the waist to the right as far as possible. Breathe in as you bend to the side. Then hold for a second and come back up to the starting position as you exhale. Tip: Keep the rest of the body stationary."",""Now repeat the movement but bending to the left instead. Hold for a second and come back to the starting position."",""Repeat for the recommended amount of repetitions.""}","{Barbell_Side_Bend/0.jpg,Barbell_Side_Bend/1.jpg}",,"",true,,
43,Barbell Side Split Squat,compound,barbell,quadriceps,"{calves,hamstrings,""lower back""}",true,"{""Stand up straight while holding a barbell placed on the back of your shoulders (slightly below the neck). Your feet should be placed wide apart with the foot of the lead leg angled out to the side. This will be your starting position."",""Lower your body towards the side of your angled foot by bending the knee and hip of your lead leg and while keeping the opposite leg only slightly bent. Breathe in as you lower your body."",""Return to the starting position by extending the hip and knee of the lead leg. Breathe out as you perform this movement."",""After performing the recommended amount of reps, repeat the movement with the opposite leg.""}","{Barbell_Side_Split_Squat/0.jpg,Barbell_Side_Split_Squat/1.jpg}",,"",true,,
47,Battling Ropes,compound,other,shoulders,"{chest,forearms}",true,"{""For this exercise you will need a heavy rope anchored at its center 15-20 feet away. Standing in front of the rope, take an end in each hand with your arms extended at your side. This will be your starting position."",""Initiate the movement by rapidly raising one arm to shoulder level as quickly as you can."",""As you let that arm drop to the starting position, raise the opposite side."",""Continue alternating your left and right arms, whipping the ropes up and down as fast as you can.""}","{Battling_Ropes/0.jpg,Battling_Ropes/1.jpg}",,"",true,,
46,Barbell Walking Lunge,compound,barbell,quadriceps,"{calves,glutes,hamstrings}",true,"{""Begin standing with your feet shoulder width apart and a barbell across your upper back."",""Step forward with one leg, flexing the knees to drop your hips. Descend until your rear knee nearly touches the ground. Your posture should remain upright, and your front knee should stay above the front foot."",""Drive through the heel of your lead foot and extend both knees to raise yourself back up."",""Step forward with your rear foot, repeating the lunge on the opposite leg.""}","{Barbell_Walking_Lunge/0.jpg,Barbell_Walking_Lunge/1.jpg}",1,"6-10",false,false,false
54,Bent Over Dumbbell Rear Delt Raise With Head On Bench,isolation,dumbbell,shoulders,{},true,"{""Stand up straight while holding a dumbbell in each hand and with an incline bench in front of you."",""While keeping your back straight and maintaining the natural arch of your back, lean forward until your forehead touches the bench in front of you. Let the arms hang in front of you perpendicular to the ground. The palms of your hands should be facing each other and your torso should be parallel to the floor. This will be your starting position."",""Keeping your torso forward and stationary, and the arms straight with a slight bend at the elbows, lift the dumbbells straight to the side until both arms are parallel to the floor. Exhale as you lift the weights. Caution: avoid swinging the torso or bringing the arms back as opposed to the side."",""After a one second contraction at the top, slowly lower the dumbbells back to the starting position."",""Repeat the recommended amount of repetitions.""}","{Bent_Over_Dumbbell_Rear_Delt_Raise_With_Head_On_Bench/0.jpg,Bent_Over_Dumbbell_Rear_Delt_Raise_With_Head_On_Bench/1.jpg}",,"",true,,
55,Bent Over Low-Pulley Side Lateral,isolation,cable,shoulders,"{""lower back"",""middle back"",traps}",true,"{""Select a weight and hold the handle of the low pulley with your right hand."",""Bend at the waist until your torso is nearly parallel to the floor. Your legs should be slightly bent with your left hand placed on your lower left thigh. Your right arm should be hanging from your shoulder in front of you and with a slight bend at the elbow. This will be your starting position."",""Raise your right arm, elbow slightly bent, to the side until the arm is parallel to the floor and in line with your right ear. Breathe out as you perform this step."",""Slowly lower the weight back to the starting position as you breathe in."",""Repeat for the recommended amount of repetitions and repeat the movement with the other arm.""}","{Bent_Over_Low-Pulley_Side_Lateral/0.jpg,Bent_Over_Low-Pulley_Side_Lateral/1.jpg}",,"",true,,
56,Bent Over One-Arm Long Bar Row,compound,barbell,middle back,"{biceps,lats,""lower back"",traps}",true,"{""Put weight on one of the ends of an Olympic barbell. Make sure that you either place the other end of the barbell in the corner of two walls; or put a heavy object on the ground so the barbell cannot slide backward."",""Bend forward until your torso is as close to parallel with the floor as you can and keep your knees slightly bent."",""Now grab the bar with one arm just behind the plates on the side where the weight was placed and put your other hand on your knee. This will be your starting position."",""Pull the bar straight up with your elbow in (to maximize back stimulation) until the plates touch your lower chest. Squeeze the back muscles as you lift the weight up and hold for a second at the top of the movement. Breathe out as you lift the weight. Tip: Do not allow for any swinging of the torso. Only the arm should move."",""Slowly lower the bar to the starting position getting a nice stretch on the lats. Tip: Do not let the plates touch the floor. To ensure the best range of motion, I recommend using small plates (25-lb ones) as opposed to larger plates (like 35-45lb ones)."",""Repeat for the recommended amount of repetitions and switch arms.""}","{Bent_Over_One-Arm_Long_Bar_Row/0.jpg,Bent_Over_One-Arm_Long_Bar_Row/1.jpg}",,"",true,,
57,Bent Over Two-Arm Long Bar Row,compound,barbell,middle back,"{biceps,lats}",false,"{""Put weight on one of the ends of an Olympic barbell. Make sure that you either place the other end of the barbell in the corner of two walls; or put a heavy object on the ground so the barbell cannot slide backward."",""Bend forward until your torso is as close to parallel with the floor as you can and keep your knees slightly bent."",""Now grab the bar with both arms just behind the plates on the side where the weight was placed and put your other hand on your knee. This will be your starting position."",""Pull the bar straight up with your elbows in (to maximize back stimulation) until the plates touch your lower chest. Squeeze the back muscles as you lift the weight up and hold for a second at the top of the movement. Breathe out as you lift the weight. Tip: Use a stirrup or double handle cable attachment by hooking it under the end of the bar."",""Slowly lower the bar to the starting position getting a nice stretch on the lats. Tip: Do not let the plates touch the floor. To ensure the best range of motion, I recommend using small plates (25-lb ones) as opposed to larger plates (like 35-45lb ones)."",""Repeat for the recommended amount of repetitions.""}","{Bent_Over_Two-Arm_Long_Bar_Row/0.jpg,Bent_Over_Two-Arm_Long_Bar_Row/1.jpg}",,"",true,,
58,Bent Over Two-Dumbbell Row,compound,dumbbell,middle back,"{biceps,lats,shoulders}",true,"{""With a dumbbell in each hand (palms facing your torso), bend your knees slightly and bring your torso forward by bending at the waist; as you bend make sure to keep your back straight until it is almost parallel to the floor. Tip: Make sure that you keep the head up. The weights should hang directly in front of you as your arms hang perpendicular to the floor and your torso. This is your starting position."",""While keeping the torso stationary, lift the dumbbells to your side (as you breathe out), keeping the elbows close to the body (do not exert any force with the forearm other than holding the weights). On the top contracted position, squeeze the back muscles and hold for a second."",""Slowly lower the weight again to the starting position as you inhale."",""Repeat for the recommended amount of repetitions.""}","{Bent_Over_Two-Dumbbell_Row/0.jpg,Bent_Over_Two-Dumbbell_Row/1.jpg}",,"",true,,
59,Bent Over Two-Dumbbell Row With Palms In,compound,dumbbell,middle back,"{biceps,lats}",true,"{""With a dumbbell in each hand (palms facing each other), bend your knees slightly and bring your torso forward, by bending at the waist, while keeping the back straight until it is almost parallel to the floor. Tip: Make sure that you keep the head up. The weights should hang directly in front of you as your arms hang perpendicular to the floor and your torso. This is your starting position."",""While keeping the torso stationary, lift the dumbbells to your side as you breathe out, squeezing your shoulder blades together. On the top contracted position, squeeze the back muscles and hold for a second."",""Slowly lower the weight again to the starting position as you inhale."",""Repeat for the recommended amount of repetitions.""}","{Bent_Over_Two-Dumbbell_Row_With_Palms_In/0.jpg,Bent_Over_Two-Dumbbell_Row_With_Palms_In/1.jpg}",,"",true,,
60,Body-Up,isolation,body only,triceps,"{abdominals,forearms}",false,"{""Assume a plank position on the ground. You should be supporting your bodyweight on your toes and forearms, keeping your torso straight. Your forearms should be shoulder-width apart. This will be your starting position."",""Pressing your palms firmly into the ground, extend through the elbows to raise your body from the ground. Keep your torso rigid as you perform the movement."",""Slowly lower your forearms back to the ground by allowing the elbows to flex."",Repeat.}","{Body-Up/0.jpg,Body-Up/1.jpg}",,"",true,,
62,Bodyweight Mid Row,compound,other,middle back,"{biceps,lats}",false,"{""Begin by taking a medium to wide grip on a pull-up apparatus with your palms facing away from you. From a hanging position, tuck your knees to your chest, leaning back and getting your legs over your side of the pull-up apparatus. This will be your starting position."",""Beginning with your arms straight, flex the elbows and retract the shoulder blades to raise your body up until your legs contact the pull-up apparatus."",""After a brief pause, return to the starting position.""}","{Bodyweight_Mid_Row/0.jpg,Bodyweight_Mid_Row/1.jpg}",,"",true,,
66,Bosu Ball Cable Crunch With Side Bends,isolation,cable,abdominals,{},true,"{""Connect a standard handle to each arm of a cable machine, and position them in the most downward position."",""Grab a Bosu Ball and position it in front and center of the cable machine."",""Lie down on the Bosu Ball with the small of your back arched around the ball. Your rear end should be close to the floor without touching it."",""With both hands, reach back and grab the handle of each cable."",""With your feet positioned in a wide stance, extend your arms straight out in front of you and in between your knees. Your hands should be at knee level."",""Keep your arms straight and in-line with the upward angle of the cable. Elevate your torso in a crunching motion without dropping or bending your arms."",""Maintain the rigid position with your arms. Slowly descend back to the starting position with your back arched around the Bosu Ball and your abdominals elongated."",""Repeat the same series of movements to failure."",""Once you reach failure, keep your abs tight and raise your torso into plank position so your back is elevated off the Bosu Ball."",""Lower your arms down to your side; keep them straight. Start doing alternating side bends; reach for your heels! This finishing movement will focus on your obliques.""}","{Bosu_Ball_Cable_Crunch_With_Side_Bends/0.jpg,Bosu_Ball_Cable_Crunch_With_Side_Bends/1.jpg}",,"",true,,
67,Bottoms-Up Clean From The Hang Position,compound,kettlebells,forearms,"{biceps,shoulders}",false,"{""Initiate the exercise by standing upright with a kettlebell in one hand."",""Swing the kettlebell back forcefully and then reverse the motion forcefully. Crush the kettlebell handle as hard as possible and raise the kettlebell to your shoulder.""}","{Bottoms-Up_Clean_From_The_Hang_Position/0.jpg,Bottoms-Up_Clean_From_The_Hang_Position/1.jpg}",,"",true,,
68,Bottoms Up,compound,body only,abdominals,{},true,"{""Begin by lying on your back on the ground. Your legs should be straight and your arms at your side. This will be your starting position."",""To perform the movement, tuck the knees toward your chest by flexing the hips and knees. Following this, extend your legs directly above you so that they are perpendicular to the ground. Rotate and elevate your pelvis to raise your glutes from the floor."",""After a brief pause, return to the starting position.""}","{Bottoms_Up/0.jpg,Bottoms_Up/1.jpg}",,"",true,,
69,Bradford/Rocky Presses,compound,barbell,shoulders,{triceps},true,"{""Sit on a Military Press Bench with a bar at shoulder level with a pronated grip (palms facing forward). Tip: Your grip should be wider than shoulder width and it should create a 90-degree angle between the forearm and the upper arm as the barbell goes down. This is your starting position."",""Once you pick up the barbell with the correct grip, lift the bar up over your head by locking your arms."",""Now lower the bar down to the back of the head slowly as you inhale."",""Lift the bar back up to the starting position as you exhale."",""Lower the bar down to the starting position slowly as you inhale. This is one repetition."",""Alternate in this manner until you complete the recommended amount of repetitions.""}","{Bradford_Rocky_Presses/0.jpg,Bradford_Rocky_Presses/1.jpg}",,"",true,,
63,Bodyweight Squat,compound,body only,quadriceps,"{glutes,hamstrings}",true,"{""Stand with your feet shoulder width apart. You can place your hands behind your head. This will be your starting position."",""Begin the movement by flexing your knees and hips, sitting back with your hips."",""Continue down to full depth if you are able,and quickly reverse the motion until you return to the starting position. As you squat, keep your head and chest up and push your knees out.""}","{Bodyweight_Squat/0.jpg,Bodyweight_Squat/1.jpg}",1,"12-20",false,false,false
65,Body Tricep Press,isolation,body only,triceps,{},true,"{""Position a bar in a rack at chest height."",""Standing, take a shoulder width grip on the bar and step a yard or two back, feet together and arms extended so that you are leaning on the bar. This will be your starting position."",""Begin by flexing the elbow, lowering yourself towards the bar."",""Pause, and then reverse the motion by extending the elbows."",""Progress from bodyweight by adding chains over your shoulders.""}","{Body_Tricep_Press/0.jpg,Body_Tricep_Press/1.jpg}",1,"8-12",false,false,false
72,Butt Lift (Bridge),isolation,body only,glutes,{hamstrings},true,"{""Lie flat on the floor on your back with the hands by your side and your knees bent. Your feet should be placed around shoulder width. This will be your starting position."",""Pushing mainly with your heels, lift your hips off the floor while keeping your back straight. Breathe out as you perform this part of the motion and hold at the top for a second."",""Slowly go back to the starting position as you breathe in.""}","{Butt_Lift_Bridge/0.jpg,Butt_Lift_Bridge/1.jpg}",3,"12-20",false,false,false
83,Cable Judo Flip,compound,cable,abdominals,{},true,"{""Connect a rope attachment to a tower, and move the cable to the lowest pulley position. Stand with your side to the cable with a wide stance, and grab the rope with both hands."",""Twist your body away from the pulley as you bring the rope over your shoulder like you're performing a judo flip."",""Shift your weight between your feet as you twist and crunch forward, pulling the cable downward."",""Return to the starting position and repeat until failure."",""Then, reposition and repeat the same series of movements on the opposite side.""}","{Cable_Judo_Flip/0.jpg,Cable_Judo_Flip/1.jpg}",,"",true,,
86,Cable Preacher Curl,isolation,cable,biceps,{forearms},true,"{""Place a preacher bench about 2 feet in front of a pulley machine."",""Attach a straight bar to the low pulley."",""Sit at the preacher bench with your elbow and upper arms firmly on top of the bench pad and have someone hand you the bar from the low pulley."",""Grab the bar and fully extend your arms on top of the preacher bench pad. This will be your starting position."",""Now start pilling the weight up towards your shoulders and squeeze the biceps hard at the top of the movement. Exhale as you perform this motion. Also, hold for a second at the top."",""Now slowly lower the weight to the starting position."",""Repeat for the recommended amount of repetitions.""}","{Cable_Preacher_Curl/0.jpg,Cable_Preacher_Curl/1.jpg}",,"",true,,
82,Cable Iron Cross,isolation,cable,chest,{},true,"{""Begin by moving the pulleys to the high position, select the resistance to be used, and take a handle in each hand."",""Stand directly between both pulleys with your arms extended out to your sides. Your head and chest should be up while your arms form a \""T\"". This will be your starting position."",""Keeping the elbows extended, pull your arms straight to your sides."",""Return your arms back to the starting position after a pause at the peak contraction."",""Continue the movement for the prescribed number of repetitions.""}","{Cable_Iron_Cross/0.jpg,Cable_Iron_Cross/1.jpg}",1,"8-12",false,false,false
90,Cable Rope Rear-Delt Rows,compound,cable,shoulders,"{biceps,""middle back""}",true,"{""Sit in the same position on a low pulley row station as you would if you were doing seated cable rows for the back."",""Attach a rope to the pulley and grasp it with an overhand grip. Your arms should be extended and parallel to the floor with the elbows flared out."",""Keep your lower back upright and slide your hips back so that your knees are slightly bent. This will be your starting position."",""Pull the cable attachment towards your upper chest, just below the neck, as you keep your elbows up and out to the sides. Continue this motion as you exhale until the elbows travel slightly behind the back. Tip: Keep your upper arms horizontal, perpendicular to the torso and parallel to the floor throughout the motion."",""Go back to the initial position where the arms are extended and the shoulders are stretched forward. Inhale as you perform this portion of the movement."",""Repeat for the recommended amount of repetitions.""}","{Cable_Rope_Rear-Delt_Rows/0.jpg,Cable_Rope_Rear-Delt_Rows/1.jpg}",,"",true,,
92,Cable Seated Crunch,isolation,cable,abdominals,{},true,"{""Seat on a flat bench with your back facing a high pulley."",""Grasp the cable rope attachment with both hands (with the palms of the hands facing each other) and place your hands securely over both shoulders. Tip: Allow the weight to hyperextend the lower back slightly. This will be your starting position."",""With the hips stationary, flex the waist so the elbows travel toward the hips. Breathe out as you perform this step."",""As you inhale, go back to the initial position slowly."",""Repeat for the recommended amount of repetitions.""}","{Cable_Seated_Crunch/0.jpg,Cable_Seated_Crunch/1.jpg}",,"",true,,
89,Cable Rope Overhead Triceps Extension,isolation,cable,triceps,{},true,"{""Attach a rope to the bottom pulley of the pulley machine."",""Grasping the rope with both hands, extend your arms with your hands directly above your head using a neutral grip (palms facing each other). Your elbows should be in close to your head and the arms should be perpendicular to the floor with the knuckles aimed at the ceiling. This will be your starting position."",""Slowly lower the rope behind your head as you hold the upper arms stationary. Inhale as you perform this movement and pause when your triceps are fully stretched."",""Return to the starting position by flexing your triceps as you breathe out."",""Repeat for the recommended amount of repetitions.""}","{Cable_Rope_Overhead_Triceps_Extension/0.jpg,Cable_Rope_Overhead_Triceps_Extension/1.jpg}",4,"8-12",false,false,false
91,Cable Russian Twists,compound,cable,abdominals,{},true,"{""Connect a standard handle attachment, and position the cable to a middle pulley position."",""Lie on a stability ball perpendicular to the cable and grab the handle with one hand. You should be approximately arm's length away from the pulley, with the tension of the weight on the cable."",""Grab the handle with both hands and fully extend your arms above your chest. You hands should be directly in-line with the pulley. If not, adjust the pulley up or down until they are."",""Keep your hips elevated and abs engaged. Rotate your torso away from the pulley for a full-quarter rotation. Your body should be flat from head to knees."",""Pause for a moment and in a slow and controlled manner reset to the starting position. You should still have side tension on the cable in the resting position."",""Repeat the same movement to failure."",""Then, reposition and repeat the same series of movements on the opposite side.""}","{Cable_Russian_Twists/0.jpg,Cable_Russian_Twists/1.jpg}",1,"10-15",false,false,false
97,Calf-Machine Shoulder Shrug,isolation,machine,traps,{},true,"{""Position yourself on the calf machine so that the shoulder pads are above your shoulders. Your torso should be straight with the arms extended normally by your side. This will be your starting position."",""Raise your shoulders up towards your ears as you exhale and hold the contraction for a full second."",""Slowly return to the starting position as you inhale."",""Repeat for the recommended amount of repetitions.""}","{Calf-Machine_Shoulder_Shrug/0.jpg,Calf-Machine_Shoulder_Shrug/1.jpg}",,"",true,,
101,Calf Raise On A Dumbbell,isolation,dumbbell,calves,{},false,"{""Hang on to a sturdy object for balance and stand on a dumbbell handle, preferably one with round plates so that it rolls as in this manner you have to work harder to stabilize yourself; thus increasing the effectiveness of the exercise."",""Now roll your foot slightly forward so that you can get a nice stretch of the calf. This will be your starting position."",""Lift the calf as you roll your foot over the top of the handle so that you get a full extension. Exhale during the execution of this movement. Contract the calf hard at the top and hold for a second. Tip: As you come up, roll the dumbbell slightly backward."",""Now inhale as you roll the dumbbell slightly forward as you come down to get a better stretch."",""Repeat for the recommended amount of repetitions.""}","{Calf_Raise_On_A_Dumbbell/0.jpg,Calf_Raise_On_A_Dumbbell/1.jpg}",,"",true,,
102,Car Drivers,isolation,barbell,shoulders,{forearms},true,"{""While standing upright, hold a barbell plate in both hands at the 3 and 9 o'clock positions. Your palms should be facing each other and your arms should be extended straight out in front of you. This will be your starting position."",""Initiate the movement by rotating the plate as far to one side as possible. Use the same type of movement you would use to turn a steering wheel to one side."",""Reverse the motion, turning it all the way to the opposite side."",""Repeat for the recommended amount of repetitions.""}","{Car_Drivers/0.jpg,Car_Drivers/1.jpg}",,"",true,,
103,Chair Squat,compound,machine,quadriceps,"{calves,glutes,hamstrings}",true,"{""To begin, first set the bar to a position that best matches your height. Once the bar is loaded, step under it and position it across the back of your shoulders."",""Take the bar with your hands facing forward, unlock it and lift it off the rack by extending your legs."",""Move your feet forward about 18 inches in front of the bar. Position your legs using a shoulder width stance with the toes slightly pointed out. Look forward at all times and maintain a neutral or slightly arched spine. This will be your starting position."",""Slowly lower the bar by bending the knees as you maintain a straight posture with the head up. Continue down until the angle between the upper and lower leg breaks 90 degrees."",""Begin to raise the bar as you exhale by pushing the floor with the heels of your feet, extending the knees and returning to the starting position."",""Repeat for the recommended amount of repetitions.""}","{Chair_Squat/0.jpg,Chair_Squat/1.jpg}",,"",true,,
552,Wrist Roller,isolation,other,forearms,{shoulders},true,"{""To begin, stand straight up grabbing a wrist roller using a pronated grip (palms facing down). Your feet should be shoulder width apart."",""Slowly lift both arms until they are fully extended and parallel to the floor in front of you. Note: Make sure the rope is not wrapped around the roller. Your entire body should be stationary except for the forearms. This is the starting position."",""Rotate one wrist at a time in an upward motion to bring the weight up to the bar by rolling the rope around the roller."",""Once the weight has reached the bar, slowly begin to lower the weight back down by rotating the wrist in a downward motion until the weight reaches the starting position."",""Repeat for the prescribed amount of repetitions in your program.""}","{Wrist_Roller/0.jpg,Wrist_Roller/1.jpg}",,"",true,,
106,Clock Push-Up,compound,body only,chest,"{shoulders,triceps}",false,"{""Move into a prone position on the floor, supporting your weight on your hands and toes."",""Your arms should be fully extended with the hands around shoulder width. Keep your body straight throughout the movement. This will be your starting position."",""Descend by flexing at the elbow, lowering your chest toward the ground."",""At the bottom, reverse the motion by pushing yourself up through elbow extension as quickly as possible until you are air borne. Aim to \""jump\"" 12-18 inches to one side."",""As you accelerate up, move your outside foot away from your direction of travel. Leaving the ground, shift your body about 30 degrees for the next repetition."",""Return to the starting position and repeat the exercise, working all the way around until you are back where you started.""}","{Clock_Push-Up/0.jpg,Clock_Push-Up/1.jpg}",,"",true,,
109,Close-Grip EZ-Bar Curl with Band,isolation,e-z curl bar,biceps,{forearms},true,"{""Attach a band to each end of the bar. Take the bar, placing a foot on the middle of the band. Stand upright with a narrow, supinated grip on the EZ bar. The elbows should be close to the torso. This will be your starting position."",""While keeping the upper arms in place, flex the elbows to execute the curl. Exhale as the weight is lifted."",""Continue the movement until your biceps are fully contracted and the bar is at shoulder level. Hold the contracted position for a second and squeeze the biceps hard."",""Slowly begin to bring the bar back to starting position as your breathe in."",""Repeat for the recommended amount of repetitions.""}","{Close-Grip_EZ-Bar_Curl_with_Band/0.jpg,Close-Grip_EZ-Bar_Curl_with_Band/1.jpg}",,"",true,,
104,Chin-Up,compound,body only,lats,"{biceps,forearms,""middle back""}",true,"{""Grab the pull-up bar with the palms facing your torso and a grip closer than the shoulder width."",""As you have both arms extended in front of you holding the bar at the chosen grip width, keep your torso as straight as possible while creating a curvature on your lower back and sticking your chest out. This is your starting position. Tip: Keeping the torso as straight as possible maximizes biceps stimulation while minimizing back involvement."",""As you breathe out, pull your torso up until your head is around the level of the pull-up bar. Concentrate on using the biceps muscles in order to perform the movement. Keep the elbows close to your body. Tip: The upper torso should remain stationary as it moves through space and only the arms should move. The forearms should do no other work other than hold the bar."",""After a second of squeezing the biceps in the contracted position, slowly lower your torso back to the starting position; when your arms are fully extended. Breathe in as you perform this portion of the movement."",""Repeat this motion for the prescribed amount of repetitions.""}","{Chin-Up/0.jpg,Chin-Up/1.jpg}",2,"8-12",false,false,true
107,Close-Grip Barbell Bench Press,compound,barbell,triceps,"{chest,shoulders}",true,"{""Lie back on a flat bench. Using a close grip (around shoulder width), lift the bar from the rack and hold it straight over you with your arms locked. This will be your starting position."",""As you breathe in, come down slowly until you feel the bar on your middle chest. Tip: Make sure that - as opposed to a regular bench press - you keep the elbows close to the torso at all times in order to maximize triceps involvement."",""After a second pause, bring the bar back to the starting position as you breathe out and push the bar using your triceps muscles. Lock your arms in the contracted position, hold for a second and then start coming down slowly again. Tip: It should take at least twice as long to go down than to come up."",""Repeat the movement for the prescribed amount of repetitions."",""When you are done, place the bar back in the rack.""}","{Close-Grip_Barbell_Bench_Press/0.jpg,Close-Grip_Barbell_Bench_Press/1.jpg}",2,"8-12",false,true,false
111,Close-Grip EZ Bar Curl,isolation,barbell,biceps,{forearms},true,"{""Stand up with your torso upright while holding an E-Z Curl Bar at the closer inner handle. The palm of your hands should be facing forward and they should be slightly tilted inwards due to the shape of the bar. The elbows should be close to the torso. This will be your starting position."",""While holding the upper arms stationary, curl the weights forward while contracting the biceps as you breathe out. Tip: Only the forearms should move."",""Continue the movement until your biceps are fully contracted and the bar is at shoulder level. Hold the contracted position for a second and squeeze the biceps hard."",""Slowly begin to bring the bar back to starting position as your breathe in."",""Repeat for the recommended amount of repetitions.""}","{Close-Grip_EZ_Bar_Curl/0.jpg,Close-Grip_EZ_Bar_Curl/1.jpg}",,"",true,,
112,Close-Grip Front Lat Pulldown,compound,cable,lats,"{biceps,""middle back"",shoulders}",true,"{""Sit down on a pull-down machine with a wide bar attached to the top pulley. Make sure that you adjust the knee pad of the machine to fit your height. These pads will prevent your body from being raised by the resistance attached to the bar."",""Grab the bar with the palms facing forward using the prescribed grip. Note on grips: For a wide grip, your hands need to be spaced out at a distance wider than your shoulder width. For a medium grip, your hands need to be spaced out at a distance equal to your shoulder width and for a close grip at a distance smaller than your shoulder width."",""As you have both arms extended in front of you - while holding the bar at the chosen grip width - bring your torso back around 30 degrees or so while creating a curvature on your lower back and sticking your chest out. This is your starting position."",""As you breathe out, bring the bar down until it touches your upper chest by drawing the shoulders and the upper arms down and back. Tip: Concentrate on squeezing the back muscles once you reach the full contracted position. The upper torso should remain stationary (only the arms should move). The forearms should do no other work except for holding the bar; therefore do not try to pull the bar down using the forearms."",""After a second in the contracted position, while squeezing your shoulder blades together, slowly raise the bar back to the starting position when your arms are fully extended and the lats are fully stretched. Inhale during this portion of the movement."",""6. Repeat this motion for the prescribed amount of repetitions.""}","{Close-Grip_Front_Lat_Pulldown/0.jpg,Close-Grip_Front_Lat_Pulldown/1.jpg}",,"",true,,
114,Close-Grip Standing Barbell Curl,isolation,barbell,biceps,{forearms},true,"{""Hold a barbell with both hands, palms up and a few inches apart."",""Stand with your torso straight and your head up. Your feet should be about shoulder width and your elbows close to your torso. This will be your starting position. Tip: You will keep your upper arms and elbows stationary throughout the movement."",""Curl the bar up in a semicircular motion until the forearms touch your biceps. Exhale as you perform this portion of the movement and contract your biceps hard for a second at the top. Tip: Avoid bending the back or using swinging motions as you lift the weight. Only the forearms should move."",""Slowly go back down to the starting position as you inhale."",""Repeat for the recommended amount of repetitions.""}","{Close-Grip_Standing_Barbell_Curl/0.jpg,Close-Grip_Standing_Barbell_Curl/1.jpg}",,"",true,,
118,Cross Body Hammer Curl,isolation,dumbbell,biceps,{forearms},true,"{""Stand up straight with a dumbbell in each hand. Your hands should be down at your side with your palms facing in."",""While keeping your palms facing in and without twisting your arm, curl the dumbbell of the right arm up towards your left shoulder as you exhale. Touch the top of the dumbbell to your shoulder and hold the contraction for a second."",""Slowly lower the dumbbell along the same path as you inhale and then repeat the same movement for the left arm."",""Continue alternating in this fashion until the recommended amount of repetitions is performed for each arm.""}","{Cross_Body_Hammer_Curl/0.jpg,Cross_Body_Hammer_Curl/1.jpg}",,"",true,,
122,Crunch - Legs On Exercise Ball,isolation,body only,abdominals,{},true,"{""Lie flat on your back with your feet resting on an exercise ball and your knees bent at a 90 degree angle."",""Place your feet three to four inches apart and point your toes inward so they touch."",""Place your hands lightly on either side of your head keeping your elbows in. Tip: Don't lock your fingers behind your head."",""Push the small of your back down in the floor in order to better isolate your abdominal muscles. This will be your starting position."",""Begin to roll your shoulders off the floor and continue to push down as hard as you can with your lower back. Your shoulders should come up off the floor only about four inches, and your lower back should remain on the floor. Breathe out as you execute this portion of the movement. Squeeze your abdominals hard at the top of the contraction and hold for a second. Tip: Focus on a slow, controlled movement. Refrain from using momentum at any time."",""Slowly go back down to the starting position as you inhale."",""Repeat for the recommended amount of repetitions.""}","{Crunch_-_Legs_On_Exercise_Ball/0.jpg,Crunch_-_Legs_On_Exercise_Ball/1.jpg}",,"",true,,
123,Cuban Press,compound,dumbbell,shoulders,{traps},false,"{""Take a dumbbell in each hand with a pronated grip in a standing position. Raise your upper arms so that they are parallel to the floor, allowing your lower arms to hang in the \""scarecrow\"" position. This will be your starting position."",""To initiate the movement, externally rotate the shoulders to move the upper arm 180 degrees. Keep the upper arms in place, rotating the upper arms until the wrists are directly above the elbows, the forearms perpendicular to the floor."",""Now press the dumbbells by extending at the elbows, straightening your arms overhead."",""Return to the starting position as you breathe in by reversing the steps."",""Repeat for the recommended amount of repetitions.""}","{Cuban_Press/0.jpg,Cuban_Press/1.jpg}",,"",true,,
124,Dead Bug,compound,body only,abdominals,{},true,"{""Begin lying on your back with your hands extended above you toward the ceiling."",""Bring your feet, knees, and hips up to 90 degrees."",""Exhale hard to bring your ribcage down and flatten your back onto the floor, rotating your pelvis up and squeezing your glutes. Hold this position throughout the movement. This will be your starting position."",""Initiate the exercise by extending one leg, straightening the knee and hip to bring the leg just above the ground."",""Maintain the position of your lumbar and pelvis as you perform the movement, as your back is going to want to arch."",""Stay tight and return the working leg to the starting position."",""Repeat on the opposite side, alternating until the set is complete.""}","{Dead_Bug/0.jpg,Dead_Bug/1.jpg}",,"",true,,
125,Decline Barbell Bench Press,compound,barbell,chest,"{shoulders,triceps}",true,"{""Secure your legs at the end of the decline bench and slowly lay down on the bench."",""Using a medium width grip (a grip that creates a 90-degree angle in the middle of the movement between the forearms and the upper arms), lift the bar from the rack and hold it straight over you with your arms locked. The arms should be perpendicular to the floor. This will be your starting position. Tip: In order to protect your rotator cuff, it is best if you have a spotter help you lift the barbell off the rack."",""As you breathe in, come down slowly until you feel the bar on your lower chest."",""After a second pause, bring the bar back to the starting position as you breathe out and push the bar using your chest muscles. Lock your arms and squeeze your chest in the contracted position, hold for a second and then start coming down slowly again. Tip: It should take at least twice as long to go down than to come up)."",""Repeat the movement for the prescribed amount of repetitions."",""When you are done, place the bar back in the rack.""}","{Decline_Barbell_Bench_Press/0.jpg,Decline_Barbell_Bench_Press/1.jpg}",1,"8-12",false,true,false
134,Decline Reverse Crunch,compound,body only,abdominals,{},true,"{""Lie on your back on a decline bench and hold on to the top of the bench with both hands. Don't let your body slip down from this position."",""Hold your legs parallel to the floor using your abs to hold them there while keeping your knees and feet together. Tip: Your legs should be fully extended with a slight bend on the knee. This will be your starting position."",""While exhaling, move your legs towards the torso as you roll your pelvis backwards and you raise your hips off the bench. At the end of this movement your knees will be touching your chest."",""Hold the contraction for a second and move your legs back to the starting position while inhaling."",""Repeat for the recommended amount of repetitions.""}","{Decline_Reverse_Crunch/0.jpg,Decline_Reverse_Crunch/1.jpg}",,"",true,,
139,Donkey Calf Raises,isolation,other,calves,{},false,"{""For this exercise you will need access to a donkey calf raise machine. Start by positioning your lower back and hips under the padded lever provided. The tailbone area should be the one making contact with the pad."",""Place both of your arms on the side handles and place the balls of your feet on the calf block with the heels extending off. Align the toes forward, inward or outward, depending on the area you wish to target, and straighten the knees without locking them. This will be your starting position."",""Raise your heels as you breathe out by extending your ankles as high as possible and flexing your calf. Ensure that the knee is kept stationary at all times. There should be no bending at any time. Hold the contracted position by a second before you start to go back down."",""Go back slowly to the starting position as you breathe in by lowering your heels as you bend the ankles until calves are stretched."",""Repeat for the recommended amount of repetitions.""}","{Donkey_Calf_Raises/0.jpg,Donkey_Calf_Raises/1.jpg}",,"",true,,
131,Decline EZ Bar Triceps Extension,isolation,barbell,triceps,{},true,"{""Secure your legs at the end of the decline bench and slowly lay down on the bench."",""Using a close grip (a grip that is slightly less than shoulder width), lift the EZ bar from the rack and hold it straight over you with your arms locked and elbows in. The arms should be perpendicular to the floor. This will be your starting position. Tip: In order to protect your rotator cuff, it is best if you have a spotter help you lift the barbell off the rack."",""As you breathe in and you keep the upper arms stationary, bring the bar down slowly by moving your forearms in a semicircular motion towards you until you feel the bar slightly touch your forehead. Breathe in as you perform this portion of the movement."",""Lift the bar back to the starting position by contracting the triceps and exhaling."",""Repeat until the recommended amount of repetitions is performed.""}","{Decline_EZ_Bar_Triceps_Extension/0.jpg,Decline_EZ_Bar_Triceps_Extension/1.jpg}",2,"8-12",false,true,false
140,Double Kettlebell Alternating Hang Clean,compound,kettlebells,hamstrings,"{biceps,calves,forearms,glutes,""lower back"",quadriceps,traps}",false,"{""Place two kettlebells between your feet. To get in the starting position, push your butt back and look straight ahead."",""Clean one kettlebell to your shoulder and hold on to the other kettlebell."",""With a fluid motion, lower the top kettlebell while driving the bottom kettlebell up.""}","{Double_Kettlebell_Alternating_Hang_Clean/0.jpg,Double_Kettlebell_Alternating_Hang_Clean/1.jpg}",,"",true,,
143,Double Kettlebell Windmill,,kettlebells,abdominals,"{glutes,hamstrings,shoulders,triceps}",false,"{""Place a kettlebell in front of your front foot and clean and press a kettlebell overhead with your opposite arm. Clean the kettlebell to your shoulder by extending through the legs and hips as you pull the kettlebell towards your shoulders. Rotate your wrist as you do so, so that the palm faces forward."",""Keeping the kettlebell locked out at all times, push your butt out in the direction of the locked out kettlebell. Turn your feet out at a forty-five degree angle from the arm with the locked out kettlebell."",""Bending at the hip to one side, sticking your butt out, slowly lean until you can retrieve the kettlebell from the floor. Keep your eyes on the kettlebell that you hold over your head at all times."",""Pause for a second after retrieving the kettlebell from the ground and reverse the motion back to the starting position.""}","{Double_Kettlebell_Windmill/0.jpg,Double_Kettlebell_Windmill/1.jpg}",,"",true,,
146,Dumbbell Alternate Bicep Curl,isolation,dumbbell,biceps,{forearms},true,"{""Stand (torso upright) with a dumbbell in each hand held at arms length. The elbows should be close to the torso and the palms of your hand should be facing your thighs."",""While holding the upper arm stationary, curl the right weight as you rotate the palm of the hands until they are facing forward. At this point continue contracting the biceps as you breathe out until your biceps is fully contracted and the dumbbells are at shoulder level. Hold the contracted position for a second as you squeeze the biceps. Tip: Only the forearms should move."",""Slowly begin to bring the dumbbell back to the starting position as your breathe in. Tip: Remember to twist the palms back to the starting position (facing your thighs) as you come down."",""Repeat the movement with the left hand. This equals one repetition."",""Continue alternating in this manner for the recommended amount of repetitions.""}","{Dumbbell_Alternate_Bicep_Curl/0.jpg,Dumbbell_Alternate_Bicep_Curl/1.jpg}",,"",true,,
172,Dumbbell Step Ups,compound,dumbbell,quadriceps,"{calves,glutes,hamstrings}",false,"{""Stand up straight while holding a dumbbell on each hand (palms facing the side of your legs)."",""Place the right foot on the elevated platform. Step on the platform by extending the hip and the knee of your right leg. Use the heel mainly to lift the rest of your body up and place the foot of the left leg on the platform as well. Breathe out as you execute the force required to come up."",""Step down with the left leg by flexing the hip and knee of the right leg as you inhale. Return to the original standing position by placing the right foot of to next to the left foot on the initial position."",""Repeat with the right leg for the recommended amount of repetitions and then perform with the left leg.""}","{Dumbbell_Step_Ups/0.jpg,Dumbbell_Step_Ups/1.jpg}",2,"8-12",false,false,false
145,Drag Curl,compound,barbell,biceps,{forearms},false,"{""Grab a barbell with a supinated grip (palms facing forward) and get your elbows close to your torso and back. This will be your starting position."",""As you exhale, curl the bar up while keeping the elbows to the back as you \""Drag\"" the bar up by keeping it in contact with your torso. Tip: As you can see, you will not be keeping the elbows pinned to your sides, but instead you will be bringing them back. Also, do not lift your shoulders."",""Slowly go back to the starting position as you keep the bar in contact with the torso at all times."",""Repeat for the recommended amount of repetitions.""}","{Drag_Curl/0.jpg,Drag_Curl/1.jpg}",1,"8-12",false,false,false
148,Dumbbell Bench Press with Neutral Grip,compound,dumbbell,chest,"{shoulders,triceps}",true,"{""Take a dumbbell in each hand and lay back onto a flat bench. Your feet should be flat on the floor and your shoulder blades retracted."",""Maintaining a neutral grip, palms facing each other, begin with your arms extended directly above you, perpendicular to the floor. This will be your starting position."",""Begin the movement by flexing the elbow, lowering the upper arms to the side. Descend until the dumbbells are to your torso."",""Pause, then extend the elbow and return to the starting position.""}","{Dumbbell_Bench_Press_with_Neutral_Grip/0.jpg,Dumbbell_Bench_Press_with_Neutral_Grip/1.jpg}",,"",true,,
153,Dumbbell Incline Shoulder Raise,isolation,dumbbell,shoulders,{triceps},true,"{""Sit on an Incline Bench while holding a dumbbell on each hand on top of your thighs."",""Lift your legs up to kick the weights to your shoulders and lean back. Position the dumbbells above your shoulders with your arms extended. The arms should be perpendicular to the floor with your palms facing forward and knuckles pointing towards the ceiling. This will be your starting position."",""While keeping the arms straight and locked, lift the dumbbells by raising the shoulders from the bench as you breathe out."",""Bring back the dumbbells to the starting position as you breathe in."",""Repeat for the recommended amount of repetitions.""}","{Dumbbell_Incline_Shoulder_Raise/0.jpg,Dumbbell_Incline_Shoulder_Raise/1.jpg}",,"",true,,
155,Dumbbell Lying One-Arm Rear Lateral Raise,isolation,dumbbell,shoulders,"{""middle back""}",false,"{""While holding a dumbbell in one hand, lay with your chest down on a slightly inclined (around 15 degrees when measured from the floor) adjustable bench. The other hand can be used to hold to the leg of the bench for stability."",""Position the palm of the hand that is holding the dumbbell in a neutral manner (palms facing your torso) as you keep the arm extended with the elbow slightly bent. This will be your starting position."",""Now raise the arm with the dumbbell to the side until your elbow is at shoulder height and your arm is roughly parallel to the floor as you exhale. Tip: Maintain your arm perpendicular to the torso while keeping your arm extended throughout the movement. Also, keep the contraction at the top for a second."",""Slowly lower the dumbbell to the starting position as you inhale."",""Repeat for the recommended amount of repetitions.""}","{Dumbbell_Lying_One-Arm_Rear_Lateral_Raise/0.jpg,Dumbbell_Lying_One-Arm_Rear_Lateral_Raise/1.jpg}",,"",true,,
149,Dumbbell Bicep Curl,isolation,dumbbell,biceps,{forearms},true,"{""Stand up straight with a dumbbell in each hand at arm's length. Keep your elbows close to your torso and rotate the palms of your hands until they are facing forward. This will be your starting position."",""Now, keeping the upper arms stationary, exhale and curl the weights while contracting your biceps. Continue to raise the weights until your biceps are fully contracted and the dumbbells are at shoulder level. Hold the contracted position for a brief pause as you squeeze your biceps."",""Then, inhale and slowly begin to lower the dumbbells back to the starting position."",""Repeat for the recommended amount of repetitions.""}","{Dumbbell_Bicep_Curl/0.jpg,Dumbbell_Bicep_Curl/1.jpg}",3,"8-12",false,false,false
152,Dumbbell Incline Row,compound,dumbbell,middle back,"{biceps,forearms,lats,shoulders}",true,"{""Using a neutral grip, lean into an incline bench."",""Take a dumbbell in each hand with a neutral grip, beginning with the arms straight. This will be your starting position."",""Retract the shoulder blades and flex the elbows to row the dumbbells to your side."",""Pause at the top of the motion, and then return to the starting position.""}","{Dumbbell_Incline_Row/0.jpg,Dumbbell_Incline_Row/1.jpg}",3,"8-12",false,true,false
157,Dumbbell Lying Rear Lateral Raise,isolation,dumbbell,shoulders,{},false,"{""While holding a dumbbell in each hand, lay with your chest down on a slightly inclined (around 15 degrees when measured from the floor) adjustable bench."",""Position the palms of the hands in a neutral manner (palms facing your torso) as you keep the arms extended with the elbows slightly bent. This will be your starting position."",""Now raise the arms to the side until your elbows are at shoulder height and your arms are roughly parallel to the floor as you exhale. Tip: Maintain your arms perpendicular to the torso while keeping them extended throughout the movement. Also, keep the contraction at the top for a second."",""Slowly lower the dumbbells to the starting position as you inhale."",""Repeat for the recommended amount of repetitions and then switch to the other arm.""}","{Dumbbell_Lying_Rear_Lateral_Raise/0.jpg,Dumbbell_Lying_Rear_Lateral_Raise/1.jpg}",,"",true,,
159,Dumbbell One-Arm Shoulder Press,compound,dumbbell,shoulders,{triceps},false,"{""Grab a dumbbell and either sit on a military press bench or a utility bench that has a back support on it as you place the dumbbells upright on top of your thighs or stand up straight."",""Clean the dumbbell up to bring it to shoulder height. The other hand can be kept fully extended to the side, by the waist or grabbing a fixed surface."",""Rotate the wrist so that the palm of your hand is facing forward. This is your starting position."",""As you exhale, push the dumbbell up until your arm is fully extended."",""After a second pause, slowly come down back to the starting position as you inhale."",""Repeat for the recommended amount of repetitions and then switch arms.""}","{Dumbbell_One-Arm_Shoulder_Press/0.jpg,Dumbbell_One-Arm_Shoulder_Press/1.jpg}",,"",true,,
169,Dumbbell Side Bend,isolation,dumbbell,abdominals,{},true,"{""Stand up straight while holding a dumbbell on the left hand (palms facing the torso) as you have the right hand holding your waist. Your feet should be placed at shoulder width. This will be your starting position."",""While keeping your back straight and your head up, bend only at the waist to the right as far as possible. Breathe in as you bend to the side. Then hold for a second and come back up to the starting position as you exhale. Tip: Keep the rest of the body stationary."",""Now repeat the movement but bending to the left instead. Hold for a second and come back to the starting position."",""Repeat for the recommended amount of repetitions and then change hands.""}","{Dumbbell_Side_Bend/0.jpg,Dumbbell_Side_Bend/1.jpg}",,"",true,,
227,Incline Push-Up,compound,body only,chest,"{shoulders,triceps}",true,"{""Stand facing bench or sturdy elevated platform. Place hands on edge of bench or platform, slightly wider than shoulder width."",""Position forefoot back from bench or platform with arms and body straight. Arms should be perpendicular to body. Keeping body straight, lower chest to edge of box or platform by bending arms."",""Push body up until arms are extended. Repeat.""}","{Incline_Push-Up/0.jpg,Incline_Push-Up/1.jpg}",2,"10-15",false,false,false
161,Dumbbell One-Arm Upright Row,compound,dumbbell,shoulders,"{biceps,traps}",false,"{""Grab a dumbbell and stand up straight with your arm extended in front of you with a slight bend at the elbows and your back straight. This will be your starting position. Tip: The dumbbell should be resting on top of your thigh with the palm of your hands facing your thighs."",""Keep the other hand can be kept fully extended to the side, by the waist or grabbing a fixed surface. This will be your starting position."",""Use your side shoulders to lift the dumbbell as you exhale. The dumbbell should be close to the body as you move it up. Continue to lift it until the dumbbell is nearly in line with your chin. Tip: Your elbows should drive the motion. As you lift the dumbbell, your elbow should always be higher than your forearm. Also, keep your torso stationary and pause for a second at the top of the movement."",""Lower the dumbbell back down slowly to the starting position. Inhale as you perform this portion of the movement."",""Repeat for the recommended amount of repetitions and switch arms.""}","{Dumbbell_One-Arm_Upright_Row/0.jpg,Dumbbell_One-Arm_Upright_Row/1.jpg}",,"",true,,
162,Dumbbell Prone Incline Curl,isolation,dumbbell,biceps,{},false,"{""Grab a dumbbell on each hand and lie face down on an incline bench with your shoulders near top of the incline. Your knees can rest on the seat or your legs can be straddled to the sides (my preferred way)."",""Let your arms extend and hang naturally in front of you so that they are perpendicular to the floor."",""Now keep your elbows in by your side and face the palms forward. This will be your starting position."",""Raise the dumbbells by contracting the biceps until your arms are fully flexed. Exhale as you perform this portion of the movement and ensure that only the forearms move. The upper arms should remain stationary at all times."",""Lower the dumbbells until your arms are fully extended."",""Repeat for the recommended amount of times.""}","{Dumbbell_Prone_Incline_Curl/0.jpg,Dumbbell_Prone_Incline_Curl/1.jpg}",,"",true,,
164,Dumbbell Rear Lunge,compound,dumbbell,quadriceps,"{calves,glutes,hamstrings}",false,"{""Stand with your torso upright holding two dumbbells in your hands by your sides. This will be your starting position."",""Step backward with your right leg around two feet or so from the left foot and lower your upper body down, while keeping the torso upright and maintaining balance. Inhale as you go down. Tip: As in the other exercises, do not allow your knee to go forward beyond your toes as you come down, as this will put undue stress on the knee joint. Make sure that you keep your front shin perpendicular to the ground. Keep the torso upright during the lunge; flexible hip flexors are important. A long lunge emphasizes the Gluteus Maximus; a short lunge emphasizes Quadriceps."",""Push up and go back to the starting position as you exhale. Tip: Use the ball of your feet to push in order to accentuate the quadriceps. To focus on the glutes, press with your heels."",""Now repeat with the opposite leg.""}","{Dumbbell_Rear_Lunge/0.jpg,Dumbbell_Rear_Lunge/1.jpg}",,"",true,,
166,Dumbbell Seated One-Leg Calf Raise,isolation,dumbbell,calves,{},true,"{""Place a block on the floor about 12 inches from a flat bench."",""Sit on a flat bench and place a dumbbell on your upper left thigh about 3 inches above your knee."",""Now place the ball of your left foot on the block. This will be your starting position."",""Raise your toes up as high as possible as you exhale and you contract your calf muscle. Hold the contraction for a second."",""Slowly return to the starting position, stretching as far down as possible."",""Repeat for your prescribed number of repetitions and then repeat with the right leg.""}","{Dumbbell_Seated_One-Leg_Calf_Raise/0.jpg,Dumbbell_Seated_One-Leg_Calf_Raise/1.jpg}",,"",true,,
168,Dumbbell Shrug,isolation,dumbbell,traps,{},true,"{""Stand erect with a dumbbell on each hand (palms facing your torso), arms extended on the sides."",""Lift the dumbbells by elevating the shoulders as high as possible while you exhale. Hold the contraction at the top for a second. Tip: The arms should remain extended at all times. Refrain from using the biceps to help lift the dumbbells. Only the shoulders should be moving up and down."",""Lower the dumbbells back to the original position."",""Repeat for the recommended amount of repetitions.""}","{Dumbbell_Shrug/0.jpg,Dumbbell_Shrug/1.jpg}",3,"10-15",false,false,false
185,Face Pull,compound,cable,rear delt,"{""middle back""}",false,"{""Facing a high pulley with a rope or dual handles attached, pull the weight directly towards your face, separating your hands as you do so. Keep your upper arms parallel to the ground.""}","{Face_Pull/0.jpg,Face_Pull/1.jpg}",3,"8-12",false,false,false
171,Dumbbell Squat To A Bench,compound,dumbbell,quadriceps,"{calves,glutes,hamstrings,""lower back""}",false,"{""Stand up straight with a flat bench behind you while holding a dumbbell on each hand (palms facing the side of your legs)."",""Position your legs using a shoulder width medium stance with the toes slightly pointed out. Keep your head up at all times as looking down will get you off balance and also maintain a straight back. This will be your starting position. Note: For the purposes of this discussion we will use the medium stance described above which targets overall development; however you can choose any of the three stances discussed in the foot stances section."",""Begin to slowly lower your torso by bending the knees as you maintain a straight posture with the head up. Continue down until you slightly touch the bench behind you. Inhale as you perform this portion of the movement. Tip: If you performed the exercise correctly, the front of the knees should make an imaginary straight line with the toes that is perpendicular to the front. If your knees are past that imaginary line (if they are past your toes) then you are placing undue stress on the knee and the exercise has been performed incorrectly."",""Begin to raise the bar as you exhale by pushing the floor with the heel of your foot mainly as you straighten the legs again and go back to the starting position."",""Repeat for the recommended amount of repetitions.""}","{Dumbbell_Squat_To_A_Bench/0.jpg,Dumbbell_Squat_To_A_Bench/1.jpg}",,"",true,,
173,Dumbbell Tricep Extension -Pronated Grip,isolation,dumbbell,triceps,{},true,"{""Lie down on a flat bench holding two dumbbells directly above your shoulders. Your arms should be fully extended and form a 90 degree angle from your torso and the floor."",""The palms of your hands should be facing forward, and your elbows should be tucked in. This will be your starting position."",""Now, inhale and slowly lower the dumbbells until they are near your ears. Be sure to keep your upper arms stationary and your elbows tucked in."",""Then, exhale and use your triceps to return the weight to the starting position.""}","{Dumbbell_Tricep_Extension_-Pronated_Grip/0.jpg,Dumbbell_Tricep_Extension_-Pronated_Grip/1.jpg}",,"",true,,
174,Elbow to Knee,compound,body only,abdominals,{},true,"{""Lie on the floor, crossing your right leg across your bent left knee. Clasp your hands behind your head, beginning with your shoulder blades on the ground. This will be your starting position."",""Perform the motion by flexing the spine and rotating your torso to bring the left elbow to the right knee."",""Return to the starting position and repeat the movement for the desired number of repetitions before switching sides.""}","{Elbow_to_Knee/0.jpg,Elbow_to_Knee/1.jpg}",,"",true,,
176,Elevated Cable Rows,compound,cable,lats,"{""middle back"",traps}",false,"{""Get a platform of some sort (it can be an aerobics or calf raise platform) that is around 4-6 inches in height."",""Place it on the seat of the cable row machine."",""Sit down on the machine and place your feet on the front platform or crossbar provided making sure that your knees are slightly bent and not locked."",""Lean over as you keep the natural alignment of your back and grab the V-bar handles."",""With your arms extended pull back until your torso is at a 90-degree angle from your legs. Your back should be slightly arched and your chest should be sticking out. You should be feeling a nice stretch on your lats as you hold the bar in front of you. This is the starting position of the exercise."",""Keeping the torso stationary, pull the handles back towards your torso while keeping the arms close to it until you touch the abdominals. Breathe out as you perform that movement. At that point you should be squeezing your back muscles hard. Hold that contraction for a second and slowly go back to the original position while breathing in."",""Repeat for the recommended amount of repetitions.""}","{Elevated_Cable_Rows/0.jpg,Elevated_Cable_Rows/1.jpg}",,"",true,,
179,Extended Range One-Arm Kettlebell Floor Press,compound,kettlebells,chest,"{shoulders,triceps}",true,"{""Lie on the floor and position a kettlebell for one arm to press. The kettlebell should be held by the handle. The leg on the same side that you are pressing should be bent, with the knee crossing over the midline of the body."",""Press the kettlebell by extending the elbow and adducting the arm, pressing it above your body. Return to the starting position.""}","{Extended_Range_One-Arm_Kettlebell_Floor_Press/0.jpg,Extended_Range_One-Arm_Kettlebell_Floor_Press/1.jpg}",,"",true,,
180,External Rotation,isolation,dumbbell,shoulders,{},true,"{""Lie sideways on a flat bench with one arm holding a dumbbell and the other hand on top of the bench folded so that you can rest your head on it."",""Bend the elbows of the arm holding the dumbbell so that it creates a 90-degree angle between the upper arm and the forearm. Tip: Keep the arm parallel to your torso."",""Now bend the elbow while keeping the upper arm stationary. In this manner, the forearm will be parallel to the floor and perpendicular to your torso (Tip: So the forearm will be directly in front of you). The upper arm will be stationary by your torso and should be parallel to the floor (aligned with your torso at all times). This will be your starting position."",""As you breathe out, externally rotate your forearm so that the dumbbell is lifted up in a semicircle motion as you maintain the 90 degree angle bend between the upper arms and the forearm. You will continue this external rotation until the forearm is perpendicular to the floor and the torso pointing towards the ceiling. At this point you will hold the contraction for a second."",""As you breathe in, slowly go back to the starting position."",""Repeat for the recommended amount of repetitions and then switch to the other arm.""}","{External_Rotation/0.jpg,External_Rotation/1.jpg}",,"",true,,
178,Exercise Ball Pull-In,compound,exercise ball,abdominals,{},true,"{""Place an exercise ball nearby and lay on the floor in front of it with your hands on the floor shoulder width apart in a push-up position."",""Now place your lower shins on top of an exercise ball. Tip: At this point your legs should be fully extended with the shins on top of the ball and the upper body should be in a push-up type of position being supported by your two extended arms in front of you. This will be your starting position."",""While keeping your back completely straight and the upper body stationary, pull your knees in towards your chest as you exhale, allowing the ball to roll forward under your ankles. Squeeze your abs and hold that position for a second."",""Now slowly straighten your legs, rolling the ball back to the starting position as you inhale."",""Repeat for the recommended amount of repetitions.""}","{Exercise_Ball_Pull-In/0.jpg,Exercise_Ball_Pull-In/1.jpg}",1,"10-15",false,false,false
183,EZ-Bar Curl,isolation,e-z curl bar,biceps,{},true,"{""Stand up straight while holding an EZ curl bar at the wide outer handle. The palms of your hands should be facing forward and slightly tilted inward due to the shape of the bar. Keep your elbows close to your torso. This will be your starting position."",""Now, while keeping your upper arms stationary, exhale and curl the weights forward while contracting the biceps. Focus on only moving your forearms."",""Continue to raise the weight until your biceps are fully contracted and the bar is at shoulder level. Hold the top contracted position for a moment and squeeze the biceps."",""Then inhale and slowly lower the bar back to the starting position."",""Repeat for the recommended amount of repetitions.""}","{EZ-Bar_Curl/0.jpg,EZ-Bar_Curl/1.jpg}",3,"8-12",false,false,false
188,Flat Bench Leg Pull-In,compound,body only,abdominals,{},true,"{""Lie on an exercise mat or a flat bench with your legs off the end."",""Place your hands either under your glutes with your palms down or by the sides holding on to the bench (or with palms down by the side on an exercise mat). Also extend your legs straight out. This will be your starting position."",""Bend your knees and pull your upper thighs into your midsection as you breathe out. Continue this movement until your knees are near your chest. Hold the contracted position for a second."",""As you breathe in, slowly return to the starting position."",""Repeat for the recommended amount of repetitions.""}","{Flat_Bench_Leg_Pull-In/0.jpg,Flat_Bench_Leg_Pull-In/1.jpg}",,"",true,,
190,Flexor Incline Dumbbell Curls,isolation,dumbbell,biceps,{},true,"{""Hold the dumbbell towards the side farther from you so that you have more weight on the side closest to you. (This can be done for a good effect on all bicep dumbbell exercises). Now do a normal incline dumbbell curl, but keep your wrists as far back as possible so as to neutralize any stress that is placed on them."",""Sit on an incline bench that is angled at 45-degrees while holding a dumbbell on each hand."",""Let your arms hang down on your sides, with the elbows in, and turn the palms of your hands forward with the thumbs pointing away from the body. Tip: You will keep this hand position throughout the movement as there should not be any twisting of the hands as they come up. This will be your starting position."",""Curl up the two dumbbells at the same time until your biceps are fully contracted and exhale. Tip: Do not swing the arms or use momentum. Keep a controlled motion at all times. Hold the contracted position for a second at the top."",""As you inhale, slowly go back to the starting position."",""Repeat for the recommended amount of repetitions.""}","{Flexor_Incline_Dumbbell_Curls/0.jpg,Flexor_Incline_Dumbbell_Curls/1.jpg}",,"",true,,
191,Floor Glute-Ham Raise,isolation,,hamstrings,"{calves,glutes}",false,"{""You can use a partner for this exercise or brace your feet under something stable."",""Begin on your knees with your upper legs and torso upright. If using a partner, they will firmly hold your feet to keep you in position. This will be your starting position."",""Lower yourself by extending at the knee, taking care to NOT flex the hips as you go forward."",""Place your hands in front of you as you reach the floor. This movement is very difficult and you may be unable to do it unaided. Use your arms to lightly push off the floor to aid your return to the starting position.""}","{Floor_Glute-Ham_Raise/0.jpg,Floor_Glute-Ham_Raise/1.jpg}",,"",true,,
192,Flutter Kicks,compound,body only,glutes,{hamstrings},true,"{""On a flat bench lie facedown with the hips on the edge of the bench, the legs straight with toes high off the floor and with the arms on top of the bench holding on to the front edge."",""Squeeze your glutes and hamstrings and straighten the legs until they are level with the hips. This will be your starting position."",""Start the movement by lifting the left leg higher than the right leg."",""Then lower the left leg as you lift the right leg."",""Continue alternating in this manner (as though you are doing a flutter kick in water) until you have done the recommended amount of repetitions for each leg. Make sure that you keep a controlled movement at all times. Tip: You will breathe normally as you perform this movement.""}","{Flutter_Kicks/0.jpg,Flutter_Kicks/1.jpg}",,"",true,,
189,Flat Bench Lying Leg Raise,isolation,body only,abdominals,{},true,"{""Lie with your back flat on a bench and your legs extended in front of you off the end."",""Place your hands either under your glutes with your palms down or by the sides holding on to the bench. This will be your starting position."",""As you keep your legs extended, straight as possible with your knees slightly bent but locked raise your legs until they make a 90-degree angle with the floor. Exhale as you perform this portion of the movement and hold the contraction at the top for a second."",""Now, as you inhale, slowly lower your legs back down to the starting position.""}","{Flat_Bench_Lying_Leg_Raise/0.jpg,Flat_Bench_Lying_Leg_Raise/1.jpg}",2,"10-15",false,true,false
197,Front Incline Dumbbell Raise,isolation,dumbbell,shoulders,{},true,"{""Sit down on an incline bench with the incline set anywhere between 30 to 60 degrees while holding a dumbbell on each hand. Tip: You can change the angle to hit the muscle a little differently each time."",""Extend your arms straight in front of you and have your palms facing down with the dumbbells raised about 1 inch above your thighs. This will be your starting position."",""Slowly raise the dumbbells straight up until they are slightly above your shoulders, while keeping your elbows locked. Squeeze at the top for a second and make sure you breathe out during this portion of the movement. Tip: Keep your head resting down against the bench and your legs on the floor at all times."",""Lower the arms back to the starting position as you inhale."",""Repeat for the recommended amount of repetitions.""}","{Front_Incline_Dumbbell_Raise/0.jpg,Front_Incline_Dumbbell_Raise/1.jpg}",,"",true,,
198,Front Plate Raise,isolation,other,shoulders,{},false,"{""While standing straight, hold a barbell plate in both hands at the 3 and 9 o'clock positions. Your palms should be facing each other and your arms should be extended and locked with a slight bend at the elbows and the plate should be down near your waist in front of you as far as you can go. Tip: The arms will remain in this position throughout the exercise. This will be your starting position."",""Slowly raise the plate as you exhale until it is a little above shoulder level. Hold the contraction for a second. Tip: make sure that you do not swing the weight or bend at the elbows. Your torso should remain stationary throughout the movement as well."",""As you inhale, slowly lower the plate back down to the starting position."",""Repeat for the recommended amount of repetitions.""}","{Front_Plate_Raise/0.jpg,Front_Plate_Raise/1.jpg}",,"",true,,
199,Front Raise And Pullover,compound,barbell,chest,"{lats,shoulders,triceps}",true,"{""Lie on a flat bench while holding a barbell using a palms down grip that is about 15 inches apart."",""Place the bar on your upper thighs, extend your arms and lock them while keeping a slight bend on the elbows. This will be your starting position."",""Now raise the weight using a semicircular motion and keeping your arms straight as you inhale. Continue the same movement until the bar is on the other side above your head . (Tip: the bar will travel approximately 180-degrees). At this point your arms should be parallel to the floor with the palms of your hands facing the ceiling."",""Now return the barbell to the starting position by reversing the motion as you exhale."",""Repeat for the recommended amount of repetitions.""}","{Front_Raise_And_Pullover/0.jpg,Front_Raise_And_Pullover/1.jpg}",,"",true,,
201,Front Squat (Clean Grip),compound,barbell,quadriceps,"{abdominals,glutes,hamstrings}",false,"{""To begin, first set the bar in a rack slightly below shoulder level. Rest the bar on top of the deltoids, pushing into the clavicles, and lightly touching the throat. Your hands should be in a clean grip, touching the bar only with your fingers to help keep it in position."",""Lift the bar off the rack by first pushing with your legs and at the same time straightening your torso. Step away from the rack and position your legs using a shoulder width medium stance with the toes slightly pointed out. Keep your head and elbows up at all times. This will be your starting position."",""Bend at the knees, sitting down between your legs. Continue down until your hamstrings are on your calves. Keep your knees aligned with your feet by consciously using your abductors to push your knees out as you squat."",""Begin to raise the bar as you exhale by pushing the floor mainly with the heel or middle of your foot as you straighten the legs again and return to the starting position.""}","{Front_Squat_Clean_Grip/0.jpg,Front_Squat_Clean_Grip/1.jpg}",,"",true,,
202,Front Two-Dumbbell Raise,isolation,dumbbell,shoulders,{},true,"{""Pick a couple of dumbbells and stand with a straight torso and the dumbbells on front of your thighs at arms length with the palms of the hand facing your thighs. This will be your starting position."",""While maintaining the torso stationary (no swinging), lift the dumbbells to the front with a slight bend on the elbow and the palms of the hands always facing down. Continue to go up until you arms are slightly above parallel to the floor. Exhale as you execute this portion of the movement and pause for a second at the top."",""As you inhale, lower the dumbbells back down slowly to the starting position."",""Repeat for the recommended amount of repetitions.""}","{Front_Two-Dumbbell_Raise/0.jpg,Front_Two-Dumbbell_Raise/1.jpg}",,"",true,,
200,Front Squats With Two Kettlebells,compound,kettlebells,quadriceps,"{calves,glutes}",false,"{""Clean two kettlebells to your shoulders. Clean the kettlebells to your shoulders by extending through the legs and hips as you pull the kettlebells towards your shoulders. Rotate your wrists as you do so."",""Looking straight ahead at all times, squat as low as you can and pause at the bottom. As you squat down, push your knees out. You should squat between your legs, keeping an upright torso, with your head and chest up."",""Rise back up by driving through your heels and repeat.""}","{Front_Squats_With_Two_Kettlebells/0.jpg,Front_Squats_With_Two_Kettlebells/1.jpg}",2,"8-12",false,false,false
204,Gironda Sternum Chins,compound,other,lats,"{biceps,""middle back""}",false,"{""Grasp the pull-up bar with a shoulder width underhand grip."",""Now hang with your arms fully extended and stick your chest out and lean back. Tip: You will be leaning back throughout the entire movement. This will be your starting position."",""Start pulling yourself towards the bar with your spine arched throughout the movement and your head leaning back as far away from the bar as possible. Exhale as you perform this portion of the movement. Tip: At the upper end of the movement, your hips and legs will be at about a 45-degree angle to the floor."",""Keep pulling until your collarbone passes the bar and your lower chest or sternum area touches it. Hold that contraction for a second. Tip: By the time you've completed this portion of the movement; your head will be parallel to the floor."",""Slowly start going back to the starting position as you inhale."",""Repeat for the recommended amount of repetitions.""}","{Gironda_Sternum_Chins/0.jpg,Gironda_Sternum_Chins/1.jpg}",,"",true,,
207,Gorilla Chin/Crunch,compound,body only,abdominals,"{biceps,lats}",false,"{""Hang from a chin-up bar using an underhand grip (palms facing you) that is slightly wider than shoulder width."",""Now bend your knees at a 90 degree angle so that the calves are parallel to the floor while the thighs remain perpendicular to it. This will be your starting position."",""As you exhale, pull yourself up while crunching your knees up at the same time until your knees are at chest level. You will stop going up as soon as your nose is at the same level as the bar. Tip: When you get to this point you should also be finishing the crunch at the same time."",""Slowly start to inhale as you return to the starting position."",""Repeat for the recommended amount of repetitions.""}","{Gorilla_Chin_Crunch/0.jpg,Gorilla_Chin_Crunch/1.jpg}",,"",true,,
210,Hammer Grip Incline DB Bench Press,compound,dumbbell,chest,"{shoulders,triceps}",true,"{""Lie back on an incline bench with a dumbbell on each hand on top of your thighs. The palms of your hand will be facing each other."",""By using your thighs to help you get the dumbbells up, clean the dumbbells one arm at a time so that you can hold them at shoulder width."",""Once at shoulder width, keep the palms of your hands with a neutral grip (palms facing each other). Keep your elbows flared out with the upper arms in line with the shoulders (perpendicular to the torso) and the elbows bent creating a 90-degree angle between the upper arm and the forearm. This will be your starting position."",""Now bring down the weights slowly to your side as you breathe in. Keep full control of the dumbbells at all times."",""As you breathe out, push the dumbbells up using your pectoral muscles. Lock your arms in the contracted position, hold for a second and then start coming down slowly. Tip: It should take at least twice as long to go down than to come up."",""Repeat the movement for the prescribed amount of repetitions."",""When you are done, place the dumbbells back in your thighs and then on the floor. This is the safest manner to dispose of the dumbbells.""}","{Hammer_Grip_Incline_DB_Bench_Press/0.jpg,Hammer_Grip_Incline_DB_Bench_Press/1.jpg}",,"",true,,
213,Hip Flexion with Band,compound,bands,quadriceps,{},true,"{""Secure one end of the band to the lower portion of a post and attach the other to one ankle."",""Face away from the attachment point of the band."",""Keeping your head and your chest up, raise your knee up to 90 degrees and pause."",""Return the leg to the starting position.""}","{Hip_Flexion_with_Band/0.jpg,Hip_Flexion_with_Band/1.jpg}",,"",true,,
215,Hyperextensions With No Hyperextension Bench,compound,body only,lower back,"{glutes,hamstrings}",false,"{""With someone holding down your legs, slide yourself down to the edge a flat bench until your hips hang off the end of the bench. Tip: Your entire upper body should be hanging down towards the floor. Also, you will be in the same position as if you were on a hyperextension bench but the range of motion will be shorter due to the height of the flat bench vs. that of the hyperextension bench."",""With your body straight, cross your arms in front of you (my preference) or behind your head. This will be your starting position. Tip: You can also hold a weight plate for extra resistance in front of you under your crossed arms."",""Start bending forward slowly at the waist as far as you can while keeping your back flat. Inhale as you perform this movement. Keep moving forward until you almost touch the floor or you feel a nice stretch on the hamstrings (whichever comes first). Tip: Never round the back as you perform this exercise."",""Slowly raise your torso back to the initial position as you exhale. Tip: Avoid the temptation to arch your back past a straight line. Also, do not swing the torso at any time in order to protect the back from injury."",""Repeat for the recommended amount of repetitions.""}","{Hyperextensions_With_No_Hyperextension_Bench/0.jpg,Hyperextensions_With_No_Hyperextension_Bench/1.jpg}",,"",true,,
211,High Cable Curls,compound,cable,biceps,{},false,"{""Stand between a couple of high pulleys and grab a handle in each arm. Position your upper arms in a way that they are parallel to the floor with the palms of your hands facing you. This will be your starting position."",""Curl the handles towards you until they are next to your ears. Make sure that as you do so you flex your biceps and exhale. The upper arms should remain stationary and only the forearms should move. Hold for a second in the contracted position as you squeeze the biceps."",""Slowly bring back the arms to the starting position."",""Repeat for the recommended amount of repetitions.""}","{High_Cable_Curls/0.jpg,High_Cable_Curls/1.jpg}",2,"8-12",false,false,false
212,Hip Extension with Bands,compound,bands,glutes,{hamstrings},true,"{""Secure one end of the band to the lower portion of a post and attach the other to one ankle."",""Facing the attachment point of the band, hold on to the column to stabilize yourself."",""Keeping your head and your chest up, move the resisted leg back as far as you can while keeping the knee straight."",""Return the leg to the starting position.""}","{Hip_Extension_with_Bands/0.jpg,Hip_Extension_with_Bands/1.jpg}",2,"12-20",false,false,false
228,Incline Push-Up Close-Grip,compound,body only,triceps,"{chest,shoulders}",true,"{""Stand facing a Smith machine bar or sturdy elevated platform at an appropriate height."",""Place your hands next to one another on the bar."",""Position your feet back from the bar with arms and body straight. This will be your starting position."",""Keeping your body straight, lower your chest to the bar by bending the arms."",""Return to the starting position by extending the elbows, pressing yourself back up.""}","{Incline_Push-Up_Close-Grip/0.jpg,Incline_Push-Up_Close-Grip/1.jpg}",1,"8-12",false,false,false
217,Incline Bench Pull,isolation,barbell,middle back,"{lats,shoulders}",true,"{""Grab a dumbbell in each hand and lie face down on an incline bench that is set to an incline that is approximately 30 degrees."",""Let the arms hang to your sides fully extended as they point to the floor."",""Turn the wrists until your hands have a pronated (palms down) grip."",""Now flare the elbows out. This will be your starting position."",""As you breathe out, start to pull the dumbbells up as if you are doing a reverse bench press. You will do this by bending at the elbows and bringing the upper arms up as you let the forearms hang. Continue this motion until the upper arms are at the same level as your back. Tip: The elbows will come out to the side and your upper arms and torso should make the letter \""T\"" at the top of the movement. Hold the contraction at the top for a second."",""Slowly go back down to the starting position as you breathe in."",""Repeat for the recommended amount of repetitions.""}","{Incline_Bench_Pull/0.jpg,Incline_Bench_Pull/1.jpg}",,"",true,,
220,Incline Dumbbell Bench With Palms Facing In,compound,dumbbell,chest,"{shoulders,triceps}",true,"{""Lie back on an incline bench with a dumbbell on each hand on top of your thighs. The palms of your hand will be facing each other."",""By using your thighs to help you get the dumbbells up, clean the dumbbells one arm at a time so that you can hold them at shoulder width."",""Once at shoulder width, keep the palms of your hands with a neutral grip (palms facing each other). Keep your elbows flared out with the upper arms in line with the shoulders (perpendicular to the torso) and the elbows bent creating a 90-degree angle between the upper arm and the forearm. This will be your starting position."",""Now bring down the weights slowly to your side as you breathe in. Keep full control of the dumbbells at all times."",""As you breathe out, push the dumbbells up using your pectoral muscles. Lock your arms in the contracted position, hold for a second and then start coming down slowly. Tip: It should take at least twice as long to go down than to come up."",""Repeat the movement for the prescribed amount of repetitions."",""When you are done, place the dumbbells back in your thighs and then on the floor. This is the safest manner to dispose of the dumbbells.""}","{Incline_Dumbbell_Bench_With_Palms_Facing_In/0.jpg,Incline_Dumbbell_Bench_With_Palms_Facing_In/1.jpg}",,"",true,,
216,Incline Barbell Triceps Extension,isolation,barbell,triceps,{forearms},false,"{""Hold a barbell with an overhand grip (palms down) that is a little closer together than shoulder width."",""Lie back on an incline bench set at any angle between 45-75-degrees."",""Bring the bar overhead with your arms extended and elbows in. The arms should be in line with the torso above the head. This will be your starting position."",""Now lower the bar in a semicircular motion behind your head until your forearms touch your biceps. Inhale as you perform this movement. Tip: Keep your upper arms stationary and close to your head at all times. Only the forearms should move."",""Return to the starting position as you breathe out and you contract the triceps. Hold the contraction for a second."",""Repeat for the recommended amount of repetitions.""}","{Incline_Barbell_Triceps_Extension/0.jpg,Incline_Barbell_Triceps_Extension/1.jpg}",2,"8-12",false,true,false
244,Kettlebell Dead Clean,compound,kettlebells,hamstrings,"{calves,glutes,""lower back"",quadriceps,traps}",false,"{""Place kettlebell between your feet. To get in the starting position, push your butt back and look straight ahead."",""Clean the kettlebell to your shoulder. Clean the kettlebell to your shoulders by extending through the legs and hips as you raise the kettlebell towards your shoulder. The wrist should rotate as you do so."",""Lower the kettlebell, keeping the hamstrings loaded by keeping your back straight and your butt out.""}","{Kettlebell_Dead_Clean/0.jpg,Kettlebell_Dead_Clean/1.jpg}",1,"6-10",false,false,false
223,Incline Dumbbell Flyes - With A Twist,compound,dumbbell,chest,{shoulders},true,"{""Hold a dumbbell in each hand and lie on an incline bench that is set to an incline angle of no more than 30 degrees."",""Extend your arms above you with a slight bend at the elbows."",""Now rotate the wrists so that the palms of your hands are facing you. Tip: The pinky fingers should be next to each other. This will be your starting position."",""As you breathe in, start to slowly lower the arms to the side while keeping the arms extended and while rotating the wrists until the palms of the hand are facing each other. Tip: At the end of the movement the arms will be by your side with the palms facing the ceiling."",""As you exhale start to bring the dumbbells back up to the starting position by reversing the motion and rotating the hands so that the pinky fingers are next to each other again. Tip: Keep in mind that the movement will only happen at the shoulder joint and at the wrist. There is no motion that happens at the elbow joint."",""Repeat for the recommended amount of repetitions.""}","{Incline_Dumbbell_Flyes_-_With_A_Twist/0.jpg,Incline_Dumbbell_Flyes_-_With_A_Twist/1.jpg}",,"",true,,
226,Incline Inner Biceps Curl,isolation,dumbbell,biceps,{},true,"{""Hold a dumbbell in each hand and lie back on an incline bench."",""The dumbbells should be at arm's length hanging at your sides and your palms should be facing out. This will be your starting position."",""Now as you exhale curl the weight outward and up while keeping your forearms in line with your side deltoids. Continue the curl until the dumbbells are at shoulder height and to the sides of your deltoids. Tip: The end of the movement should look similar to a double biceps pose."",""After a second contraction at the top of the movement, start to inhale and slowly lower the weights back to the starting position using the same path used to bring them up."",""Repeat for the recommended amount of repetitions.""}","{Incline_Inner_Biceps_Curl/0.jpg,Incline_Inner_Biceps_Curl/1.jpg}",,"",true,,
229,Incline Push-Up Medium,compound,body only,chest,"{abdominals,shoulders,triceps}",true,"{""Stand facing a Smith machine bar or sturdy elevated platform at an appropriate height."",""Place your hands on the bar, with your hands about shoulder width apart."",""Position your feet back from the bar with arms and body straight. This will be your starting position."",""Keeping your body straight, lower your chest to the bar by bending the arms."",""Return to the starting position by extending the elbows, pressing yourself back up.""}","{Incline_Push-Up_Medium/0.jpg,Incline_Push-Up_Medium/1.jpg}",,"",true,,
230,Incline Push-Up Reverse Grip,compound,body only,chest,"{abdominals,shoulders,triceps}",true,"{""Stand facing a Smith machine bar or sturdy elevated platform at an appropriate height."",""Place your hands on the bar palms up, with your hands about shoulder width apart."",""Position your feet back from the bar with arms and body straight. This will be your starting position."",""Keeping your body straight, lower your chest to the bar by bending the arms."",""Return to the starting position by extending the elbows, pressing yourself back up.""}","{Incline_Push-Up_Reverse_Grip/0.jpg,Incline_Push-Up_Reverse_Grip/1.jpg}",,"",true,,
231,Incline Push-Up Wide,compound,body only,chest,"{abdominals,shoulders,triceps}",true,"{""Stand facing a Smith machine bar or sturdy elevated platform at an appropriate height."",""Place your hands on the bar, with your hands wider than shoulder width."",""Position your feet back from the bar with arms and body straight. Your arms should be perpendicular to the body. This will be your starting position."",""Keeping your body straight, lower your chest to the bar by bending the arms."",""Return to the starting position by extending the elbows, pressing yourself back up.""}","{Incline_Push-Up_Wide/0.jpg,Incline_Push-Up_Wide/1.jpg}",,"",true,,
224,Incline Dumbbell Press,compound,dumbbell,chest,"{shoulders,triceps}",true,"{""Lie back on an incline bench with a dumbbell in each hand atop your thighs. The palms of your hands will be facing each other."",""Then, using your thighs to help push the dumbbells up, lift the dumbbells one at a time so that you can hold them at shoulder width."",""Once you have the dumbbells raised to shoulder width, rotate your wrists forward so that the palms of your hands are facing away from you. This will be your starting position."",""Be sure to keep full control of the dumbbells at all times. Then breathe out and push the dumbbells up with your chest."",""Lock your arms at the top, hold for a second, and then start slowly lowering the weight. Tip Ideally, lowering the weights should take about twice as long as raising them."",""Repeat the movement for the prescribed amount of repetitions."",""When you are done, place the dumbbells back on your thighs and then on the floor. This is the safest manner to release the dumbbells.""}","{Incline_Dumbbell_Press/0.jpg,Incline_Dumbbell_Press/1.jpg}",4,"8-12",false,true,false
233,Inverted Row,compound,,middle back,{lats},true,"{""Position a bar in a rack to about waist height. You can also use a smith machine."",""Take a wider than shoulder width grip on the bar and position yourself hanging underneath the bar. Your body should be straight with your heels on the ground with your arms fully extended. This will be your starting position."",""Begin by flexing the elbow, pulling your chest towards the bar. Retract your shoulder blades as you perform the movement."",""Pause at the top of the motion, and return yourself to the start position."",""Repeat for the desired number of repetitions.""}","{Inverted_Row/0.jpg,Inverted_Row/1.jpg}",,"",true,,
234,Inverted Row with Straps,compound,other,middle back,"{biceps,lats}",true,"{""Hang a rope or suspension straps from a rack or other stable object. Grasp the ends and position yourself in a supine position hanging from the ropes. Your body should be straight with your heels on the ground with your arms fully extended. This will be your starting position."",""Begin by flexing the elbow, pulling your chest to your hands. Retract your shoulder blades as you perform the movement."",""Pause at the top of the motion, and return yourself to the start position."",""Repeat for the desired number of repetitions.""}","{Inverted_Row_with_Straps/0.jpg,Inverted_Row_with_Straps/1.jpg}",,"",true,,
236,Isometric Neck Exercise - Front And Back,isolation,body only,neck,{},true,"{""With your head and neck in a neutral position (normal position with head erect facing forward), place both of your hands on the front side of your head."",""Now gently push forward as you contract the neck muscles but resisting any movement of your head. Start with slow tension and increase slowly. Keep breathing normally as you execute this contraction."",""Hold for the recommended number of seconds."",""Now release the tension slowly."",""Rest for the recommended amount of time and repeat with your hands placed on the back side of your head.""}","{Isometric_Neck_Exercise_-_Front_And_Back/0.jpg,Isometric_Neck_Exercise_-_Front_And_Back/1.jpg}",,"",true,,
237,Isometric Neck Exercise - Sides,isolation,body only,neck,{},true,"{""With your head and neck in a neutral position (normal position with head erect facing forward), place your left hand on the left side of your head."",""Now gently push towards the left as you contract the left neck muscles but resisting any movement of your head. Start with slow tension and increase slowly. Keep breathing normally as you execute this contraction."",""Hold for the recommended number of seconds."",""Now release the tension slowly."",""Rest for the recommended amount of time and repeat with your right hand placed on the right side of your head.""}","{Isometric_Neck_Exercise_-_Sides/0.jpg,Isometric_Neck_Exercise_-_Sides/1.jpg}",,"",true,,
238,Isometric Wipers,compound,body only,chest,"{abdominals,shoulders,triceps}",true,"{""Assume a push-up position, supporting your weight on your hands and toes while keeping your body straight. Your hands should be just outside of shoulder width. This will be your starting position."",""Begin by shifting your body weight as far to one side as possible, allowing the elbow on that side to flex as you lower your body."",""Reverse the motion by extending the flexed arm, pushing yourself up and then dropping to the other side."",""Repeat for the desired number of repetitions.""}","{Isometric_Wipers/0.jpg,Isometric_Wipers/1.jpg}",,"",true,,
251,Kettlebell Seesaw Press,compound,kettlebells,shoulders,{triceps},false,"{""Clean two kettlebells two your shoulders."",""Press one kettlebell."",""Lower the kettlebell and immediately press the other kettlebell. Make sure to do the same amount of reps on both sides.""}","{Kettlebell_Seesaw_Press/0.jpg,Kettlebell_Seesaw_Press/1.jpg}",,"",true,,
240,Janda Sit-Up,isolation,body only,abdominals,{},true,"{""Position your body on the floor in the basic sit-up position; knees to a ninety degree angle with feet flat on the floor and arms either crossed over your chest or to the sides. This will be your starting position."",""As you strongly tighten your glutes and hamstrings, fill your lungs with air and in a slow (three to six second count) ascent, slowly exhale. Tip: It is important to tighten the glutes and hamstrings as this will cause the hip flexors to be inactivated in a process called reciprocal inhibition, which basically means that opposite muscles to the contracted ones will relax."",""As you inhale, slowly go back in a controlled manner to the starting position."",""Repeat for the recommended amount of repetitions.""}","{Janda_Sit-Up/0.jpg,Janda_Sit-Up/1.jpg}",,"",true,,
239,Jackknife Sit-Up,compound,body only,abdominals,{},true,"{""Lie flat on the floor (or exercise mat) on your back with your arms extended straight back behind your head and your legs extended also. This will be your starting position."",""As you exhale, bend at the waist while simultaneously raising your legs and arms to meet in a jackknife position. Tip: The legs should be extended and lifted at approximately a 35-45 degree angle from the floor and the arms should be extended and parallel to your legs. The upper torso should be off the floor."",""While inhaling, lower your arms and legs back to the starting position."",""Repeat for the recommended amount of repetitions.""}","{Jackknife_Sit-Up/0.jpg,Jackknife_Sit-Up/1.jpg}",1,"8-12",false,false,false
248,Kettlebell Pass Between The Legs,compound,kettlebells,abdominals,"{glutes,hamstrings,shoulders}",false,"{""Place one kettlebell between your legs and take a comfortable stance. Bend over by pushing your butt out and keeping your back flat."",""Pick up a kettlebell and pass it to your other hand between your legs, in the fashion of a \""W\"". Go back and forth for several repetitions.""}","{Kettlebell_Pass_Between_The_Legs/0.jpg,Kettlebell_Pass_Between_The_Legs/1.jpg}",,"",true,,
249,Kettlebell Pirate Ships,compound,kettlebells,shoulders,{abdominals},true,"{""With a wide stance, hold a kettlebell with both hands. Allow it to hang at waist level with your arms extended. This will be your starting position."",""Initiate the movement by turning to one side, swinging the kettlebell to head height. Briefly pause at the top of the motion."",""Allow the bell to drop as you rotate to the opposite side, again raising the kettlebell to head height."",""Repeat for the desired amount of repetitions.""}","{Kettlebell_Pirate_Ships/0.jpg,Kettlebell_Pirate_Ships/1.jpg}",,"",true,,
252,Kettlebell Sumo High Pull,compound,kettlebells,traps,"{adductors,glutes,hamstrings,quadriceps,shoulders}",false,"{""Place a kettlebell on the ground between your feet. Position your feet in a wide stance, and grasp the kettlebell with two hands. Set your hips back as far as possible, with your knees bent. Keep your chest and head up. This will be your starting position."",""Begin by extending the hips and knees, simultaneously pulling the kettlebell to your shoulders, raising your elbows as you do so. Reverse the motion to return to the starting position.""}","{Kettlebell_Sumo_High_Pull/0.jpg,Kettlebell_Sumo_High_Pull/1.jpg}",,"",true,,
253,Kettlebell Thruster,compound,kettlebells,shoulders,"{quadriceps,triceps}",false,"{""Clean two kettlebells to your shoulders. Clean the kettlebells to your shoulders by extending through the legs and hips as you pull the kettlebells towards your shoulders. Rotate your wrists as you do so. This will be your starting position."",""Begin to squat by flexing your hips and knees, lowering your hips between your legs. Maintain an upright, straight back as you descend as low as you can."",""At the bottom, reverse direction and squat by extending your knees and hips, driving through your heels. As you do so, press both kettlebells overhead by extending your arms straight up, using the momentum from the squat to help drive the weights upward."",""As you begin the next repetition, return the weights to the shoulders.""}","{Kettlebell_Thruster/0.jpg,Kettlebell_Thruster/1.jpg}",,"",true,,
246,Kettlebell Hang Clean,compound,kettlebells,hamstrings,"{calves,glutes,""lower back"",shoulders,traps}",false,"{""Place kettlebell between your feet. To get in the starting position, push your butt back and look straight ahead."",""Clean kettlebell to your shoulder. Clean the kettlebell to your shoulders by extending through the legs and hips as you raise the kettlebell towards your shoulder. The wrist should rotate as you do so."",""Lower kettlebell to a hanging position between your legs while keeping the hamstrings loaded. Keep your head up at all times.""}","{Kettlebell_Hang_Clean/0.jpg,Kettlebell_Hang_Clean/1.jpg}",1,"6-10",false,false,false
254,Kettlebell Turkish Get-Up (Lunge style),compound,kettlebells,shoulders,"{abdominals,hamstrings,quadriceps,triceps}",false,"{""Lie on your back on the floor and press a kettlebell to the top position by extending the elbow. Bend the knee on the same side as the kettlebell."",""Keeping the kettlebell locked out at all times, pivot to the opposite side and use your non- working arm to assist you in driving forward to the lunge position. Using your free hand, push yourself to a seated position, then progressing to one knee."",""While looking up at the kettlebell, slowly stand up. Reverse the motion back to the starting position and repeat.""}","{Kettlebell_Turkish_Get-Up_Lunge_style/0.jpg,Kettlebell_Turkish_Get-Up_Lunge_style/1.jpg}",,"",true,,
255,Kettlebell Turkish Get-Up (Squat style),compound,kettlebells,shoulders,"{abdominals,calves,hamstrings,quadriceps,triceps}",false,"{""Lie on your back on the floor and press a kettlebell to the top position by extending the elbow. Bend the knee on the same side as the kettlebell."",""Keeping the kettlebell locked out at all times, pivot to the opposite side and use your non- working arm to assist you in driving forward to the lunge position."",""Using your free hand, push yourself to a seated position, then progressing to your feet. While looking up at the kettlebell, slowly stand up. Reverse the motion back to the starting position and repeat.""}","{Kettlebell_Turkish_Get-Up_Squat_style/0.jpg,Kettlebell_Turkish_Get-Up_Squat_style/1.jpg}",,"",true,,
264,Landmine Linear Jammer,compound,barbell,shoulders,"{abdominals,calves,chest,hamstrings,quadriceps,triceps}",false,"{""Position a bar into landmine or, lacking one, securely anchor it in a corner. Load the bar to an appropriate weight and position the handle attachment on the bar."",""Raise the bar from the floor, taking the handles to your shoulders. This will be your starting position."",""In an athletic stance, squat by flexing your hips and setting your hips back, keeping your arms flexed."",""Reverse the motion by powerfully extending through the hips, knees, and ankles, while also extending the elbows to straighten the arms. This movement should be done explosively, coming out of the squat to full extension as powerfully as possible."",""Return to the starting position.""}","{Landmine_Linear_Jammer/0.jpg,Landmine_Linear_Jammer/1.jpg}",,"",true,,
256,Kettlebell Windmill,compound,kettlebells,abdominals,"{glutes,hamstrings,shoulders,triceps}",false,"{""Place a kettlebell in front of your lead foot and clean and press it overhead with your opposite arm. Clean the kettlebell to your shoulder by extending through the legs and hips as you pull the kettlebell towards your shoulders. Rotate your wrist as you do so, so that the palm faces forward. Press it overhead by extending the elbow."",""Keeping the kettlebell locked out at all times, push your butt out in the direction of the locked out kettlebell. Turn your feet out at a forty-five degree angle from the arm with the locked out kettlebell. Bending at the hip to one side, sticking your butt out, slowly lean until you can touch the floor with your free hand. Keep your eyes on the kettlebell that you hold over your head at all times."",""Pause for a second after reaching the ground and reverse the motion back to the starting position.""}","{Kettlebell_Windmill/0.jpg,Kettlebell_Windmill/1.jpg}",,"",true,,
257,Kipping Muscle Up,compound,other,lats,"{abdominals,biceps,forearms,""middle back"",shoulders,traps,triceps}",false,"{""Grip the rings using a false grip, with the base of your palms on top of the rings."",""Begin with a movement swinging your legs backward slightly."",""Counter that movement by swinging your legs forward and up, jerking your chin and chest back, pulling yourself up with both arms as you do so. As you reach the top position of the pull-up, pull the rings to your armpits as you roll your shoulders forward, allowing your elbows to move straight back behind you. This puts you into the proper position to continue into the dip portion of the movement."",""Maintaining control and stability, extend through the elbow to complete the motion."",""Use care when lowering yourself to the ground.""}","{Kipping_Muscle_Up/0.jpg,Kipping_Muscle_Up/1.jpg}",,"",true,,
258,Kneeling Cable Crunch With Alternating Oblique Twists,isolation,cable,abdominals,{},true,"{""Connect a rope attachment to a high pulley cable and position a mat on the floor in front of it."",""Grab the rope with both hands and kneel approximately two feet back from the tower."",""Position the rope behind your head with your hands by your ears."",""Keep your hands in the same place, contract your abs and pull downward on the rope in a crunching movement until your elbows reach your knees."",""Pause briefly at the bottom and rise up in a slow and controlled manner until you reach the starting position."",""Repeat the same downward movement until you're halfway down, at which time you'll begin rotating one of your elbows to the opposite knee."",""Again, pause briefly at the bottom and rise up in a slow and controlled manner until you reach the starting position."",""Repeat the same movement as before, but alternate the other elbow to the opposite knee."",""Continue this series of movements to failure.""}","{Kneeling_Cable_Crunch_With_Alternating_Oblique_Twists/0.jpg,Kneeling_Cable_Crunch_With_Alternating_Oblique_Twists/1.jpg}",,"",true,,
259,Kneeling Cable Triceps Extension,isolation,cable,triceps,{},false,"{""Place a bench sideways in front of a high pulley machine."",""Hold a straight bar attachment above your head with your hands about 6 inches apart with your palms facing down."",""Face away from the machine and kneel."",""Place your head and the back of your upper arms on the bench. Your elbows should be bent with the forearms pointing towards the high pulley. This will be your starting position."",""While keeping your upper arms close to your head at all times with the elbows in, press the bar out in a semicircular motion until the elbows are locked and your arms are parallel to the floor. Contract the triceps hard and keep this position for a second. Exhale as you perform this movement."",""Slowly return to the starting position as you breathe in."",""Repeat for the recommended amount of repetitions.""}","{Kneeling_Cable_Triceps_Extension/0.jpg,Kneeling_Cable_Triceps_Extension/1.jpg}",,"",true,,
260,Kneeling High Pulley Row,compound,cable,lats,"{biceps,""middle back""}",true,"{""Select the appropriate weight using a pulley that is above your head. Attach a rope to the cable and kneel a couple of feet away, holding the rope out in front of you with both arms extended. This will be your starting position."",""Initiate the movement by flexing the elbows and fully retracting your shoulders, pulling the rope toward your upper chest with your elbows out."",""After pausing briefly, slowly return to the starting position.""}","{Kneeling_High_Pulley_Row/0.jpg,Kneeling_High_Pulley_Row/1.jpg}",,"",true,,
261,Kneeling Single-Arm High Pulley Row,compound,cable,lats,"{biceps,""middle back""}",true,"{""Attach a single handle to a high pulley and make your weight selection."",""Kneel in front of the cable tower, taking the cable with one hand with your arm extended. This will be your starting position."",""Starting with your palm facing forward, pull the weight down to your torso by flexing the elbow and retract the shoulder blade. As you do so, rotate the wrist so that at the completion of the movement, your palm is now facing you."",""After a brief pause, return to the starting position.""}","{Kneeling_Single-Arm_High_Pulley_Row/0.jpg,Kneeling_Single-Arm_High_Pulley_Row/1.jpg}",,"",true,,
268,Leg Lift,isolation,body only,glutes,{hamstrings},true,"{""While standing up straight with both feet next to each other at around shoulder width, grab a sturdy surface such as the sides of a squat rack or the top of a chair to brace yourself and keep balance."",""With or without an ankle weight, lift one leg behind you as if performing a leg curl but standing up while keeping the other leg straight. Breathe out as you perform this movement."",""Slowly bring the raised leg back to the floor as you breathe in."",""Repeat for the recommended amount of repetitions."",""Repeat the movement with the opposite leg.""}","{Leg_Lift/0.jpg,Leg_Lift/1.jpg}",,"",true,,
262,Knee/Hip Raise On Parallel Bars,isolation,other,abdominals,{},true,"{""Position your body on the vertical leg raise bench so that your forearms are resting on the pads next to the torso and holding on to the handles. Your arms will be bent at a 90 degree angle."",""The torso should be straight with the lower back pressed against the pad of the machine and the legs extended pointing towards the floor. This will be your starting position."",""Now as you breathe out, lift your legs up as you keep them extended. Continue this movement until your legs are roughly parallel to the floor and then hold the contraction for a second. Tip: Do not use any momentum or swinging as you perform this exercise."",""Slowly go back to the starting position as you breathe in."",""Repeat for the recommended amount of repetitions.""}","{Knee_Hip_Raise_On_Parallel_Bars/0.jpg,Knee_Hip_Raise_On_Parallel_Bars/1.jpg}",,,true,,
263,Landmine 180's,compound,barbell,abdominals,"{glutes,""lower back"",shoulders}",true,"{""Position a bar into a landmine or securely anchor it in a corner. Load the bar to an appropriate weight."",""Raise the bar from the floor, taking it to shoulder height with both hands with your arms extended in front of you. Adopt a wide stance. This will be your starting position."",""Perform the movement by rotating the trunk and hips as you swing the weight all the way down to one side. Keep your arms extended throughout the exercise."",""Reverse the motion to swing the weight all the way to the opposite side."",""Continue alternating the movement until the set is complete.""}","{Landmine_180s/0.jpg,Landmine_180s/1.jpg}",1,"10-15",false,false,false
266,Leg-Over Floor Press,compound,kettlebells,chest,"{shoulders,triceps}",false,"{""Lie on the floor with one kettlebell in place on your chest, holding it by the handle. Extend leg on working side over leg on non-working side.Your free arm can be extended out to your side for support."",""Press the kettlebll into a locked out position."",""Lower the weight until the elbow touches the ground, keeping the kettlebell above the elbow. Repeat for the desired number of repetitions.""}","{Leg-Over_Floor_Press/0.jpg,Leg-Over_Floor_Press/1.jpg}",1,"8-12",false,false,false
307,Monster Walk,compound,bands,abductors,{},true,"{""Place a band around both ankles and another around both knees. There should be enough tension that they are tight when your feet are shoulder width apart."",""To begin, take short steps forward alternating your left and right foot."",""After several steps, do just the opposite and walk backward to where you started.""}","{Monster_Walk/0.jpg,Monster_Walk/1.jpg}",2,"8-12",false,false,false
273,Leverage Decline Chest Press,compound,machine,chest,"{shoulders,triceps}",true,"{""Load an appropriate weight onto the pins and adjust the seat for your height. The handles should be near the bottom of the pectorals at the beginning of the motion. Your chest and head should be up and your shoulder blades retracted. This will be your starting position."",""Press the handles forward by extending through the elbow."",""After a brief pause at the top, return the weight just above the start position, keeping tension on the muscles by not returning the weight to the stops until the set is complete.""}","{Leverage_Decline_Chest_Press/0.jpg,Leverage_Decline_Chest_Press/1.jpg}",,"",true,,
275,Leverage Incline Chest Press,compound,machine,chest,"{shoulders,triceps}",true,"{""Load an appropriate weight onto the pins and adjust the seat for your height. The handles should be near the top of the pectorals at the beginning of the motion. Your chest and head should be up and your shoulder blades retracted. This will be your starting position."",""Press the handles forward by extending through the elbow."",""After a brief pause at the top, return the weight just above the start position, keeping tension on the muscles by not returning the weight to the stops until the set is complete.""}","{Leverage_Incline_Chest_Press/0.jpg,Leverage_Incline_Chest_Press/1.jpg}",,"",true,,
278,Leverage Shrug,isolation,machine,traps,{forearms},true,"{""Load the pins to an appropriate weight. Position yourself directly between the handles."",""Grasp the top handles with a comfortable grip, and then lower your hips as you take a breath. Look forward with your head and keep your chest up."",""Drive through the floor with your heels, extending your hips and knees as you rise to a standing position. Keep your arms straight throughout the movement, finishing with your shoulders back. This will be your starting position."",""Raise the weight by shrugging the shoulders towards your ears, moving straight up and down."",""Pause at the top of the motion, and then return the weight to the starting position.""}","{Leverage_Shrug/0.jpg,Leverage_Shrug/1.jpg}",,"",true,,
270,Leg Pull-In,compound,body only,abdominals,{},true,"{""Lie on an exercise mat with your legs extended and your hands either palms facing down next to you or under your glutes. Tip: My preference is with the hands next to me. This will be your starting position."",""Bend your knees and pull your upper thighs into your midsection as you breathe out. Continue the motion until your knees are around chest level. Contract your abs as you execute this movement and hold for a second at the top. Tip: As you perform the motion, the lower legs (calves) should always remain parallel to the floor."",""Return to the starting position as you inhale."",""Repeat for the recommended amount of repetitions.""}","{Leg_Pull-In/0.jpg,Leg_Pull-In/1.jpg}",2,"10-15",false,false,false
279,London Bridges,compound,other,lats,"{biceps,forearms,""middle back""}",false,"{""Attach a climbing rope to a high beam or cross member. Below it, ensure that the smith machine bar is locked in place with the safeties and cannot move. Alternatively, a secure box could also be utilized."",""Stand on the bar, using the rope to balance yourself. This will be your starting position."",""Keeping your body straight, lean back and lower your body by slowly going hand over hand with the rope. Continue until you are perpendicular to the ground."",""Keeping your body straight, reverse the motion, going hand over hand back to the starting position.""}","{London_Bridges/0.jpg,London_Bridges/1.jpg}",,"",true,,
281,Low Cable Triceps Extension,isolation,cable,triceps,{},true,"{""Select the desired weight and lay down face up on the bench of a seated row machine that has a rope attached to it. Your head should be pointing towards the attachment."",""Grab the outside of the rope ends with your palms facing each other (neutral grip)."",""Position your elbows so that they are bent at a 90 degree angle and your upper arms are perpendicular (90 degree angle) to your torso. Tip: Keep the elbows in and make sure that the upper arms point to the ceiling while your forearms point towards the pulley above your head. This will be your starting position."",""As you breathe out, extend your lower arms until they are straight and vertical. The upper arms and elbows remain stationary throughout the movement. Only the forearms should move. Contract the triceps hard for a second."",""As you breathe in slowly return to the starting position."",""Repeat for the recommended amount of repetitions.""}","{Low_Cable_Triceps_Extension/0.jpg,Low_Cable_Triceps_Extension/1.jpg}",,"",true,,
282,Low Pulley Row To Neck,compound,cable,shoulders,"{biceps,""middle back"",traps}",true,"{""Sit on a low pulley row machine with a rope attachment."",""Grab the ends of the rope using a palms-down grip and sit with your back straight and your knees slightly bent. Tip: Keep your back almost completely vertical and your arms fully extended in front of you. This will be your starting position."",""While keeping your torso stationary, lift your elbows and start bending them as you pull the rope towards your neck while exhaling. Throughout the movement your upper arms should remain parallel to the floor. Tip: Continue this motion until your hands are almost next to your ears (the forearms will not be parallel to the floor at the end of the movement as they will be angled a bit upwards) and your elbows are out away from your sides."",""After holding for a second or so at the contracted position, come back slowly to the starting position as you inhale. Tip: Again, during no part of the movement should the torso move."",""Repeat for the recommended amount of repetitions.""}","{Low_Pulley_Row_To_Neck/0.jpg,Low_Pulley_Row_To_Neck/1.jpg}",,"",true,,
284,Lunge Sprint,compound,machine,quadriceps,"{calves,glutes,hamstrings}",false,"{""Adjust a bar in a Smith machine to an appropriate height. Position yourself under the bar, racking it across the back of your shoulders. Unrack the bar, and then split your feet, moving one foot forward and one foot back. This will be your starting position."",""Lower your back knee nearly to the ground, flexing the knees and lowering your hips as you do so."",""At the bottom of the descent, immediately reverse direction. Explosively drive through the heel of your front foot with light pressure from your back foot. Jump up and reverse the position of your legs."",""Repeat for the recommended amount of repetitions.""}","{Lunge_Sprint/0.jpg,Lunge_Sprint/1.jpg}",,"",true,,
388,Rope Straight-Arm Pulldown,isolation,cable,lats,{},true,"{""Attach a rope to a high pulley and make your weight selection. Stand a couple feet back from the pulley with your feet staggered and take the rope with both hands. Lean forward from the hip, keeping your back straight, with your arms extended up in front of you. This will be your starting position."",""Keeping your arms straight, extend the shoulder to pull the rope down to your thighs."",""Pause at the bottom of the motion, squeezing your lats."",""Return to the starting position without allowing the weight to fully rest on the stack.""}","{Rope_Straight-Arm_Pulldown/0.jpg,Rope_Straight-Arm_Pulldown/1.jpg}",,"",true,,
283,Lunge Pass Through,compound,kettlebells,hamstrings,"{calves,glutes,quadriceps}",false,"{""Stand with your torso upright holding a kettlebell in your right hand. This will be your starting position."",""Step forward with your left foot and lower your upper body down by flexing the hip and the knee, keeping the torso upright. Lower your back knee until it nearly touches the ground."",""As you lunge, pass the kettlebell under your front leg to your opposite hand."",""Pressing through the heel of your foot, return to the starting position."",""Repeat the movement for the recommended amount of repetitions, alternating legs.""}","{Lunge_Pass_Through/0.jpg,Lunge_Pass_Through/1.jpg}",1,"8-12",false,false,false
286,Lying Cambered Barbell Row,isolation,barbell,middle back,"{biceps,lats,traps}",true,"{""Place a cambered bar underneath an exercise bench."",""Lie face down on the exercise bench and grab the bar using a palms down (pronated grip) that is wider than shoulder width. This will be your starting position."",""As you exhale row the bar up as you keep the elbows close to your body to either your chest, in order to target the upper mid back, or to your stomach if targeting the lats is your goal."",""After a second hold at the top, lower back down to the starting position slowly as you inhale.""}","{Lying_Cambered_Barbell_Row/0.jpg,Lying_Cambered_Barbell_Row/1.jpg}",,"",true,,
287,Lying Close-Grip Barbell Triceps Extension Behind The Head,isolation,barbell,triceps,{},false,"{""While holding a barbell or EZ Curl bar with a pronated grip (palms facing forward), lie on your back on a flat bench with your head close to the end of the bench. Tip: If you are holding a barbell grab it using a shoulder-width grip and if you are using an E-Z Bar grab it on the inner handles."",""Extend your arms in front of you and slowly bring the bar back in a semi circular motion (while keeping the arms extended) to a position over your head. At the end of this step your arms should be overhead and parallel to the floor. This will be your starting position. Tip: Keep your elbows in at all times."",""As you inhale, lower the bar by bending at the elbows and while keeping the upper arm stationary. Keep lowering the bar until your forearms are perpendicular to the floor."",""As you exhale bring the bar back up to the starting position by pushing the bar up in a semi-circular motion until the lower arms are also parallel to the floor. Contract the triceps hard at the top of the movement for a second. Tip: Again, only the forearms should move. The upper arms should remain stationary at all times."",""Repeat for the recommended amount of repetitions.""}","{Lying_Close-Grip_Barbell_Triceps_Extension_Behind_The_Head/0.jpg,Lying_Close-Grip_Barbell_Triceps_Extension_Behind_The_Head/1.jpg}",,"",true,,
288,Lying Close-Grip Barbell Triceps Press To Chin,isolation,e-z curl bar,triceps,{},false,"{""While holding a barbell or EZ Curl bar with a pronated grip (palms facing forward), lie on your back on a flat bench with your head off the end of the bench. Tip: If you are holding a barbell grab it using a shoulder-width grip and if you are using an E-Z Bar grab it on the inner handles."",""Extend your arms in front of you as you hold the barbell over your chest. The arms should be perpendicular to your torso (90-degree angle). This will be your starting position."",""As you inhale, lower the bar in a semi-circular motion by bending at the elbows and while keeping the upper arm stationary and elbows in. Keep lowering the bar until it lightly touches your chin."",""As you exhale bring the bar back up to the starting position by pushing the bar up in a semi-circular motion. Contract the triceps hard at the top of the movement for a second. Tip: Again, only the forearms should move. The upper arms should remain stationary at all times."",""Repeat for the recommended amount of repetitions.""}","{Lying_Close-Grip_Barbell_Triceps_Press_To_Chin/0.jpg,Lying_Close-Grip_Barbell_Triceps_Press_To_Chin/1.jpg}",,"",true,,
289,Lying Close-Grip Bar Curl On High Pulley,isolation,cable,biceps,{},true,"{""Place a flat bench in front of a high pulley or lat pulldown machine."",""Hold the straight bar attachment using an underhand grip (palms up) that is about shoulder width."",""Lie on your back with your head over the end of the bench."",""Now extend your arms straight above your shoulders. Your torso and your arms should make a 90-degree angle and the elbows should be in. This will be your starting position."",""As you breathe out, curl the bar down in a semicircular motion until it touches your chin. Squeeze the biceps for a second at the top contracted position. Tip: As you execute this motion only the forearms should move. At no time should the upper arms be moving at all. They are to remain perpendicular throughout the movement."",""Return to starting position slowly."",""Repeat for the recommended amount of repetitions.""}","{Lying_Close-Grip_Bar_Curl_On_High_Pulley/0.jpg,Lying_Close-Grip_Bar_Curl_On_High_Pulley/1.jpg}",,"",true,,
290,Lying Dumbbell Tricep Extension,isolation,dumbbell,triceps,"{chest,shoulders}",false,"{""Lie on a flat bench while holding two dumbbells directly in front of you. Your arms should be fully extended at a 90-degree angle from your torso and the floor. The palms should be facing in and the elbows should be tucked in. This is the starting position."",""As you breathe in and you keep the upper arms stationary with the elbows in, slowly lower the weight until the dumbbells are near your ears."",""At that point, while keeping the elbows in and the upper arms stationary, use the triceps to bring the weight back up to the starting position as you breathe out."",""Repeat for the recommended amount of repetitions.""}","{Lying_Dumbbell_Tricep_Extension/0.jpg,Lying_Dumbbell_Tricep_Extension/1.jpg}",,"",true,,
291,Lying Face Down Plate Neck Resistance,isolation,other,neck,{},false,"{""Lie face down with your whole body straight on a flat bench while holding a weight plate behind your head. Tip: You will need to position yourself so that your shoulders are slightly above the end of a flat bench in order for the upper chest, neck and face to be off the bench. This will be your starting position."",""While keeping the plate secure on the back of your head slowly lower your head (as in saying \""yes\"") as you breathe in."",""Raise your head back up to the starting position in a semi-circular motion as you breathe out. Hold the contraction for a second."",""Repeat for the recommended amount of repetitions.""}","{Lying_Face_Down_Plate_Neck_Resistance/0.jpg,Lying_Face_Down_Plate_Neck_Resistance/1.jpg}",,"",true,,
292,Lying Face Up Plate Neck Resistance,isolation,other,neck,{},false,"{""Lie face up with your whole body straight on a flat bench while holding a weight plate on top of your forehead. Tip: You will need to position yourself so that your shoulders are slightly above the end of a flat bench in order for the traps, neck and head to be off the bench. This will be your starting position."",""While keeping the plate secure on your forehead slowly lower your head back in a semi-circular motion as you breathe in."",""Raise your head back up to the starting position in a semi-circular motion as you breathe out. Hold the contraction for a second."",""Repeat for the recommended amount of repetitions.""}","{Lying_Face_Up_Plate_Neck_Resistance/0.jpg,Lying_Face_Up_Plate_Neck_Resistance/1.jpg}",,"",true,,
293,Lying High Bench Barbell Curl,isolation,barbell,biceps,{},false,"{""Lie face forward on a tall flat bench while holding a barbell with a supinated grip (palms facing up). Tip: If you are holding a barbell grab it using a shoulder-width grip and if you are using an E-Z Bar grab it on the inner handles. Your upper body should be positioned in a way that the upper chest is over the end of the bench and the barbell is hanging in front of you with the arms extended and perpendicular to the floor. This will be your starting position."",""While keeping the elbows in and the upper arms stationary, curl the weight up in a semi-circular motion as you contract the biceps and exhale. Hold at the top of the movement for a second."",""As you inhale, slowly go back to the starting position. Tip: Maintain full control of the weight at all times and avoid any swinging. Remember, only the forearms should move throughout the movement."",""Repeat for the recommended amount of repetitions.""}","{Lying_High_Bench_Barbell_Curl/0.jpg,Lying_High_Bench_Barbell_Curl/1.jpg}",,"",true,,
296,Lying One-Arm Lateral Raise,isolation,dumbbell,shoulders,{},false,"{""While holding a dumbbell in one hand, lay with your chest down on a flat bench. The other hand can be used to hold to the leg of the bench for stability."",""Position the palm of the hand that is holding the dumbbell in a neutral manner (palms facing your torso) as you keep the arm extended with the elbow slightly bent. This will be your starting position."",""Now raise the arm with the dumbbell to the side until your elbow is at shoulder height and your arm is roughly parallel to the floor as you exhale. Tip: Maintain your arm perpendicular to the torso while keeping your arm extended throughout the movement. Also, keep the contraction at the top for a second."",""Slowly lower the dumbbell to the starting position as you inhale."",""Repeat for the recommended amount of repetitions.""}","{Lying_One-Arm_Lateral_Raise/0.jpg,Lying_One-Arm_Lateral_Raise/1.jpg}",,"",true,,
297,Lying Rear Delt Raise,isolation,dumbbell,shoulders,{},false,"{""While holding a dumbbell in each hand, lay with your chest down on a flat bench."",""Position the palms of the hands in a neutral manner (palms facing your torso) as you keep the arms extended with the elbows slightly bent. This will be your starting position."",""Now raise the arms to the side until your elbows are at shoulder height and your arms are roughly parallel to the floor as you exhale. Tip: Maintain your arms perpendicular to the torso while keeping them extended throughout the movement. Also, keep the contraction at the top for a second."",""Slowly lower the dumbbells to the starting position as you inhale."",""Repeat for the recommended amount of repetitions and then switch to the other arm.""}","{Lying_Rear_Delt_Raise/0.jpg,Lying_Rear_Delt_Raise/1.jpg}",,"",true,,
1,"3/4 Sit-Up",compound,body only,abdominals,{},true,"{""Lie down on the floor and secure your feet. Your legs should be bent at the knees."",""Place your hands behind or to the side of your head. You will begin with your back on the ground. This will be your starting position."",""Flex your hips and spine to raise your torso toward your knees."",""At the top of the contraction your torso should be perpendicular to the ground. Reverse the motion, going only ¾ of the way down."",""Repeat for the recommended amount of repetitions.""}","{3_4_Sit-Up/0.jpg,3_4_Sit-Up/1.jpg}",2,"10-15",false,false,false
298,Lying Supine Dumbbell Curl,isolation,dumbbell,biceps,{},true,"{""Lie down on a flat bench face up while holding a dumbbell in each arm on top of your thighs."",""Bring the dumbbells to the sides with the arms extended and the palms of the hands facing your thighs (neutral grip)."",""While keeping the arms close to your torso and elbows in, slowly lower your arms (as you keep them extended with a slight bend at the elbows) as far down towards the floor as you can go. Once you cannot go down any further, lock your upper arms in that position and that will be your starting position."",""As you breathe out, slowly begin to curl the weights up as you simultaneously rotate your wrists so that the palms of the hands face up. Continue curling the weight until your biceps are fully contracted and squeeze hard at the top position for a second. Tip: Only the forearms should move. Upper arms should remain stationary and elbows should stay in throughout the movement."",""Return back to the starting position very slowly.""}","{Lying_Supine_Dumbbell_Curl/0.jpg,Lying_Supine_Dumbbell_Curl/1.jpg}",,"",true,,
300,Lying Triceps Press,isolation,e-z curl bar,triceps,{},false,"{""Lie on a flat bench with either an e-z bar (my preference) or a straight bar placed on the floor behind your head and your feet on the floor."",""Grab the bar behind you, using a medium overhand (pronated) grip, and raise the bar in front of you at arms length. Tip: The arms should be perpendicular to the torso and the floor. The elbows should be tucked in. This is the starting position."",""As you breathe in, slowly lower the weight until the bar lightly touches your forehead while keeping the upper arms and elbows stationary."",""At that point, use the triceps to bring the weight back up to the starting position as you breathe out."",""Repeat for the recommended amount of repetitions.""}","{Lying_Triceps_Press/0.jpg,Lying_Triceps_Press/1.jpg}",,"",true,,
304,Machine Shoulder (Military) Press,compound,machine,shoulders,{triceps},true,"{""Sit down on the Shoulder Press Machine and select the weight."",""Grab the handles to your sides as you keep the elbows bent and in line with your torso. This will be your starting position."",""Now lift the handles as you exhale and you extend the arms fully. At the top of the position make sure that you hold the contraction for a second."",""Lower the handles slowly back to the starting position as you inhale."",""Repeat for the recommended amount of repetitions.""}","{Machine_Shoulder_Military_Press/0.jpg,Machine_Shoulder_Military_Press/1.jpg}",,"",true,,
308,Muscle Up,compound,other,lats,"{abdominals,biceps,forearms,""middle back"",shoulders,traps,triceps}",false,"{""Grip the rings using a false grip, with the base of your palms on top of the rings. Initiate a pull up by pulling the elbows down to your side, flexing the elbows."",""As you reach the top position of the pull-up, pull the rings to your armpits as you roll your shoulders forward, allowing your elbows to move straight back behind you. This puts you into the proper position to continue into the dip portion of the movement."",""Maintaining control and stability, extend through the elbow to complete the motion."",""Use care when lowering yourself to the ground.""}","{Muscle_Up/0.jpg,Muscle_Up/1.jpg}",,"",true,,
309,Narrow Stance Hack Squats,compound,machine,quadriceps,"{calves,glutes,hamstrings}",false,"{""Place the back of your torso against the back pad of the machine and hook your shoulders under the shoulder pads provided."",""Position your legs in the platform using a less than shoulder width narrow stance with the toes slightly pointed out. Your feet should be around 3 inches or less apart. Tip: Keep your head up at all times and also maintain the back on the pad at all times."",""Place your arms on the side handles of the machine and disengage the safety bars (which on most designs is done by moving the side handles from a facing front position to a diagonal position)."",""Now straighten your legs without locking the knees. This will be your starting position."",""Begin to slowly lower the unit by bending the knees as you maintain a straight posture with the head up (back on the pad at all times). Continue down until the angle between the upper leg and the calves becomes slightly less than 90-degrees (which is the point in which the upper legs are below parallel to the floor). Inhale as you perform this portion of the movement."",""Begin to raise the unit as you exhale by pushing the floor with mainly with the heels of your feet as you straighten the legs again and go back to the starting position."",""Repeat for the recommended amount of repetitions.""}","{Narrow_Stance_Hack_Squats/0.jpg,Narrow_Stance_Hack_Squats/1.jpg}",,"",true,,
310,Narrow Stance Leg Press,compound,machine,quadriceps,"{calves,glutes,hamstrings}",false,"{""Using a leg press machine, sit down on the machine and place your legs on the platform directly in front of you at a less-than-shoulder-width narrow stance with the toes slightly pointed out. Your feet should be around 3 inches or less apart. Tip: Keep your head up at all times and also maintain the back on the pad at all times."",""Lower the safety bars holding the weighted platform in place and press the platform all the way up until your legs are fully extended in front of you. Tip: Make sure that you do not lock your knees. Your torso and the legs should make a perfect 90-degree angle. This will be your starting position."",""As you inhale, slowly lower the platform until your upper and lower legs make a 90-degree angle."",""Pushing mainly with the heels of your feet and using the quadriceps go back to the starting position as you exhale."",""Repeat for the recommended amount of repetitions and ensure to lock the safety pins properly once you are done. You do not want that platform falling on you fully loaded.""}","{Narrow_Stance_Leg_Press/0.jpg,Narrow_Stance_Leg_Press/1.jpg}",,"",true,,
311,Narrow Stance Squats,compound,barbell,quadriceps,"{calves,glutes,hamstrings,""lower back""}",false,"{""This exercise is best performed inside a squat rack for safety purposes. To begin, first set the bar on a rack that best matches your height. Once the correct height is chosen and the bar is loaded, step under the bar and place the back of your shoulders (slightly below the neck) across it."",""Hold on to the bar using both arms at each side and lift it off the rack by first pushing with your legs and at the same time straightening your torso."",""Step away from the rack and position your legs using a less-than-shoulder-width narrow stance with the toes slightly pointed out. Feet should be around 3-6 inches apart. Keep your head up at all times (looking down will get you off balance) and maintain a straight back. This will be your starting position. (Note: For the purposes of this discussion we will use the medium stance described above which targets overall development; however you can choose any of the three stances discussed in the foot stances section)."",""Begin to slowly lower the bar by bending the knees as you maintain a straight posture with the head up. Continue down until the angle between the upper leg and the calves becomes slightly less than 90-degrees (which is the point in which the upper legs are below parallel to the floor). Inhale as you perform this portion of the movement. Tip: If you performed the exercise correctly, the front of the knees should make an imaginary straight line with the toes that is perpendicular to the front. If your knees are past that imaginary line (if they are past your toes) then you are placing undue stress on the knee and the exercise has been performed incorrectly."",""Begin to raise the bar as you exhale by pushing the floor with the heel of your foot mainly as you straighten the legs again and go back to the starting position."",""Repeat for the recommended amount of repetitions.""}","{Narrow_Stance_Squats/0.jpg,Narrow_Stance_Squats/1.jpg}",,"",true,,
313,Neck Press,compound,barbell,chest,"{shoulders,triceps}",false,"{""Lie back on a flat bench. Using a medium-width grip (a grip that creates a 90-degree angle in the middle of the movement between the forearms and the upper arms), lift the bar from the rack and hold it straight over your neck with your arms locked. This will be your starting position."",""As you breathe in, come down slowly until you feel the bar on your neck."",""After a second pause, bring the bar back to the starting position as you breathe out and push the bar using your chest muscles. Lock your arms and squeeze your chest in the contracted position, hold for a second and then start coming down slowly again. Tip: It should take at least twice as long to go down than to come up)."",""Repeat the movement for the prescribed amount of repetitions."",""When you are done, place the bar back in the rack.""}","{Neck_Press/0.jpg,Neck_Press/1.jpg}",,"",true,,
365,Push-Ups With Feet On An Exercise Ball,compound,exercise ball,chest,"{shoulders,triceps}",false,"{""Lie on the floor face down and place your hands about 36 inches apart from each other holding your torso up at arms length."",""Place your toes on top of an exercise ball. This will allow your body to be elevated."",""Lower yourself until your chest almost touches the floor as you inhale."",""Using your pectoral muscles, press your upper body back up to the starting position and squeeze your chest. Breathe out as you perform this step."",""After a second pause at the contracted position, repeat the movement for the prescribed amount of repetitions.""}","{Push-Ups_With_Feet_On_An_Exercise_Ball/0.jpg,Push-Ups_With_Feet_On_An_Exercise_Ball/1.jpg}",,"",true,,
315,Oblique Crunches - On The Floor,isolation,body only,abdominals,{},true,"{""Start out by lying on your right side with your legs lying on top of each other. Make sure your knees are bent a little bit."",""Place your left hand behind your head."",""Once you are in this set position, begin by moving your left elbow up as you would perform a normal crunch except this time the main emphasis is on your obliques."",""Crunch as high as you can, hold the contraction for a second and then slowly drop back down into the starting position."",""Remember to breathe in during the eccentric (lowering) part of the exercise and to breathe out during the concentric (elevation) part of the exercise.""}","{Oblique_Crunches_-_On_The_Floor/0.jpg,Oblique_Crunches_-_On_The_Floor/1.jpg}",,"",true,,
317,One-Arm Flat Bench Dumbbell Flye,isolation,dumbbell,chest,{},true,"{""Lie down on a flat bench with a dumbbell in one hand resting on top of your thigh. The palm of your hand with the dumbbell in it should be at a neutral grip."",""By using your thighs to help you get the dumbbell up, clean the dumbbell so that you can hold it in front of you with your lifting arm being fully extended. Remember to maintain a neutral grip with this exercise. Your non lifting hand should be to the side holding the flat bench for better support. This will be your starting position."",""Your arm with the weight should have a slight bend on your elbow in order to prevent stress at the biceps tendon. Begin by lowering your arm with the weight in it out in a wide arc until you feel a stretch on your chest. Breathe in as you perform this portion of the movement. Tip: Keep in mind that throughout the movement, your lifting arm should remain stationary; the movement should only occur at the shoulder joint."",""Return your lifting arm back to the starting position as you squeeze your chest muscles and breathe out. Tip: Make sure to use the same arc of motion used to lower the weights."",""Hold for a second at the contracted position and repeat the movement for the prescribed amount of repetitions."",""Switch arms and repeat the exercise.""}","{One-Arm_Flat_Bench_Dumbbell_Flye/0.jpg,One-Arm_Flat_Bench_Dumbbell_Flye/1.jpg}",,"",true,,
318,One-Arm High-Pulley Cable Side Bends,isolation,cable,abdominals,{},true,"{""Connect a standard handle to a tower. Move cable to highest pulley position."",""Stand with side to cable. With one hand, reach up and grab handle with underhand grip."",""Pull down cable until elbow touches your side and the handle is by your shoulder."",""Position feet hip-width apart. Place free hand on hip to help gauge pivot point."",""Keep arm in static position. Contract oblique to bring the weight down in a side crunch."",""Once you reach maximum contraction, slowly release the weight to the starting position. The weight stack should never be unloaded in a resting position. The aim is constant tension during the set."",""Repeat to failure."",""Then, reposition and repeat the same series of movements on the opposite side.""}","{One-Arm_High-Pulley_Cable_Side_Bends/0.jpg,One-Arm_High-Pulley_Cable_Side_Bends/1.jpg}",,"",true,,
319,One-Arm Incline Lateral Raise,isolation,dumbbell,shoulders,{},true,"{""Lie down sideways on an incline bench press with a dumbbell in the hand. Make sure the shoulder is pressing against the incline bench and the arm is lying across your body with the palm around your navel."",""Hold a dumbbell in your uppermost arm while keeping it extended in front of you parallel to the floor. This is your starting position."",""While keeping the dumbbell parallel to the floor at all times, perform a lateral raise. Your arm should travel straight up until it is pointing at the ceiling. Tip: Exhale as you perform this movement. Hold the dumbbell in the position and feel the contraction in the shoulders for a second."",""While inhaling lower the weight across your body back into the starting position."",""Repeat the movement for the prescribed amount of repetitions."",""Switch arms and repeat the movement.""}","{One-Arm_Incline_Lateral_Raise/0.jpg,One-Arm_Incline_Lateral_Raise/1.jpg}",,"",true,,
320,One-Arm Kettlebell Clean,compound,kettlebells,hamstrings,"{glutes,""lower back"",shoulders,traps}",false,"{""Place a kettlebell between your feet. As you bend down to grab the kettlebell, push your butt back and keep your eyes looking forward."",""Clean the kettlebell to your shoulders by extending through the legs and hips as you raise the kettlebell towards your shoulder. The wrist should rotate as you do so."",""Return the weight to the starting position.""}","{One-Arm_Kettlebell_Clean/0.jpg,One-Arm_Kettlebell_Clean/1.jpg}",,"",true,,
321,One-Arm Kettlebell Clean and Jerk,compound,kettlebells,shoulders,{},false,"{""Hold a kettlebell by the handle."",""Clean the kettlebell to your shoulder by extending through the legs and hips as you pull the kettlebell towards your shoulder. Rotate your wrist as you do so, so that the palm faces forward."",""Dip your body by bending the knees, keeping your torso upright."",""Immediately reverse direction, driving through the heels, in essence jumping to create momentum. As you do so, press the kettlebell overhead to lockout by extending the arms, using your body's momentum to move the weight."",""Receive the weight overhead by returning to a squat position underneath the weight."",""Keeping the weight overhead, return to a standing position. Lower the weight to the floor to perform the next repetition.""}","{One-Arm_Kettlebell_Clean_and_Jerk/0.jpg,One-Arm_Kettlebell_Clean_and_Jerk/1.jpg}",,"",true,,
323,One-Arm Kettlebell Jerk,compound,kettlebells,shoulders,"{calves,quadriceps,triceps}",false,"{""Hold a kettlebell by the handle. Clean the kettlebell to your shoulder by extending through the legs and hips as you pull the kettlebell towards your shoulder. Rotate your wrist as you do so, so that the palm faces forward. This will be your starting position."",""Dip your body by bending the knees, keeping your torso upright."",""Immediately reverse direction, driving through the heels, in essence jumping to create momentum. As you do so, press the kettlebell overhead to lockout by extending the arms, using your body's momentum to move the weight. Receive the weight overhead by returning to a squat position underneath the weight. Keeping the weight overhead, return to a standing position."",""Lower the weight to perform the next repetition.""}","{One-Arm_Kettlebell_Jerk/0.jpg,One-Arm_Kettlebell_Jerk/1.jpg}",,"",true,,
324,One-Arm Kettlebell Military Press To The Side,compound,kettlebells,shoulders,{triceps},false,"{""Clean a kettlebell to your shoulder. Clean the kettlebell to your shoulder by extending through the legs and hips as you pull the kettlebell towards your shoulder. Rotate your wrist as you do so, so that the palm faces inward. This will be your starting position."",""Look at the kettlebell and press it up and out until it is locked out overhead."",""Lower the kettlebell back to your shoulder under control and repeat. Make sure to contract your lat, butt, and stomach forcefully for added stability and strength.""}","{One-Arm_Kettlebell_Military_Press_To_The_Side/0.jpg,One-Arm_Kettlebell_Military_Press_To_The_Side/1.jpg}",,"",true,,
325,One-Arm Kettlebell Para Press,compound,kettlebells,shoulders,{triceps},false,"{""Clean a kettlebell to your shoulder. Clean the kettlebell to your shoulder by extending through the legs and hips as you pull the kettlebell towards your shoulder. Rotate your wrist as you do so, so that the palm faces forward. This will be your starting position."",""Hold the kettlebell with the elbow out to the side, and press it up and out until it is locked out overhead."",""Lower the kettlebell back to your shoulder under control and repeat. Make sure to contract your lat, butt, and stomach forcefully for added stability and strength.""}","{One-Arm_Kettlebell_Para_Press/0.jpg,One-Arm_Kettlebell_Para_Press/1.jpg}",,"",true,,
326,One-Arm Kettlebell Push Press,compound,kettlebells,shoulders,"{calves,quadriceps,triceps}",false,"{""Hold a kettlebell by the handle. Clean the kettlebell to your shoulder by extending through the legs and hips as you pull the kettlebell towards your shoulder. Rotate your wrist as you do so, so that the palm faces forward. This will be your starting position."",""Dip your body by bending the knees, keeping your torso upright."",""Immediately reverse direction, driving through the heels, in essence jumping to create momentum. As you do so, press the kettlebell overhead to lockout by extending the arms, using your body's momentum to move the weight. Lower the weight to perform the next repetition.""}","{One-Arm_Kettlebell_Push_Press/0.jpg,One-Arm_Kettlebell_Push_Press/1.jpg}",,"",true,,
322,One-Arm Kettlebell Floor Press,compound,kettlebells,chest,{triceps},false,"{""Lie on the floor holding a kettlebell with one hand, with your upper arm supported by the floor. The palm should be facing in."",""Press the kettlebell straight up toward the ceiling, rotating your wrist."",""Lower the kettlebell back to the starting position and repeat.""}","{One-Arm_Kettlebell_Floor_Press/0.jpg,One-Arm_Kettlebell_Floor_Press/1.jpg}",1,"8-12",false,false,false
328,One-Arm Kettlebell Split Jerk,compound,kettlebells,shoulders,"{glutes,hamstrings,quadriceps,triceps}",false,"{""Hold a kettlebell by the handle. Clean the kettlebell to your shoulder by extending through the legs and hips as you pull the kettlebell towards your shoulder. Rotate your wrist as you do so, so that the palm faces forward. This will be your starting position."",""Dip your body by bending the knees, keeping your torso upright."",""Immediately reverse direction, driving through the heels, in essence jumping to create momentum. As you do so, press the kettlebell overhead to lockout by extending the arms, using your body's momentum to move the weight."",""Receive the weight overhead by returning to a squat position underneath the weight, positioning one leg in front of you and one leg behind you."",""Keeping the weight overhead, return to a standing position and bring your feet together. Lower the weight to perform the next repetition.""}","{One-Arm_Kettlebell_Split_Jerk/0.jpg,One-Arm_Kettlebell_Split_Jerk/1.jpg}",,"",true,,
329,One-Arm Kettlebell Swings,compound,kettlebells,hamstrings,"{calves,glutes,""lower back"",shoulders}",false,{},"{One-Arm_Kettlebell_Swings/0.jpg,One-Arm_Kettlebell_Swings/1.jpg}",,"",true,,
330,One-Arm Long Bar Row,compound,barbell,middle back,"{biceps,lats}",true,"{""Position a bar into a landmine or in a corner to keep it from moving. Load an appropriate weight onto your end."",""Stand next to the bar, and take a grip with one hand close to the collar. Using your hips and legs, rise to a standing position."",""Assume a bent-knee stance with your hips back and your chest up. Your arm should be extended. This will be your starting position."",""Pull the weight to your side by retracting the shoulder and flexing the elbow. Do not jerk the weight or cheat during the movement."",""After a brief pause, return to the starting position.""}","{One-Arm_Long_Bar_Row/0.jpg,One-Arm_Long_Bar_Row/1.jpg}",,"",true,,
332,One-Arm Open Palm Kettlebell Clean,compound,kettlebells,hamstrings,"{forearms,glutes,""lower back"",quadriceps,shoulders}",false,"{""Place one kettlebell between your feet."",""Grab the handle with one hand and raise the kettlebell rapidly, let it flip so that the ball of the kettlebell lands in the palm of your hand."",""Throw the kettlebell out in front of you and catch the handle with one hand."",""Take the kettlebell to the floor and repeat. Make sure to work both arms.""}","{One-Arm_Open_Palm_Kettlebell_Clean/0.jpg,One-Arm_Open_Palm_Kettlebell_Clean/1.jpg}",,"",true,,
333,One-Arm Side Laterals,isolation,dumbbell,shoulders,{},true,"{""Pick a dumbbell and place it in one of your hands. Your non lifting hand should be used to grab something steady such as an incline bench press. Lean towards your lifting arm and away from the hand that is gripping the incline bench as this will allow you to keep your balance."",""Stand with a straight torso and have the dumbbell by your side at arm's length with the palm of the hand facing you. This will be your starting position."",""While maintaining the torso stationary (no swinging), lift the dumbbell to your side with a slight bend on the elbow and your hand slightly tilted forward as if pouring water in a glass. Continue to go up until you arm is parallel to the floor. Exhale as you execute this movement and pause for a second at the top."",""Lower the dumbbell back down slowly to the starting position as you inhale."",""Repeat for the recommended amount of repetitions."",""Switch arms and repeat the exercise.""}","{One-Arm_Side_Laterals/0.jpg,One-Arm_Side_Laterals/1.jpg}",,"",true,,
335,One Arm Dumbbell Bench Press,compound,dumbbell,chest,"{shoulders,triceps}",true,"{""Lie down on a flat bench with a dumbbell in one hand on top of your thigh."",""By using your thigh to help you get the dumbbell up, clean the dumbbell up so that you can hold it in front of you at shoulder width. Use the hand you are not lifting with to help position the dumbbell over you properly."",""Once at shoulder width, rotate your wrist forward so that the palm of your hand is facing away from you. This will be your starting position."",""Bring down the weights slowly to your side as you breathe in. Keep full control of the dumbbell at all times. Tip: Use the hand that you are not lifting with to help keep the dumbbell balance as you may struggle a bit at first. Only use your non-lifting hand if it is needed. Otherwise, keep it resting to the side."",""As you breathe out, push the dumbbells up using your pectoral muscles. Lock your arms in the contracted position, squeeze your chest, hold for a second and then start coming down slowly. Tip: It should take at least twice as long to go down than to come up."",""Repeat the movement for the prescribed amount of repetitions of your training program."",""Switch arms and repeat the movement.""}","{One_Arm_Dumbbell_Bench_Press/0.jpg,One_Arm_Dumbbell_Bench_Press/1.jpg}",,"",true,,
427,Single-Arm Linear Jammer,compound,barbell,shoulders,"{chest,triceps}",false,"{""Position a bar into a landmine or securely anchor it in a corner. Load the bar to an appropriate weight."",""Raise the bar from the floor, taking it to your shoulders with one or both hands. Adopt a wide stance. This will be your starting position."",""Perform the movement by extending the elbow, pressing the weight up. Move explosively, extending the hips and knees fully to produce maximal force."",""Return to the starting position.""}","{Single-Arm_Linear_Jammer/0.jpg,Single-Arm_Linear_Jammer/1.jpg}",,"",true,,
356,Power Clean,compound,barbell,hamstrings,"{calves,forearms,glutes,""lower back"",""middle back"",quadriceps,shoulders,traps,triceps}",false,"{""Stand with your feet slightly wider than shoulder width apart and toes pointing out slightly."",""Squat down and grasp bar with a closed, pronated grip. Your hands should be slightly wider than shoulder width apart outside knees with elbows fully extended."",""Place the bar about 1 inch in front of your shins and over the balls of your feet."",""Your back should be flat or slightly arched, your chest held up and out and your shoulder blades should be retracted."",""Keep your head in a neutral position (in line with vertebral column and not tilted or rotated) with your eyes focused straight ahead. Inhale during this phase."",""Lift the bar from the floor by forcefully extending the hips and the knees as you exhale. Tip: The upper torso should maintain the same angle. Do not bend at the waist yet and do not let the hips rise before the shoulders (this would have the effect of pushing the glutes in the air and stretching the hamstrings."",""Keep elbows fully extended with the head in a neutral position and the shoulders over the bar."",""As the bar raises keep it as close to the shins as possible."",""As the bar passes the knees, thrust your hips forward and slightly bend the knees to avoid locking them. Tip: At this point your thighs should be against the bar."",""Keep the back flat or slightly arched, elbows fully extended and your head neutral. Tip: You will hold your breath until the next phase."",""Inhale and then forcefully and quickly extend your hips and knees and stand on your toes."",""Keep the bar as close to your body as possible. Tip: Your back should be flat with the elbows pointed out to the sides and your head in a neutral position. Also, keep your shoulders over the bar and arms straight as long as possible."",""When your lower body joints are fully extended, shrug the shoulders upward rapidly without letting the elbows flex yet. Exhale during this portion of the movement."",""As the shoulders reach their highest elevation flex your elbows to begin pulling your body under the bar."",""Continue to pull the arms as high and as long as possible. Tip: Due to the explosive nature of this phase, your torso will be erect or with an arched back, your head will be tilted back slightly and your feet may lose contact with the floor."",""After the lower body has fully extended and the bar reaches near maximal height, pull your body under the bar and rotate the arms around and under the bar."",""Simultaneously, flex the hips and knees into a quarter squat position."",""Once the arms are under the bar, inhale and then lift your elbows to position the upper arms parallel to the floor. Rack the bar across the front of your collar bones and front shoulder muscles."",""Catch the bar with an erect and tight torso, a neutral head position and flat feet. Exhale during this movement."",""Stand up by extending the hips and knees to a fully erect position."",""Lower the bar by gradually reducing the muscular tension of the arms to allow a controlled descent of the bar to the thighs. Inhale during this movement."",""Simultaneously flex the hips and knees to cushion the impact of the bar on the thighs."",""Squat down with the elbows fully extended until the bar touches the floor."",""Start over at Phase 1 and repeat for the recommended amount of repetitions.""}","{Power_Clean/0.jpg,Power_Clean/1.jpg}",,"",true,,
337,One Arm Floor Press,compound,barbell,triceps,"{chest,shoulders}",false,"{""Lie down on a flat surface with your back pressing against the floor or an exercise mat. Make sure your knees are bent."",""Have a partner hand you the bar on one hand. When starting, your arm should be just about fully extended, similar to the starting position of a barbell bench press. However, this time your grip will be neutral (palms facing your torso)."",""Make sure the hand you are not using to lift the weight is placed by your side."",""Begin the exercise by lowering the barbell until your elbow touches the ground. Make sure to breathe in as this is the eccentric (lowering part of the exercise)."",""Then start lifting the barbell back up to the original starting position. Remember to breathe out during the concentric (lifting part of the exercise)."",""Repeat until you have performed your recommended repetitions."",""Switch arms and repeat the movement.""}","{One_Arm_Floor_Press/0.jpg,One_Arm_Floor_Press/1.jpg}",,"",true,,
338,One Arm Lat Pulldown,compound,cable,lats,"{biceps,""middle back""}",true,"{""Select an appropriate weight and adjust the knee pad to help keep you down. Grasp the handle with a pronated grip. This will be your starting position."",""Pull the handle down, squeezing your elbow to your side as you flex the elbow."",""Pause at the bottom of the motion, and then slowly return the handle to the starting position."",""For multiple repetitions, avoid completely returning the weight to keep tension on the muscles being worked.""}","{One_Arm_Lat_Pulldown/0.jpg,One_Arm_Lat_Pulldown/1.jpg}",,"",true,,
339,One Arm Pronated Dumbbell Triceps Extension,isolation,dumbbell,triceps,{},true,"{""Lie flat on a bench while holding a dumbbell at arms length. Your arm should be perpendicular to your body. The palm of your hand should be facing towards your feet as a pronated grip is required to perform this exercise."",""Place your non lifting hand on your bicep for support."",""Slowly begin to lower the dumbbell down as you breathe in."",""Then, begin lifting the dumbbell upward as you contract the triceps. Remember to breathe out during the concentric (lifting part of the exercise)."",""Repeat until you have performed your set repetitions."",""Switch arms and repeat the movement.""}","{One_Arm_Pronated_Dumbbell_Triceps_Extension/0.jpg,One_Arm_Pronated_Dumbbell_Triceps_Extension/1.jpg}",,"",true,,
340,One Arm Supinated Dumbbell Triceps Extension,isolation,dumbbell,triceps,{},true,"{""Lie flat on a bench while holding a dumbbell at arms length. Your arm should be perpendicular to your body. The palm of your hand should be facing towards your face as a supinated grip is required to perform this exercise."",""Place your non lifting hand on your bicep for support."",""Slowly begin to lower the dumbbell down as you breathe in."",""Then, begin lifting the dumbbell upward as you contract the triceps. Remember to breathe out during the concentric (lifting part of the exercise)."",""Repeat until you have performed your set repetitions."",""Switch arms and repeat the movement."",""Switch arms again and repeat the movement.""}","{One_Arm_Supinated_Dumbbell_Triceps_Extension/0.jpg,One_Arm_Supinated_Dumbbell_Triceps_Extension/1.jpg}",,"",true,,
341,Otis-Up,compound,other,abdominals,"{chest,shoulders,triceps}",true,"{""Secure your feet and lay back on the floor. Your knees should be bent. Hold a weight with both hands to your chest. This will be your starting position."",""Initiate the movement by flexing the hips and spine to raise your torso up from the ground."",""As you move up, press the weight up so that it is above your head at the top of the movement."",""Return the weight to your chest as you reverse the sit-up motion, ensuring not to go all the way down to the floor.""}","{Otis-Up/0.jpg,Otis-Up/1.jpg}",,"",true,,
342,Overhead Cable Curl,isolation,cable,biceps,{},false,"{""To begin, set a weight that is comfortable on each side of the pulley machine. Note: Make sure that the amount of weight selected is the same on each side."",""Now adjust the height of the pulleys on each side and make sure that they are positioned at a height higher than that of your shoulders."",""Stand in the middle of both sides and use an underhand grip (palms facing towards the ceiling) to grab each handle. Your arms should be fully extended and parallel to the floor with your feet positioned shoulder width apart from each other. Your body should be evenly aligned the handles. This is the starting position."",""While exhaling, slowly squeeze the biceps on each side until your forearms and biceps touch."",""While inhaling, move your forearms back to the starting position. Note: Your entire body is stationary during this exercise except for the forearms."",""Repeat for the recommended amount of repetitions prescribed in your program.""}","{Overhead_Cable_Curl/0.jpg,Overhead_Cable_Curl/1.jpg}",1,"8-12",false,false,false
344,Pallof Press With Rotation,compound,cable,abdominals,"{chest,shoulders,triceps}",true,"{""Connect a standard handle to a tower, and position the cable to shoulder height."",""With your side to the cable, grab the handle with one hand and step away from the tower. You should be approximately arm's length away from the pulley, with the tension of the weight on the cable. Align outstretched arm with cable."",""With your feet positioned hip-width apart, pull the cable into your chest and grab the handle with your other hand. Both hands should be on the handle at this time."",""Facing forward, press the cable away from your chest. You core should be tight and engaged."",""Keeping your hips straight, twist your torso away from the pulley until you get a full quarter rotation."",""Maintain your rigid stance and straight arms. Return to the neutral position in a slow and controlled manner. Your arms should be extended in front of you."",""With the side tension still engaging your core, bring your hands to your chest and immediately press outward to a fully extended position. This constitutes one rep."",""Repeat to failure."",""Then, reposition and repeat the same series of movements on the opposite side.""}","{Pallof_Press_With_Rotation/0.jpg,Pallof_Press_With_Rotation/1.jpg}",,"",true,,
349,Parallel Bar Dip,compound,other,triceps,"{chest,shoulders}",true,"{""Stand between a set of parallel bars. Place a hand on each bar, and then take a small jump to help you get into the starting position with your arms locked out."",""Begin by flexing the elbow, lowering your body until your arms break 90 degrees. Avoid swinging, and maintain good posture throughout the descent."",""Reverse the motion by extending the elbow, pushing yourself back up into the starting position."",""Repeat for the desired number of repetitions.""}","{Parallel_Bar_Dip/0.jpg,Parallel_Bar_Dip/1.jpg}",,"",true,,
350,Physioball Hip Bridge,compound,exercise ball,glutes,{hamstrings},true,"{""Lay on a ball so that your upper back is on the ball with your hips unsupported. Both feet should be flat on the floor, hip width apart or wider. This will be your starting position."",""Begin by extending the hips using your glutes and hamstrings, raising your hips upward as you bridge."",""Pause at the top of the motion and return to the starting position.""}","{Physioball_Hip_Bridge/0.jpg,Physioball_Hip_Bridge/1.jpg}",,"",true,,
352,Plate Pinch,isolation,other,forearms,{},false,"{""Grab two wide-rimmed plates and put them together with the smooth sides facing outward"",""Use your fingers to grip the outside part of the plate and your thumb for the other side thus holding both plates together. This is the starting position."",""Squeeze the plate with your fingers and thumb. Hold this position for as long as you can."",""Repeat for the recommended amount of sets prescribed in your program."",""Switch arms and repeat the movements.""}","{Plate_Pinch/0.jpg,Plate_Pinch/1.jpg}",,"",true,,
346,Palms-Down Wrist Curl Over A Bench,isolation,barbell,forearms,{},true,"{""Start out by placing a barbell on one side of a flat bench."",""Kneel down on both of your knees so that your body is facing the flat bench."",""Use your arms to grab the barbell with a pronated grip (palms down) and bring them up so that your forearms are resting against the flat bench. Your wrists should be hanging over the edge."",""Start out by curling your wrist upwards and exhaling."",""Slowly lower your wrists back down to the starting position while inhaling."",""Your forearms should be stationary as your wrist is the only movement needed to perform this exercise."",""Repeat for the recommended amount of repetitions.""}","{Palms-Down_Wrist_Curl_Over_A_Bench/0.jpg,Palms-Down_Wrist_Curl_Over_A_Bench/1.jpg}",2,"12-20",false,true,false
351,Plank,isolation,body only,abdominals,{},true,"{""Get into a prone position on the floor, supporting your weight on your toes and your forearms. Your arms are bent and directly below the shoulder."",""Keep your body straight at all times, and hold this position as long as possible. To increase difficulty, an arm or leg can be raised.""}","{Plank/0.jpg,Plank/1.jpg}",2,"30-60s",false,false,false
354,Platform Hamstring Slides,isolation,other,hamstrings,{glutes},true,"{""For this movement a wooden floor or similar is needed. Lay on your back with your legs extended. Place a gym towel or a light weight underneath your heel. This will be your starting position."",""Begin the movement by flexing the knee, keeping your other leg straight."",""Continue bringing the heel closer to you, sliding it on the floor."",""At full knee flexion, reverse the movement to return to the starting position.""}","{Platform_Hamstring_Slides/0.jpg,Platform_Hamstring_Slides/1.jpg}",,"",true,,
355,Plie Dumbbell Squat,compound,dumbbell,quadriceps,"{abdominals,calves,glutes,hamstrings}",true,"{""Hold a dumbbell at the base with both hands and stand straight up. Move your legs so that they are wider than shoulder width apart from each other with your knees slightly bent."",""Your toes should be facing out. Note: Your arms should be stationary while performing the exercise. This is the starting position."",""Slowly bend the knees and lower your legs until your thighs are parallel to the floor. Make sure to inhale as this is the eccentric part of the exercise."",""Press mainly with the heel of the foot to bring the body back to the starting position while exhaling."",""Repeat for the recommended amount of repetitions.""}","{Plie_Dumbbell_Squat/0.jpg,Plie_Dumbbell_Squat/1.jpg}",,"",true,,
357,Power Partials,isolation,dumbbell,shoulders,{},true,"{""Stand up with your torso upright and a dumbbell on each hand being held at arms length. The elbows should be close to the torso."",""The palms of the hands should be facing your torso. Your feet should be about shoulder width apart. This will be your starting position."",""Keeping your arms straight and the torso stationary, lift the weights out to your sides until they are about shoulder level height while exhaling."",""Feel the contraction for a second and begin to lower the weights back down to the starting position while inhaling. Tip: Keep the palms facing down with the little finger slightly higher while lifting and lowering the weights as it will concentrate the stress on your shoulders mainly."",""Repeat for the recommended amount of repetitions.""}","{Power_Partials/0.jpg,Power_Partials/1.jpg}",,"",true,,
360,Prone Manual Hamstring,isolation,,hamstrings,{},true,"{""You will need a partner for this exercise. Lay face down with your legs straight. Your assistant will place their hand on your heel."",""To begin, flex the knee to curl your leg up. Your partner should provide resistance, starting light and increasing the pressure as the movement is completed. Communicate with your partner to monitor appropriate resistance levels."",""Pause at the top, returning the leg to the starting position as your partner provides resistance going the other direction.""}","{Prone_Manual_Hamstring/0.jpg,Prone_Manual_Hamstring/1.jpg}",,"",true,,
359,Preacher Hammer Dumbbell Curl,isolation,dumbbell,biceps,{forearms},true,"{""Place the upper part of both arms on top of the preacher bench as you hold a dumbbell in each hand with the palms facing each other (neutral grip)."",""As you breathe in, slowly lower the dumbbells until your upper arm is extended and the biceps is fully stretched."",""As you exhale, use the biceps to curl the weight up until your biceps is fully contracted and the dumbbells are at shoulder height."",""Squeeze the biceps hard for a second at the contracted position and repeat for the recommended amount of repetitions.""}","{Preacher_Hammer_Dumbbell_Curl/0.jpg,Preacher_Hammer_Dumbbell_Curl/1.jpg}",3,"8-12",false,true,false
363,Push-Ups - Close Triceps Position,compound,body only,triceps,"{chest,shoulders}",false,"{""Lie on the floor face down and place your hands closer than shoulder width for a close hand position. Make sure that you are holding your torso up at arms' length."",""Lower yourself until your chest almost touches the floor as you inhale."",""Using your triceps and some of your pectoral muscles, press your upper body back up to the starting position and squeeze your chest. Breathe out as you perform this step."",""After a second pause at the contracted position, repeat the movement for the prescribed amount of repetitions.""}","{Push-Ups_-_Close_Triceps_Position/0.jpg,Push-Ups_-_Close_Triceps_Position/1.jpg}",,"",true,,
364,Push-Ups With Feet Elevated,compound,body only,chest,"{shoulders,triceps}",true,"{""Lie on the floor face down and place your hands about 36 inches apart from each other holding your torso up at arms length."",""Place your toes on top of a flat bench. This will allow your body to be elevated. Note: The higher the elevation of the flat bench, the higher the resistance of the exercise is."",""Lower yourself until your chest almost touches the floor as you inhale."",""Using your pectoral muscles, press your upper body back up to the starting position and squeeze your chest. Breathe out as you perform this step."",""After a second pause at the contracted position, repeat the movement for the prescribed amount of repetitions.""}","{Push-Ups_With_Feet_Elevated/0.jpg,Push-Ups_With_Feet_Elevated/1.jpg}",,"",true,,
368,Pushups (Close and Wide Hand Positions),compound,body only,chest,"{shoulders,triceps}",true,"{""Lie on the floor face down and body straight with your toes on the floor and the hands wider than shoulder width for a wide hand position and closer than shoulder width for a close hand position. Make sure you are holding your torso up at arms length."",""Lower yourself until your chest almost touches the floor as you inhale."",""Using your pectoral muscles, press your upper body back up to the starting position and squeeze your chest. Breathe out as you perform this step."",""After a second pause at the contracted position, repeat the movement for the prescribed amount of repetitions.""}","{Pushups_Close_and_Wide_Hand_Positions/0.jpg,Pushups_Close_and_Wide_Hand_Positions/1.jpg}",,"",true,,
369,Push Up to Side Plank,compound,body only,chest,"{abdominals,shoulders,triceps}",true,"{""Get into pushup position on the toes with your hands just outside of shoulder width."",""Perform a pushup by allowing the elbows to flex. As you descend, keep your body straight."",""Do one pushup and as you come up, shift your weight on the left side of the body, twist to the side while bringing the right arm up towards the ceiling in a side plank."",""Lower the arm back to the floor for another pushup and then twist to the other side."",""Repeat the series, alternating each side, for 10 or more reps.""}","{Push_Up_to_Side_Plank/0.jpg,Push_Up_to_Side_Plank/1.jpg}",,"",true,,
371,Reverse Barbell Preacher Curls,isolation,e-z curl bar,biceps,{forearms},false,"{""Grab an EZ-bar using a shoulder width and palms down (pronated) grip."",""Now place the upper part of both arms on top of the preacher bench and have your arms extended. This will be your starting position."",""As you exhale, use the biceps to curl the weight up until your biceps are fully contracted and the barbell is at shoulder height. Squeeze the biceps hard for a second at the contracted position."",""As you breathe in, slowly lower the barbell until your upper arms are extended and the biceps is fully stretched."",""Repeat for the recommended amount of repetitions.""}","{Reverse_Barbell_Preacher_Curls/0.jpg,Reverse_Barbell_Preacher_Curls/1.jpg}",,"",true,,
370,Reverse Barbell Curl,isolation,barbell,biceps,{forearms},true,"{""Stand up with your torso upright while holding a barbell at shoulder width with the elbows close to the torso. The palm of your hands should be facing down (pronated grip). This will be your starting position."",""While holding the upper arms stationary, curl the weights while contracting the biceps as you breathe out. Only the forearms should move. Continue the movement until your biceps are fully contracted and the bar is at shoulder level. Hold the contracted position for a second as you squeeze the muscle."",""Slowly begin to bring the bar back to starting position as your breathe in."",""Repeat for the recommended amount of repetitions.""}","{Reverse_Barbell_Curl/0.jpg,Reverse_Barbell_Curl/1.jpg}",2,"8-12",false,false,false
375,Reverse Flyes With External Rotation,isolation,dumbbell,shoulders,{},false,"{""To begin, lie down on an incline bench set at a 30-degree angle with the chest and stomach pressing against the incline."",""Have the dumbbells in each hand with the palms facing down to the floor. Your arms should be in front of you so that they are perpendicular to the angle of the bench. Tip: Your elbows should have a slight bend. The legs should be stationary while applying pressure with the ball of your toes (your heels should not be touching the floor). This is the starting position."",""Maintaining the slight bend of the elbows, move the weights out and away from each other in an arc motion while exhaling."",""As you lift the weight, your wrist should externally rotate by 90-degrees so that you go from a palms down (pronated) grip to a palms facing each other (neutral) grip. Tip: Try to squeeze your shoulder blades together to get the best results from this exercise."",""The arms should be elevated until they are level with the head."",""Feel the contraction and slowly lower the weights back down to the starting position while inhaling."",""Repeat for the recommended amount of repetitions.""}","{Reverse_Flyes_With_External_Rotation/0.jpg,Reverse_Flyes_With_External_Rotation/1.jpg}",,"",true,,
380,Reverse Plate Curls,isolation,other,biceps,{forearms},true,"{""Start by standing straight with a weighted plate held by both hands and arms fully extended. Use a pronated grip (palms facing down) and make sure your fingers grab the rough side of the plate while your thumb grabs the smooth side. Note: For the best results, grab the weighted plate at an 11:00 and 1:00 o'clock position."",""Your feet should be shoulder width apart from each other and the weighted plate should be near the groin area. This is the starting position."",""Slowly lift the plate up while keeping the elbows in and the upper arms stationary until your biceps and forearms touch while exhaling. The plate should be evenly aligned with your torso at this point."",""Feel the contraction for a second and begin to lower the weight back down to the starting position while inhaling"",""Repeat for the recommended amount of repetitions.""}","{Reverse_Plate_Curls/0.jpg,Reverse_Plate_Curls/1.jpg}",,"",true,,
381,Reverse Triceps Bench Press,compound,barbell,triceps,"{chest,shoulders}",false,"{""Lie back on a flat bench. Using a close, supinated grip (around shoulder width), lift the bar from the rack and hold it straight over you with your arms locked extended in front of you and perpendicular to the floor. This will be your starting position."",""As you breathe in, come down slowly until you feel the bar on your middle chest. Tip: Make sure that as opposed to a regular bench press, you keep the elbows close to the torso at all times in order to maximize triceps involvement."",""After a second pause, bring the bar back to the starting position as you breathe out and push the bar using your triceps muscles. Lock your arms in the contracted position, hold for a second and then start coming down slowly again. Tip: It should take at least twice as long to go down than to come up."",""Repeat the movement for the prescribed amount of repetitions."",""When you are done, place the bar back in the rack.""}","{Reverse_Triceps_Bench_Press/0.jpg,Reverse_Triceps_Bench_Press/1.jpg}",,"",true,,
382,Ring Dips,compound,other,triceps,"{chest,shoulders}",false,"{""Grip a ring in each hand, and then take a small jump to help you get into the starting position with your arms locked out."",""Begin by flexing the elbow, lowering your body until your arms break 90 degrees. Avoid swinging, and maintain good posture throughout the descent."",""Reverse the motion by extending the elbow, pushing yourself back up into the starting position."",""Repeat for the desired number of repetitions.""}","{Ring_Dips/0.jpg,Ring_Dips/1.jpg}",,"",true,,
377,Reverse Grip Triceps Pushdown,isolation,cable,triceps,{},true,"{""Start by setting a bar attachment (straight or e-z) on a high pulley machine."",""Facing the bar attachment, grab it with the palms facing up (supinated grip) at shoulder width. Lower the bar by using your lats until your arms are fully extended by your sides. Tip: Elbows should be in by your sides and your feet should be shoulder width apart from each other. This is the starting position."",""Slowly elevate the bar attachment up as you inhale so it is aligned with your chest. Only the forearms should move and the elbows/upper arms should be stationary by your side at all times."",""Then begin to lower the cable bar back down to the original staring position while exhaling and contracting the triceps hard."",""Repeat for the recommended amount of repetitions.""}","{Reverse_Grip_Triceps_Pushdown/0.jpg,Reverse_Grip_Triceps_Pushdown/1.jpg}",3,"8-12",false,false,false
378,Reverse Hyperextension,,machine,hamstrings,"{calves,glutes}",false,"{""Place your feet between the pads after loading an appropriate weight. Lay on the top pad, allowing your hips to hang off the back, while grasping the handles to hold your position."",""To begin the movement, flex the hips, pulling the legs forward."",""Reverse the motion by extending the hips, kicking the leg back. It is very important not to over-extend the hip on this movement, stopping short of your full range of motion."",""Return by again flexing the hip, pulling the carriage forward as far as you can."",""Repeat for the desired number of repetitions.""}","{Reverse_Hyperextension/0.jpg,Reverse_Hyperextension/1.jpg}",2,"10-15",false,false,false
383,Rocking Standing Calf Raise,isolation,barbell,calves,{},true,"{""This exercise is best performed inside a squat rack for safety purposes. To begin, first set the bar on a rack that best matches your height. Once the correct height is chosen and the bar is loaded, step under the bar and place it on the back of your shoulders (slightly below the neck)."",""Hold on to the bar using both arms at each side and lift it off the rack by first pushing with your legs and at the same time straightening your torso."",""Step away from the rack and position your legs using a shoulder width medium stance with the toes slightly pointed out. Keep your head up at all times as looking down will get you off balance. Also maintain a straight back and keep the knees with a slight bend; never locked. This will be your starting position."",""Raise your heels as you breathe out by extending your ankles as high as possible and flexing your calf. Ensure that the knee is kept stationary at all times. There should be no bending (other than the slight initial bend we created during positioning) at any time. Hold the contracted position by a second before you start to go back down."",""Go back slowly to the starting position as you breathe in by lowering your heels as you bend the ankles until calves are stretched."",""Now lift your toes by contracting the tibia muscles in the front of the calves as you breathe out."",""Hold for a second and bring them back down as you breathe in."",""Repeat for the recommended amount of repetitions.""}","{Rocking_Standing_Calf_Raise/0.jpg,Rocking_Standing_Calf_Raise/1.jpg}",,"",true,,
384,Rocky Pull-Ups/Pulldowns,compound,other,lats,"{biceps,""middle back"",shoulders}",false,"{""Grab the pull-up bar with the palms facing forward using a wide grip."",""As you have both arms extended in front of you holding the bar at the chosen grip width, bring your torso back around 30 degrees or so while creating a curvature on your lower back and sticking your chest out. This is your starting position."",""Pull your torso up until the bar touches your upper chest by drawing the shoulders and the upper arms down and back. Exhale as you perform this portion of the movement. Tip: Concentrate on squeezing the back muscles once you reach the full contracted position. The upper torso should remain stationary as it moves through space and only the arms should move. The forearms should do no other work other than hold the bar."",""After a second on the contracted position, start to inhale and slowly lower your torso back to the starting position when your arms are fully extended and the lats are fully stretched."",""Now repeat the same movements as described above except this time your torso will remain straight as you go up and the bar will touch the back of the neck instead of the upper chest. Tip: Use the head to lean forward slightly as it will help you properly execute this portion of the exercise."",""Once you have lowered yourself back down to the starting position, repeat the exercise for the prescribed amount of repetitions in your program.""}","{Rocky_Pull-Ups_Pulldowns/0.jpg,Rocky_Pull-Ups_Pulldowns/1.jpg}",,"",true,,
386,Rope Climb,compound,other,lats,"{biceps,forearms,""middle back"",shoulders}",false,"{""Grab the rope with both hands above your head. Pull down on the rope as you take a small jump."",""Wrap the rope around one leg, using your feet to pinch the rope. Reach up as high as possible with your arms, gripping the rope tightly."",""Release the rope from your feet as you pull yourself up with your arms, bringing your knees towards your chest."",""Resecure your feet on the rope, and then stand up to take another high hold on the rope. Continue until you reach the top of the rope."",""To lower yourself, loosen the grip of your feet on the rope as you slide down using a hand over hand motion.""}","{Rope_Climb/0.jpg,Rope_Climb/1.jpg}",,"",true,,
387,Rope Crunch,isolation,cable,abdominals,{},true,"{""Kneel 1-2 feet in front of a cable system with a rope attached."",""After selecting an appropriate weight, grasp the rope with both hands reaching overhead. Your torso should be upright in the starting position."",""To begin, flex at the spine, attempting to bring your rib cage to your legs as you pull the cable down."",""Pause at the bottom of the motion, and then slowly return to the starting position."",""These can be done with twists or to the side to hit the obliques.""}","{Rope_Crunch/0.jpg,Rope_Crunch/1.jpg}",,"",true,,
433,Sit-Up,isolation,body only,abdominals,{},true,"{""Lie down on the floor placing your feet either under something that will not move or by having a partner hold them. Your legs should be bent at the knees."",""Place your hands behind your head and lock them together by clasping your fingers. This is the starting position."",""Elevate your upper body so that it creates an imaginary V-shape with your thighs. Breathe out when performing this part of the exercise."",""Once you feel the contraction for a second, lower your upper body back down to the starting position while inhaling."",""Repeat for the recommended amount of repetitions.""}","{Sit-Up/0.jpg,Sit-Up/1.jpg}",1,"10-15",false,false,false
390,Scapular Pull-Up,isolation,,traps,"{lats,""middle back""}",true,"{""Take a pronated grip on a pull-up bar."",""From a hanging position, raise yourself a few inches without using your arms. Do this by depressing your shoulder girdle in a reverse shrugging motion."",""Pause at the completion of the movement, and then slowly return to the starting position before performing more repetitions.""}","{Scapular_Pull-Up/0.jpg,Scapular_Pull-Up/1.jpg}",,"",true,,
393,Seated Barbell Twist,isolation,barbell,abdominals,{},true,"{""Start out by sitting at the end of a flat bench with a barbell placed on top of your thighs. Your feet should be shoulder width apart from each other."",""Grip the bar with your palms facing down and make sure your hands are wider than shoulder width apart from each other. Begin to lift the barbell up over your head until your arms are fully extended."",""Now lower the barbell behind your head until it is resting along the base of your neck. This is the starting position."",""While keeping your feet and head stationary, move your waist from side to side so that your oblique muscles feel the contraction. Only move from side to side as far as your waist will allow you to go. Stretching or moving too far can cause an injury to occur. Tip: Use a slow and controlled motion."",""Remember to breathe out while twisting your body to the side and in when moving back to the starting position."",""Repeat for the recommended amount of repetitions.""}","{Seated_Barbell_Twist/0.jpg,Seated_Barbell_Twist/1.jpg}",,"",true,,
394,Seated Bent-Over One-Arm Dumbbell Triceps Extension,isolation,dumbbell,triceps,{},true,"{""Sit down at the end of a flat bench with a dumbbell in one arm using a neutral grip (palms of the hand facing you)."",""Bend your knees slightly and bring your torso forward, by bending at the waist, while keeping the back straight until it is almost parallel to the floor. Make sure that you keep the head up."",""The upper arm with the dumbbell should be close to the torso and aligned with it (lifted up until it is parallel to the floor while the forearms are pointing towards the floor as the hands hold the weights). Tip: There should be a 90-degree angle between the forearms and the upper arm. This is your starting position."",""Keeping the upper arm stationary, use the triceps to lift the weight as you exhale until the forearm is parallel to the floor and the whole arm is extended. Like many other arm exercises, only the forearm moves."",""After a second contraction at the top, slowly lower the dumbbell back to the starting position as you inhale."",""Repeat the movement for the prescribed amount of repetitions."",""Switch arms and repeat the exercise.""}","{Seated_Bent-Over_One-Arm_Dumbbell_Triceps_Extension/0.jpg,Seated_Bent-Over_One-Arm_Dumbbell_Triceps_Extension/1.jpg}",,"",true,,
402,Seated Dumbbell Inner Biceps Curl,isolation,dumbbell,biceps,{},true,"{""Sit on the end of a flat bench with a dumbbell in each hand being held at arms length. The elbows should be close to the torso."",""Rotate the palms of the hands so that they are facing inward in a neutral position. This will be your starting position."",""While holding the upper arms stationary, curl the dumbbells out and up, turning the palms out as you lift and keeping your forearms in line with your outer deltoids. Tips:"",""Only the forearms should move. Continue the movement until your biceps are fully contracted and the dumbbells are at shoulder level. Hold the contracted position for a second as you squeeze the biceps."",""Slowly begin to bring the dumbbells back to the starting position as your breathe in. Remember to rotate your arms as you lower the dumbbells so that you can switch back to a neutral grip."",""Repeat for the recommended amount of repetitions.""}","{Seated_Dumbbell_Inner_Biceps_Curl/0.jpg,Seated_Dumbbell_Inner_Biceps_Curl/1.jpg}",,"",true,,
389,Russian Twist,compound,body only,abdominals,"{""lower back""}",false,"{""Lie down on the floor placing your feet either under something that will not move or by having a partner hold them. Your legs should be bent at the knees."",""Elevate your upper body so that it creates an imaginary V-shape with your thighs. Your arms should be fully extended in front of you perpendicular to your torso and with the hands clasped. This is the starting position."",""Twist your torso to the right side until your arms are parallel with the floor while breathing out."",""Hold the contraction for a second and move back to the starting position while breathing out. Now move to the opposite side performing the same techniques you applied to the right side."",""Repeat for the recommended amount of repetitions.""}","{Russian_Twist/0.jpg,Russian_Twist/1.jpg}",2,"10-15",false,false,false
396,Seated Bent-Over Two-Arm Dumbbell Triceps Extension,isolation,dumbbell,triceps,{},false,"{""Sit down at the end of a flat bench with a dumbbell in both arms using a neutral grip (palms of the hand facing you)."",""Bend your knees slightly and bring your torso forward, by bending at the waist, while keeping the back straight until it is almost parallel to the floor. Make sure that you keep the head up."",""The upper arms with the dumbbells should be close to the torso and aligned with it (lifted up until they are parallel to the floor while the forearms are pointing towards the floor as the hands hold the weights). Tip: There should be a 90-degree angle between the forearms and the upper arm. This is your starting position."",""Keeping the upper arms stationary, use the triceps to lift the weight as you exhale until the forearms are parallel to the floor and the whole arm is extended. Like many other arm exercises, only the forearm moves."",""After a second contraction at the top, slowly lower the dumbbells back to the starting position as you inhale."",""Repeat the movement for the prescribed amount of repetitions.""}","{Seated_Bent-Over_Two-Arm_Dumbbell_Triceps_Extension/0.jpg,Seated_Bent-Over_Two-Arm_Dumbbell_Triceps_Extension/1.jpg}",,"",true,,
429,Single-Leg High Box Squat,compound,other,quadriceps,"{glutes,hamstrings}",true,"{""Position a box in a rack. Secure a band or rope in place above the box."",""Standing in front of it, step onto the box to a full standing position, letting your other leg remain unsupported. Hold onto the band for balance"","". Continue stepping up and down on the same leg before switching to the opposite side.""}","{Single-Leg_High_Box_Squat/0.jpg,Single-Leg_High_Box_Squat/1.jpg}",,"",true,,
400,Seated Close-Grip Concentration Barbell Curl,isolation,barbell,biceps,{},false,"{""Sit down on a flat bench with a barbell or E-Z Bar in front of you in between your legs. Your legs should be spread with the knees bent and the feet on the floor."",""Use your arms to pick the barbell up and place the back of your upper arms on top of your inner thighs (around three and a half inches away from the front of the knee). A supinated grip closer than shoulder width is needed to perform this exercise. Tip: Your arm should be extended at arms length and the barbell should be above the floor. This will be your starting position."",""While holding the upper arms stationary, curl the weights forward while contracting the biceps as you breathe out. Only the forearms should move. Continue the movement until your biceps are fully contracted and the dumbbells are at shoulder level. Hold the contracted position for a second as you squeeze the biceps."",""Slowly begin to bring the barbell back to starting position as your breathe in. Tip: Avoid swinging motions at any time."",""Repeat for the recommended amount of repetitions.""}","{Seated_Close-Grip_Concentration_Barbell_Curl/0.jpg,Seated_Close-Grip_Concentration_Barbell_Curl/1.jpg}",,"",true,,
399,Seated Calf Raise,isolation,machine,calves,{},true,"{""Sit on the machine and place your toes on the lower portion of the platform provided with the heels extending off. Choose the toe positioning of your choice (forward, in, or out) as per the beginning of this chapter."",""Place your lower thighs under the lever pad, which will need to be adjusted according to the height of your thighs. Now place your hands on top of the lever pad in order to prevent it from slipping forward."",""Lift the lever slightly by pushing your heels up and release the safety bar. This will be your starting position."",""Slowly lower your heels by bending at the ankles until the calves are fully stretched. Inhale as you perform this movement."",""Raise the heels by extending the ankles as high as possible as you contract the calves and breathe out. Hold the top contraction for a second."",""Repeat for the recommended amount of repetitions.""}","{Seated_Calf_Raise/0.jpg,Seated_Calf_Raise/1.jpg}",3,"10-15",false,false,false
421,Side Bridge,,body only,abdominals,{shoulders},true,{},"{Side_Bridge/0.jpg,Side_Bridge/1.jpg}",,"",true,,
428,Single-Arm Push-Up,compound,body only,chest,"{shoulders,triceps}",false,"{""Begin laying prone on the ground. Move yourself into a position supporting your weight on your toes and one arm. Your working arm should be placed directly under the shoulder, fully extended. Your legs should be extended, and for this movement you may need a wider base, placing your feet further apart than in a normal push-up."",""Maintain good posture, and place your free hand behind your back. This will be your starting position."",""Lower yourself by allowing the elbow to flex until you touch the ground."",""Descend slowly, and reverse direction be extending the arm to return to the starting position.""}","{Single-Arm_Push-Up/0.jpg,Single-Arm_Push-Up/1.jpg}",,"",true,,
403,Seated Dumbbell Palms-Down Wrist Curl,isolation,dumbbell,forearms,{},true,"{""Start out by placing two dumbbells on the floor in front of a flat bench."",""Sit down on the edge of the flat bench with your legs at about shoulder width apart. Make sure to keep your feet on the floor."",""Use your arms to grab both of the dumbbells and bring them up so that your forearms are resting against your thighs with the palms of the hands facing down. Your wrists should be hanging over the edge of your thighs."",""Start out by curling your wrist upwards and exhaling."",""Slowly lower your wrists back down to the starting position while inhaling. Make sure to inhale during this part of the exercise. Tip: Your forearms should be stationary as your wrist is the only movement needed to perform this exercise."",""Repeat for the recommended amount of repetitions."",""When finished, simply lower the dumbbells to the floor.""}","{Seated_Dumbbell_Palms-Down_Wrist_Curl/0.jpg,Seated_Dumbbell_Palms-Down_Wrist_Curl/1.jpg}",,"",true,,
404,Seated Dumbbell Palms-Up Wrist Curl,isolation,dumbbell,forearms,{},true,"{""Start out by placing two dumbbells on the floor in front of a flat bench."",""Sit down on the edge of the flat bench with your legs at about shoulder width apart. Make sure to keep your feet on the floor."",""Use your arms to grab both of the dumbbells and bring them up so that your forearms are resting against your thighs with the palms of the hands facing up. Your wrists should be hanging over the edge of your thighs."",""Start out by curling your wrist upwards and exhaling."",""Slowly lower your wrists back down to the starting position while inhaling. Make sure to inhale during this part of the exercise. Tip: Your forearms should be stationary as your wrist is the only movement needed to perform this exercise."",""Repeat for the recommended amount of repetitions."",""When finished, simply lower the dumbbells to the floor.""}","{Seated_Dumbbell_Palms-Up_Wrist_Curl/0.jpg,Seated_Dumbbell_Palms-Up_Wrist_Curl/1.jpg}",,"",true,,
406,Seated Flat Bench Leg Pull-In,compound,body only,abdominals,{},true,"{""Sit on a bench with the legs stretched out in front of you slightly below parallel and your arms holding on to the sides of the bench. Your torso should be leaning backwards around a 45-degree angle from the bench. This will be your starting position."",""Bring the knees in toward you as you move your torso closer to them at the same time. Breathe out as you perform this movement."",""After a second pause, go back to the starting position as you inhale."",""Repeat for the recommended amount of repetitions.""}","{Seated_Flat_Bench_Leg_Pull-In/0.jpg,Seated_Flat_Bench_Leg_Pull-In/1.jpg}",,"",true,,
422,Side Jackknife,compound,body only,abdominals,{},true,{},"{Side_Jackknife/0.jpg,Side_Jackknife/1.jpg}",2,"10-15",false,false,false
408,Seated Leg Curl,isolation,machine,hamstrings,{},true,"{""Adjust the machine lever to fit your height and sit on the machine with your back against the back support pad."",""Place the back of lower leg on top of padded lever (just a few inches under the calves) and secure the lap pad against your thighs, just above the knees. Then grasp the side handles on the machine as you point your toes straight (or you can also use any of the other two stances) and ensure that the legs are fully straight right in front of you. This will be your starting position."",""As you exhale, pull the machine lever as far as possible to the back of your thighs by flexing at the knees. Keep your torso stationary at all times. Hold the contracted position for a second."",""Slowly return to the starting position as you breathe in."",""Repeat for the recommended amount of repetitions.""}","{Seated_Leg_Curl/0.jpg,Seated_Leg_Curl/1.jpg}",4,"8-12",false,false,false
407,Seated Head Harness Neck Resistance,isolation,other,neck,{},false,"{""Place a neck strap on the floor at the end of a flat bench. Once you have selected the weights, sit at the end of the flat bench with your feet wider than shoulder width apart from each other. Your toes should be pointed out."",""Slowly move your torso forward until it is almost parallel with the floor. Using both hands, securely position the neck strap around your head. Tip: Make sure the weights are still lying on the floor to prevent any strain on the neck. Now grab the weight with both hands while elevating your torso back until it is almost perpendicular to the floor. Note: Your head and torso needs to be slightly tilted forward to perform this exercise."",""Now place both hands on top of your knees. This is the starting position."",""Slowly lower your neck down until your chin touches the upper part of your chest while breathing in."",""While exhaling, bring your neck back to the starting position."",""Repeat for the recommended amount of repetitions.""}","{Seated_Head_Harness_Neck_Resistance/0.jpg,Seated_Head_Harness_Neck_Resistance/1.jpg}",,"",true,,
409,Seated Leg Tucks,isolation,body only,abdominals,{},true,"{""Sit on a bench with the legs stretched out in front of you slightly below parallel and your arms holding on to the sides of the bench. Your torso should be leaning backwards around a 45-degree angle from the bench. This will be your starting position."",""Bring the knees in toward you as you move your torso closer to them at the same time. Breathe out as you perform this movement."",""After a second pause, go back to the starting position as you inhale."",""Repeat for the recommended amount of repetitions.""}","{Seated_Leg_Tucks/0.jpg,Seated_Leg_Tucks/1.jpg}",,"",true,,
417,Seated Two-Arm Palms-Up Low-Pulley Wrist Curl,isolation,cable,forearms,{},true,"{""Put a bench in front of a low pulley machine that has a barbell or EZ Curl attachment on it."",""Move the bench far enough away so that when you bring the handle to the top of your thighs tension is created on the cable due to the weight stack being moved up."",""Now hold the handle with both hands, palms up, using a shoulder-width grip."",""Step back and sit on the bench with your feet about shoulder width apart, firmly on the floor."",""Lean forward and place the forearms on your thighs with the back of your wrists over your knees. This will be your starting position."",""Lower the bar as far as possible, while inhaling and keeping a tight grip."",""Now curl the bar up as high as possible while contracting the forearms. Tip: Only the wrist should move; not the forearms."",""After a second contraction at the top go back to the starting position as you inhale."",""Repeat for the recommended amount of repetitions.""}","{Seated_Two-Arm_Palms-Up_Low-Pulley_Wrist_Curl/0.jpg,Seated_Two-Arm_Palms-Up_Low-Pulley_Wrist_Curl/1.jpg}",,"",true,,
431,Single Dumbbell Raise,isolation,dumbbell,shoulders,"{forearms,traps}",true,"{""With a wide stance, hold a dumbell with both hands, grasping the head of the dumbbell instead of the handle. Your arms should be extended and hanging at the waist. This will be your starting position."",""Raise the weight until it is above shoulder level, keeping your arms extended. Your torso and hips should remain stationary throughout the movement."",""Return to the starting position and repeat for the recommended amount of repetitions.""}","{Single_Dumbbell_Raise/0.jpg,Single_Dumbbell_Raise/1.jpg}",,"",true,,
410,Seated One-arm Cable Pulley Rows,compound,cable,middle back,"{biceps,lats,traps}",false,"{""To get into the starting position, first sit down on the machine and place your feet on the front platform or crossbar provided making sure that your knees are slightly bent and not locked."",""Lean over as you keep the natural alignment of your back and grab the single handle attachment with your left arm using a palms-down grip."",""With your arm extended pull back until your torso is at a 90-degree angle from your legs. Your back should be slightly arched and your chest should be sticking out. You should be feeling a nice stretch on your lat as you hold the bar in front of you. The right arm can be kept by the waist. This is the starting position of the exercise."",""Keeping the torso stationary, pull the handles back towards your torso while keeping the arms close to it as you rotate the wrist, so that by the time your hand is by your abdominals it is in a neutral position (palms facing the torso). Breathe out as you perform that movement. At that point you should be squeezing your back muscles hard."",""Hold that contraction for a second and slowly go back to the original position while breathing in. Tip: Remember to rotate the wrist as you go back to the starting position so that the palms are facing down again."",""Repeat for the recommended amount of repetitions and then perform the same movement with the right hand.""}","{Seated_One-arm_Cable_Pulley_Rows/0.jpg,Seated_One-arm_Cable_Pulley_Rows/1.jpg}",,"",true,,
411,Seated One-Arm Dumbbell Palms-Down Wrist Curl,isolation,dumbbell,forearms,{},false,"{""Sit on a flat bench with a dumbbell in your right hand."",""Place your feet flat on the floor, at a distance that is slightly wider than shoulder width apart."",""Lean forward and place your right forearm on top of your upper right thigh with your palm down. Tip: Make sure that the back of the wrist lies on top of your knees. This will be your starting position."",""Lower the dumbbell as far as possible as you keep a tight grip on the dumbbell. Inhale as you perform this movement."",""Now curl the dumbbell as high as possible as you contract the forearms and as you exhale. Keep the contraction for a second before you lower again. Tip: The only movement should happen at the wrist."",""Perform for the recommended amount of repetitions, switch arms and repeat the movement.""}","{Seated_One-Arm_Dumbbell_Palms-Down_Wrist_Curl/0.jpg,Seated_One-Arm_Dumbbell_Palms-Down_Wrist_Curl/1.jpg}",,"",true,,
412,Seated One-Arm Dumbbell Palms-Up Wrist Curl,isolation,dumbbell,forearms,{},true,"{""Sit on a flat bench with a dumbbell in your right hand."",""Place your feet flat on the floor, at a distance that is slightly wider than shoulder width apart."",""Lean forward and place your right forearm on top of your upper right thigh with your palm up. Tip: Make sure that the front of the wrist lies on top of your knees. This will be your starting position."",""Lower the dumbbell as far as possible as you keep a tight grip on the dumbbell. Inhale as you perform this movement."",""Now curl the dumbbell as high as possible as you contract the forearms and as you exhale. Keep the contraction for a second before you lower again. Tip: The only movement should happen at the wrist."",""Perform for the recommended amount of repetitions, switch arms and repeat the movement.""}","{Seated_One-Arm_Dumbbell_Palms-Up_Wrist_Curl/0.jpg,Seated_One-Arm_Dumbbell_Palms-Up_Wrist_Curl/1.jpg}",,"",true,,
413,Seated Palm-Up Barbell Wrist Curl,isolation,barbell,forearms,{},true,"{""Hold a barbell with both hands and your palms facing up; hands spaced about shoulder width."",""Place your feet flat on the floor, at a distance that is slightly wider than shoulder width apart."",""Lean forward and place your forearms on top of your upper thighs with your palms up. Tip: Make sure that the front of the wrists lay on top of your knees. This will be your starting position."",""Lower the bar as far as possible while inhaling and keeping a tight grip."",""Now curl bar up as high as possible while flexing the forearms and exhaling. Hold the contraction at the top for a second and Tip: Only the wrist should move.""}","{Seated_Palm-Up_Barbell_Wrist_Curl/0.jpg,Seated_Palm-Up_Barbell_Wrist_Curl/1.jpg}",,"",true,,
414,Seated Palms-Down Barbell Wrist Curl,isolation,barbell,forearms,{},true,"{""Hold a barbell with both hands and your palms facing down; hands spaced about shoulder width."",""Place your feet flat on the floor, at a distance that is slightly wider than shoulder width apart."",""Lean forward and place your forearms on top of your upper thighs with your palms down. Tip: Make sure that the back of the wrists lay on top of your knees. This will be your starting position."",""Lower the bar as far as possible while inhaling and keeping a tight grip."",""Now curl bar up as high as possible while flexing the forearms and exhaling. Hold the contraction at the top for a second and Tip: Only the wrist should move.""}","{Seated_Palms-Down_Barbell_Wrist_Curl/0.jpg,Seated_Palms-Down_Barbell_Wrist_Curl/1.jpg}",,"",true,,
416,Seated Triceps Press,isolation,dumbbell,triceps,{},true,"{""Sit down on a bench with back support and grasp a dumbbell with both hands and hold it overhead at arm's length. Tip: a better way is to have somebody hand it to you especially if it is very heavy. The resistance should be resting in the palms of your hands with your thumbs around it. The palm of the hand should be facing inward. This will be your starting position."",""Keeping your upper arms close to your head (elbows in) and perpendicular to the floor, lower the resistance in a semi-circular motion behind your head until your forearms touch your biceps. Tip: The upper arms should remain stationary and only the forearms should move. Breathe in as you perform this step."",""Go back to the starting position by using the triceps to raise the dumbbell. Breathe out as you perform this step."",""Repeat for the recommended amount of repetitions.""}","{Seated_Triceps_Press/0.jpg,Seated_Triceps_Press/1.jpg}",,"",true,,
418,See-Saw Press (Alternating Side Press),compound,dumbbell,shoulders,"{abdominals,triceps}",false,"{""Grab a dumbbell with each hand and stand up erect."",""Clean (lift) the dumbbells to the chest/shoulder level and then rotate your wrists so that your palms are facing towards you as if you were getting ready to perform an Arnold Press. This will be your starting position."",""Now start extending your left arm overhead as you rotate the wrist so that the palm of your hand faces forward as you go up. Your elbows should come out also as you lift the weight. Simultaneously, you will also be bending from your hip to your opposite side. Tip: If you perform the exercise correctly, is should look as if you are trying to reach for something overhead on the right hand side of your body, but with your left arm. Breathe out as you perform this movement."",""Once you reach the top position breathe in. Then, with the weight fully extended overhead and you bent over to your right hand side, begin the movement to the left side."",""Repeat for the recommended amount of repetitions.""}","{See-Saw_Press_Alternating_Side_Press/0.jpg,See-Saw_Press_Alternating_Side_Press/1.jpg}",,"",true,,
419,Shotgun Row,compound,cable,lats,"{biceps,""middle back""}",true,"{""Attach a single handle to a low cable."",""After selecting the correct weight, stand a couple feet back with a wide-split stance. Your arm should be extended and your shoulder forward. This will be your starting position."",""Perform the movement by retracting the shoulder and flexing the elbow. As you pull, supinate the wrist, turning the palm upward as you go."",""After a brief pause, return to the starting position.""}","{Shotgun_Row/0.jpg,Shotgun_Row/1.jpg}",,"",true,,
423,Side Laterals to Front Raise,isolation,dumbbell,shoulders,{traps},true,"{""In a standing position, hold a pair of dumbbells at your side. This will be your starting position."",""Keeping your elbows slightly bent, raise the weights directly in front of you to shoulder height, avoiding any swinging or cheating."",""At the top of the exercise move the weights out in front of you, keeping your arms extended."",""Lower the weights with a controlled motion."",""On the next repetition, raise the weights in front of you to shoulder height before moving the weights laterally to your sides."",""Lower the weights to the starting position.""}","{Side_Laterals_to_Front_Raise/0.jpg,Side_Laterals_to_Front_Raise/1.jpg}",,"",true,,
420,Shoulder Press - With Bands,compound,bands,front delt,{triceps},true,"{""To begin, stand on an exercise band so that tension begins at arm's length. Grasp the handles and lift them so that the hands are at shoulder height at each side."",""Rotate the wrists so that the palms of your hands are facing forward. Your elbows should be bent, with the upper arms and forearms in line to the torso. This is your starting position."",""As you exhale, lift the handles up until your arms are fully extended overhead.""}","{Shoulder_Press_-_With_Bands/0.jpg,Shoulder_Press_-_With_Bands/1.jpg}",1,"12-20",false,false,false
424,Side Lateral Raise,isolation,dumbbell,lateral delt,{},true,"{""Pick a couple of dumbbells and stand with a straight torso and the dumbbells by your side at arms length with the palms of the hand facing you. This will be your starting position."",""While maintaining the torso in a stationary position (no swinging), lift the dumbbells to your side with a slight bend on the elbow and the hands slightly tilted forward as if pouring water in a glass. Continue to go up until you arms are parallel to the floor. Exhale as you execute this movement and pause for a second at the top."",""Lower the dumbbells back down slowly to the starting position as you inhale."",""Repeat for the recommended amount of repetitions.""}","{Side_Lateral_Raise/0.jpg,Side_Lateral_Raise/1.jpg}",4,"10-15",false,false,false
425,Side To Side Chins,compound,other,lats,"{biceps,forearms,""middle back"",shoulders}",false,"{""Grab the pull-up bar with the palms facing forward using a wide grip."",""As you have both arms extended in front of you holding the bar at a wide grip, bring your torso back around 30 degrees or so while creating a curvature on your lower back and sticking your chest out. This is your starting position."",""Pull your torso up while leaning to the left hand side until the bar almost touches your upper chest by drawing the shoulders and the upper arms down and back. Exhale as you perform this portion of the movement. Tip: Concentrate on squeezing the back muscles once you reach the full contracted position. The upper torso should remain stationary as it moves through space (no swinging) and only the arms should move. The forearms should do no other work other than hold the bar."",""After a second of contraction, inhale as you go back to the starting position."",""Now, pull your torso up while leaning to the right hand side until the bar almost touches your upper chest by drawing the shoulders and the upper arms down and back. Exhale as you perform this portion of the movement. Tip: Concentrate on squeezing the back muscles once you reach the full contracted position. The upper torso should remain stationary as it moves through space and only the arms should move. The forearms should do no other work other than hold the bar."",""After a second of contraction, inhale as you go back to the starting position."",""Repeat steps 3-6 until you have performed the prescribed amount of repetitions for each side.""}","{Side_To_Side_Chins/0.jpg,Side_To_Side_Chins/1.jpg}",,"",true,,
430,Single-Leg Leg Extension,isolation,machine,quadriceps,{},true,"{""Seat yourself in the machine and adjust it so that you are positioned properly. The pad should be against the lower part of the shin but not in contact with the ankle. Adjust the seat so that the pivot point is in line with your knee. Select a weight appropriate for your abilities."",""Maintaining good posture, fully extend one leg, pausing at the top of the motion."",""Return to the starting position without letting the weight stop, keeping tension on the muscle."",""Repeat for the desired number of repetitions.""}","{Single-Leg_Leg_Extension/0.jpg,Single-Leg_Leg_Extension/1.jpg}",,"",true,,
435,Sled Overhead Triceps Extension,isolation,other,triceps,{},true,"{""Attach dual handles to a sled using a chain or rope. Load the sled to an appropriate load."",""Facing away from the sled, step away until there is tension in the line. Raise your hands above your head, keeping them together, palms facing each other. Your elbows should be pointed upward with the elbows flexed. This will be your starting position."",""Extend through the elbow to straighten the arm. Ensure that your upper arm stays in position to isolate the triceps."",""Upon full extension, step forward to take the slack out of the line. You may keep your feet staggered for more stability.""}","{Sled_Overhead_Triceps_Extension/0.jpg,Sled_Overhead_Triceps_Extension/1.jpg}",,"",true,,
436,Sled Reverse Flye,isolation,other,shoulders,{},true,"{""Attach dual handles to a sled connected by a rope or chain. Load the sled to a light weight."",""Face the sled, backing up until there is some tension in the line. Take both handles at arms length at about waist level. Bend the knees slightly and keep your chest and head up. This will be your starting position."",""Without flexing the elbow, pull the handles upward and apart, performing a reverse fly with some external rotation. Your palms should be facing forward as you do this."",""Return to the starting position, taking a couple steps back to take the slack out of the line.""}","{Sled_Reverse_Flye/0.jpg,Sled_Reverse_Flye/1.jpg}",,"",true,,
437,Sled Row,compound,other,middle back,"{biceps,lats}",true,"{""Attach dual handles to a sled connected by a rope or chain. Load the sled to an appropriate weight. Face the sled, backing up until there is some tension in the line."",""With a handle in each hand, bend the knees slightly, keep your head and chest up, and begin with your arms extended."",""To initiate the movement, flex the elbow as you retract your shoulder blades, pulling the sled towards you."",""Take a step or two back to get tension in the line and repeat.""}","{Sled_Row/0.jpg,Sled_Row/1.jpg}",,"",true,,
439,Smith Machine Behind the Back Shrug,isolation,machine,traps,{shoulders},true,"{""With the bar at thigh level, load an appropriate weight."",""Stand with the bar behind you, taking a shoulder-width, pronated grip on the bar and unhook the weight. You should be standing up straight with your head and chest up and your arms extended. This will be your starting position."",""Initiate the movement by shrugging your shoulders straight up. Do not flex the arms or wrist during the movement."",""After a brief pause return the weight to the starting position."",""Repeat for the desired number of repetitions before engaging the hooks to rack the weight.""}","{Smith_Machine_Behind_the_Back_Shrug/0.jpg,Smith_Machine_Behind_the_Back_Shrug/1.jpg}",,"",true,,
426,Single-Arm Cable Crossover,isolation,cable,chest,{},true,"{""Begin by moving the pulleys to the high position, select the resistance to be used, and take a handle in each hand."",""Step forward in front of both pulleys with your arms extended in front of you, bringing your hands together. Your head and chest should be up as you lean forward, while your feet should be staggered. This will be your starting position."",""Keeping your left arm in place, allow your right arm to extend out to the side, maintaining a slight bend at the elbow. The right arm should be perpendicular to the body at approximately shoulder level."",""Return your arm back to the starting position by pulling your hand back to the midline of the body."",""Hold for a second at the starting position and repeat the movement on the opposite side. Continue alternating back and forth for the prescribed number of repetitions.""}","{Single-Arm_Cable_Crossover/0.jpg,Single-Arm_Cable_Crossover/1.jpg}",2,"8-12",false,false,false
445,Smith Machine Hang Power Clean,compound,machine,hamstrings,"{glutes,""lower back"",quadriceps,shoulders,traps}",false,"{""Position the bar at knee height and load it to an appropriate weight."",""Take a pronated grip on the bar outside of shoulder width and unhook the bar from the machine. Your arms should be fully extended with your head and chest up. Your elbows should be pointed out with your shoulders back and down. Your hips should be back, loading the tension into the hamstrings. This will be your starting position."",""Initate the movement by forcefully extending the hips and knees, accelerating into the bar. Ensure that you keep your arms straight during this part of the motion."",""Upon full extension, rebend the hips and knees to lower your receiving position."",""Allow the arms to flex at this point, rotating the elbows around the bar to receive it on your shoulders."",""Extend through the hips and knees to come to a standing position with the bar racked on your shoulders to complete the movement.""}","{Smith_Machine_Hang_Power_Clean/0.jpg,Smith_Machine_Hang_Power_Clean/1.jpg}",,"",true,,
446,Smith Machine Hip Raise,isolation,machine,abdominals,{},true,"{""Position a bench in the rack and load the bar to an appropriate weight. Lie down on the bench, placing the bottom of your feet against the bar. Unlock the bar and extend your legs. You may need to use your hands to assist you. For added stability grasp the sides of the Smith Machine. This will be your starting position."",""Initiate the movement by rotating your pelvis, flexing your spine to raise your hips off of the bench. Maintain a slight bend in the knees throughout the motion."",""After a brief pause, return the hips to the bench."",""Repeat for the desired number of repetitions.""}","{Smith_Machine_Hip_Raise/0.jpg,Smith_Machine_Hip_Raise/1.jpg}",,"",true,,
449,Smith Machine One-Arm Upright Row,compound,machine,shoulders,"{biceps,traps}",true,"{""With the bar at thigh level, load an appropriate weight."",""Take a wide grip on the bar and unhook the weight, removing your off hand from the bar. Your arm should be extended as you stand up straight with your head and chest up. This will be your starting position."",""Begin the movement by flexing the elbow, raising the upper arm with the elbow pointed out. Continue until your upper arm is parallel to the floor."",""After a brief pause, return the weight to the starting position."",""Repeat for the desired number of repetitions before engaging the hooks to rack the weight.""}","{Smith_Machine_One-Arm_Upright_Row/0.jpg,Smith_Machine_One-Arm_Upright_Row/1.jpg}",,"",true,,
448,Smith Machine Leg Press,compound,machine,quadriceps,"{calves,glutes,hamstrings}",false,"{""Position a Smith machine bar a couple feet off of the ground. Ensure that it is resting on the safeties. After loading the bar to an appropriate weight, lie underneath the bar. Place the middle of your feet on the bar, tucking your knees to your chest. This will be your starting position."",""Begin the movement by driving through your feet to move the bar upward, extending the hips and knees. Do not lock out your knees."",""At the top of the motion, pause briefly before returning to the starting position.""}","{Smith_Machine_Leg_Press/0.jpg,Smith_Machine_Leg_Press/1.jpg}",2,"6-10",false,false,false
459,Spell Caster,compound,dumbbell,abdominals,"{glutes,shoulders}",true,"{""Hold a dumbbell in each hand with a pronated grip. Your feet should be wide with your hips and knees extended. This will be your starting position."",""Begin the movement by pulling both of the dumbbells to one side next to your hip, rotating your torso."",""Keeping your arms straight and the dumbbells parallel to the ground, rotate your torso to swing the weights to your opposite side."",""Continue alternating, rotating from one side to the other until the set is complete.""}","{Spell_Caster/0.jpg,Spell_Caster/1.jpg}",,"",true,,
455,Smith Machine Upright Row,compound,machine,traps,"{biceps,""middle back"",shoulders}",true,"{""To begin, set the bar on the smith machine to a height that is around the middle of your thighs. Once the correct height is chosen and the bar is loaded, grasp the bar using a pronated (palms forward) grip that is shoulder width apart. You may need some wrist wraps if using a significant amount of weight."",""Lift the barbell up and fully extend your arms with your back straight. There should be a slight bend at the elbows. This is the starting position."",""Use your side shoulders to lift the bar as you exhale. The bar should be close to the body as you move it up. Continue to lift it until it nearly touches your chin. Tip: Your elbows should drive the motion. As you lift the bar, your elbows should always be higher than your forearms. Also, keep your torso stationary and pause for a second at the top of the movement."",""Lower the bar back down slowly to the starting position. Inhale as you perform this portion of the movement."",""Repeat for the recommended amount of repetitions.""}","{Smith_Machine_Upright_Row/0.jpg,Smith_Machine_Upright_Row/1.jpg}",,"",true,,
353,Plate Twist,compound,other,abdominals,{},false,"{""Lie down on the floor or an exercise mat with your legs fully extended and your upper body upright. Grab the plate by its sides with both hands out in front of your abdominals with your arms slightly bent."",""Slowly cross your legs near your ankles and lift them up off the ground. Your knees should also be bent slightly. Note: Move your upper body back slightly to help keep you balanced turning this exercise. This is the starting position."",""Move the plate to the left side and touch the floor with it. Breathe out as you perform that movement."",""Come back to the starting position as you breathe in and then repeat the movement but this time to the right side of the body. Tip: Use a slow controlled movement at all times. Jerking motions can injure the back."",""Repeat for the recommended amount of repetitions.""}","{Plate_Twist/0.jpg,Plate_Twist/1.jpg}",,,true,,
457,Snatch Pull,compound,barbell,hamstrings,"{calves,glutes,""lower back"",quadriceps,traps}",false,"{""With a barbell on the floor close to the shins, take a wide snatch grip. Lower your hips with the weight focused on the heels, back straight, head facing forward, chest up, with your shoulders just in front of the bar. This will be your starting position."",""Begin the first pull by driving through the heels, extending your knees. Your back angle should stay the same, and your arms should remain straight. Move the weight with control as you continue to above the knees."",""Next comes the second pull, the main source of acceleration for the pull. As the bar approaches the mid-thigh position, begin extending through the hips. In a jumping motion, accelerate by extending the hips, knees, and ankles, using speed to move the bar upward."",""There should be no need to actively pull through the arms to accelerate the weight; at the end of the second pull, the body should be fully extended, leaning slightly back. Full extension should be violent and abrupt, and ensure that you do not prolong the extension for longer than necessary.""}","{Snatch_Pull/0.jpg,Snatch_Pull/1.jpg}",,"",true,,
460,Spider Crawl,compound,body only,abdominals,"{chest,shoulders,triceps}",true,"{""Begin in a prone position on the floor. Support your weight on your hands and toes, with your feet together and your body straight. Your arms should be bent to 90 degrees. This will be your starting position."",""Initiate the movement by raising one foot off of the ground. Externally rotate the leg and bring the knee toward your elbow, as far forward as possible."",""Return this leg to the starting position and repeat on the opposite side.""}","{Spider_Crawl/0.jpg,Spider_Crawl/1.jpg}",,"",true,,
464,Squat with Plate Movers,compound,barbell,quadriceps,"{abductors,adductors,calves,glutes,hamstrings}",false,"{""To begin, first set the bar on a rack to just below shoulder level. Position a weight plate on the ground a couple feet back from the rack. Once the bar is loaded, step under it and place the back of your shoulders across it."",""Hold on to the bar with both hands and lift it off the rack by first pushing with your legs and at the same time straighten your torso."",""Step away from the rack and adopt a wide stance with the toes slightly pointed out, with one foot on the weight plate. Keep your head up at all times. This will be your starting position."",""Begin to slowly lower the bar by bending the knees and hips. Continue down until the angle between the upper leg and the calves becomes slightly less than 90-degrees."",""Raise the bar as you exhale by pushing the floor with the heels of your feet as you extend the hips and knees."",""At the top of the movement, side step, bringing your feet together on the opposite side of the plate."",""Using your inside foot, push the weight plate, sliding it across the floor to where you were just standing."",""Place your inside foot on the weight plate, adopting a wide stance for the next repetition.""}","{Squat_with_Plate_Movers/0.jpg,Squat_with_Plate_Movers/1.jpg}",,"",true,,
465,Standing Alternating Dumbbell Press,compound,dumbbell,shoulders,{triceps},true,"{""Stand with a dumbbell in each hand. Raise the dumbbells to your shoulders with your palms facing forward and your elbows pointed out. This will be your starting position."",""Extend one arm to press the dumbbell straight up, keeping your off hand in place. Do not lean or jerk the weight during the movement."",""After a brief pause, return the weight to the starting position."",""Repeat for the opposite side, continuing to alternate between arms.""}","{Standing_Alternating_Dumbbell_Press/0.jpg,Standing_Alternating_Dumbbell_Press/1.jpg}",,"",true,,
467,Standing Barbell Press Behind Neck,compound,barbell,shoulders,{triceps},false,"{""This exercise is best performed inside a squat rack for easier pick up of the bar. To begin, first set the bar on a rack that best matches your height. Once the correct height is chosen and the bar is loaded, step under the bar and place the back of your shoulders (slightly below the neck) across it."",""Hold on to the bar using both arms at each side and lift it off the rack by first pushing with your legs and at the same time straightening your torso."",""Step away from the rack and position your legs using a shoulder width medium stance with the toes slightly pointed out. Your back should be kept straight while performing this exercise. This will be your starting position."",""Elevate the barbell overhead by fully extending your arms while breathing out."",""Hold the contraction for a second and lower the barbell back down to the starting position by inhaling."",""Repeat for the recommended amount of repetitions.""}","{Standing_Barbell_Press_Behind_Neck/0.jpg,Standing_Barbell_Press_Behind_Neck/1.jpg}",,"",true,,
468,Standing Bent-Over One-Arm Dumbbell Triceps Extension,isolation,dumbbell,triceps,{shoulders},true,"{""With a dumbbell in one hand and the palm facing your torso, bend your knees slightly and bring your torso forward, by bending at the waist, while keeping the back straight until it is almost parallel to the floor. Make sure that you keep the head up."",""The upper arm should be close to the torso and parallel to the floor while the forearm is pointing towards the floor as the hand holds the weight. Tip: There should be a 90-degree angle between the forearm and the upper arm. This is your starting position."",""Keeping the upper arms stationary, use the triceps to lift the weights as you exhale until the forearms are parallel to the floor and the whole arm is extended. Like many other arm exercises, only the forearm moves."",""After a second contraction at the top, slowly lower the dumbbell back to the starting position as you inhale."",""Repeat the movement for the prescribed amount of repetitions."",""Switch arms and repeat the exercise.""}","{Standing_Bent-Over_One-Arm_Dumbbell_Triceps_Extension/0.jpg,Standing_Bent-Over_One-Arm_Dumbbell_Triceps_Extension/1.jpg}",,"",true,,
469,Standing Bent-Over Two-Arm Dumbbell Triceps Extension,isolation,dumbbell,triceps,{},true,"{""With a dumbbell in each hand and the palms facing your torso, bend your knees slightly and bring your torso forward, by bending at the waist, while keeping the back straight until it is almost parallel to the floor. Make sure that you keep the head up. The upper arms should be close to the torso and parallel to the floor while the forearms are pointing towards the floor as the hands hold the weights. Tip: There should be a 90-degree angle between the forearms and the upper arm. This is your starting position."",""Keeping the upper arms stationary, use the triceps to lift the weights as you exhale until the forearms are parallel to the floor and the whole arms are extended. Like many other arm exercises, only the forearm moves."",""After a second contraction at the top, slowly lower the dumbbells back to their starting position as you inhale."",""Repeat the movement for the prescribed amount of repetitions.""}","{Standing_Bent-Over_Two-Arm_Dumbbell_Triceps_Extension/0.jpg,Standing_Bent-Over_Two-Arm_Dumbbell_Triceps_Extension/1.jpg}",,"",true,,
471,Standing Bradford Press,compound,barbell,shoulders,{triceps},true,"{""Place a loaded bar at shoulder level in a rack. With a pronated grip at shoulder width, begin with the bar racked across the front of your shoulders. This is your starting position."",""Initiate the lift by extending the elbows to press the bar overhead. Avoid locking out the elbow as you move the weight behind your head."",""Lower the bar down to the back of the head until your elbow forms a right angle."",""Lift the bar back over your head by extending the elbows"",""Lower the bar down to the starting position."",""Alternate in this manner until you complete the recommended amount of repetitions.""}","{Standing_Bradford_Press/0.jpg,Standing_Bradford_Press/1.jpg}",,"",true,,
472,Standing Cable Chest Press,compound,cable,chest,"{shoulders,triceps}",true,"{""Position dual pulleys to chest height and select an appropriate weight. Stand a foot or two in front of the cables, holding one in each hand. You can stagger your stance for better stability."",""Position the upper arm at a 90 degree angle with the shoulder blades together. This will be your starting position."",""Keeping the rest of the body stationary, extend through the elbows to press the handles forward, drawing them together in front of you."",""Pause at the top of the motion, and return to the starting position.""}","{Standing_Cable_Chest_Press/0.jpg,Standing_Cable_Chest_Press/1.jpg}",,"",true,,
473,Standing Cable Lift,compound,cable,abdominals,{shoulders},true,"{""Connect a standard handle on a tower, and move the cable to the lowest pulley position."",""With your side to the cable, grab the handle with one hand and step away from the tower. You should be approximately arm's length away from the pulley, with the tension of the weight on the cable. Your outstretched arm should be aligned with the cable."",""With your feet positioned shoulder width apart, squat down and grab the handle with both hands. Your arms should still be fully extended."",""In one motion, pull the handle up and across your body until your arms are in a fully-extended position above your head."",""Keep your back straight and your arms close to your body as you pivot your back foot and straighten your legs to get a full range of motion."",""Retract your arms and then your body. Return to the neutral position in a slow and controlled manner."",""Repeat to failure."",""Then, reposition and repeat the same series of movements on the opposite side.""}","{Standing_Cable_Lift/0.jpg,Standing_Cable_Lift/1.jpg}",,"",true,,
480,Standing Dumbbell Straight-Arm Front Delt Raise Above Head,isolation,dumbbell,shoulders,{},false,"{""Hold the dumbbells in front of your thighs, palms facing your thighs."",""Keep your arms straight with a slight bend at the elbows but keep them locked. This will be your starting position."",""Raise the dumbbells in a semicircular motion to arm's length overhead as you exhale."",""Slowly return to the starting position using the same path as you inhale."",""Repeat for the recommended amount of repetitions.""}","{Standing_Dumbbell_Straight-Arm_Front_Delt_Raise_Above_Head/0.jpg,Standing_Dumbbell_Straight-Arm_Front_Delt_Raise_Above_Head/1.jpg}",,"",true,,
482,Standing Dumbbell Upright Row,compound,dumbbell,traps,"{biceps,shoulders}",true,"{""Grasp a dumbbell in each hand with a pronated (palms forward) grip that is slightly less than shoulder width. The dumbbells should be resting on top of your thighs. Your arms should be extended with a slight bend at the elbows and your back should be straight. This will be your starting position."",""Use your side shoulders to lift the dumbbells as you exhale. The dumbbells should be close to the body as you move it up and the elbows should drive the motion. Continue to lift them until they nearly touch your chin. Tip: Your elbows should drive the motion. As you lift the dumbbells, your elbows should always be higher than your forearms. Also, keep your torso stationary and pause for a second at the top of the movement."",""Lower the dumbbells back down slowly to the starting position. Inhale as you perform this portion of the movement."",""Repeat for the recommended amount of repetitions.""}","{Standing_Dumbbell_Upright_Row/0.jpg,Standing_Dumbbell_Upright_Row/1.jpg}",,"",true,,
483,Standing Front Barbell Raise Over Head,isolation,barbell,shoulders,{},false,"{""To begin, stand straight with a barbell in your hands. You should grip the bar with palms facing down and a closer than shoulder width grip apart from each other."",""Your feet should be shoulder width apart from each other. Your elbows should be slightly bent. This is the starting position."",""Lift the barbell up until it is directly over your head while exhaling. Make sure to keep your elbows slightly bent when performing each repetition."",""Once you feel the contraction, begin to lower the barbell back down to the starting position as you inhale."",""Repeat for the recommended amount of repetitions.""}","{Standing_Front_Barbell_Raise_Over_Head/0.jpg,Standing_Front_Barbell_Raise_Over_Head/1.jpg}",,"",true,,
484,Standing Inner-Biceps Curl,isolation,dumbbell,biceps,{},false,"{""Stand up with a dumbbell in each hand being held at arms length. The elbows should be close to the torso. Your legs should be at about shoulder's width apart from each other."",""Rotate the palms of the hands so that they are facing inward in a neutral position. This will be your starting position."",""While holding the upper arms stationary, curl the weights out while contracting the biceps as you breathe out. Your wrist should turn so that when the weights are fully elevated you have supinated grip (palms facing up)."",""Only the forearms should move. Continue the movement until your biceps are fully contracted and the dumbbells are at shoulder level. Tip: Keep the forearms aligned with your outer deltoids."",""Hold the contracted position for a second as you squeeze the biceps."",""Slowly begin to bring the dumbbells back to the starting position as your breathe in. Remember to rotate the wrists as you lower the weight in order to switch back to a neutral grip."",""Repeat for the recommended amount of repetitions.""}","{Standing_Inner-Biceps_Curl/0.jpg,Standing_Inner-Biceps_Curl/1.jpg}",,"",true,,
508,Suspended Push-Up,compound,other,chest,"{shoulders,triceps}",true,"{""Anchor your suspension straps securely to the top of a rack or other object."",""Leaning into the straps, take a handle in each hand and move into a push-up plank position. You should be as close to parallel to the ground as you can manage with your arms fully extended, maintaining good posture."",""Maintaining a straight, rigid torso, descend slowly by allowing the elbows to flex."",""Continue until your elbows break 90 degrees, pausing before you extend to return to the starting position.""}","{Suspended_Push-Up/0.jpg,Suspended_Push-Up/1.jpg}",,"",true,,
486,Standing Low-Pulley Deltoid Raise,isolation,cable,shoulders,{forearms},true,"{""Start by standing to the right side of a low pulley row. Use your left hand to come across the body and grab a single handle attached to the low pulley with a pronated grip (palms facing down). Rest your arm in front of you. Your right hand should grab the machine for better support and balance."",""Make sure that your back is erect and your feet are shoulder width apart from each other. This is the starting position."",""Begin to use the left hand and come across your body out until it is elevated to shoulder height while exhaling."",""Feel the contraction at the top for a second and begin to slowly lower the handle back down to the original starting position while inhaling."",""Repeat for the recommended amount of repetitions."",""Switch arms and repeat the exercise.""}","{Standing_Low-Pulley_Deltoid_Raise/0.jpg,Standing_Low-Pulley_Deltoid_Raise/1.jpg}",,"",true,,
487,Standing Low-Pulley One-Arm Triceps Extension,isolation,cable,triceps,"{chest,shoulders}",false,"{""Grab a single handle with your left arm next to the low pulley machine. Turn away from the machine keeping the handle to the side of your body with your arm fully extended. Now use both hands to elevate the single handle directly above the head with the palm facing forward. Keep your upper arm completely vertical (perpendicular to the floor) and put your right hand on your left elbow to help keep it steady. This is the starting position."",""Keeping your upper arms close to your head (elbows in) and perpendicular to the floor, lower the resistance in a semicircular motion behind your head until your forearms touch your biceps. Tip: The upper arms should remain stationary and only the forearms should move. Breathe in as you perform this step."",""Go back to the starting position by using the triceps to raise the single handle. Breathe out as you perform this step."",""Repeat for the recommended amount of repetitions."",""Switch arms and repeat the exercise.""}","{Standing_Low-Pulley_One-Arm_Triceps_Extension/0.jpg,Standing_Low-Pulley_One-Arm_Triceps_Extension/1.jpg}",,"",true,,
489,Standing Olympic Plate Hand Squeeze,isolation,other,forearms,{biceps},true,"{""To begin, stand straight while holding a weight plate by the ridge at arm's length in each hand using a neutral grip (palms facing in). You feet should be shoulder width apart from each other. This will be your starting position."",""Lower the plates until the fingers are nearly extended but can still hold weights. Inhale as you lower the plates."",""Now raise the plates back to the starting position as you exhale by closing your hands."",""Repeat for the recommended amount of repetitions prescribed in your program.""}","{Standing_Olympic_Plate_Hand_Squeeze/0.jpg,Standing_Olympic_Plate_Hand_Squeeze/1.jpg}",,"",true,,
490,Standing One-Arm Cable Curl,isolation,cable,biceps,{},false,"{""Start out by grabbing single handle next to the low pulley machine. Make sure you are far enough from the machine so that your arm is supporting the weight."",""Make sure that your upper arm is stationary, perpendicular to the floor with elbows in and palms facing forward. Your non lifting arm should be grabbing your waist. This will allow you to keep your balance."",""Slowly begin to curl the single handle upwards while keeping the upper arm stationary until your forearm touches your bicep while exhaling. Tip: Only the forearm should move."",""Hold the contraction position as you squeeze the bicep and then lower the single handle back down to the starting position as you inhale."",""Repeat for the recommended amount of repetitions."",""Switch arms while performing this exercise.""}","{Standing_One-Arm_Cable_Curl/0.jpg,Standing_One-Arm_Cable_Curl/1.jpg}",,"",true,,
491,Standing One-Arm Dumbbell Curl Over Incline Bench,isolation,dumbbell,biceps,{},true,"{""Stand on the back side of an incline bench as if you were going to be a spotter for someone. Have a dumbbell in one hand and rest it across the incline bench with a supinated (palms up) grip."",""Position your non lifting hand at the corner or side of the incline bench. The chest should be pressed against the top part of the incline and your feet should be pressed against the floor at a wide stance. This is the starting position."",""While holding the upper arm stationary, curl the dumbbell upward while contracting the biceps as you breathe out. Only the forearms should move. Continue the movement until your biceps are fully contracted and the dumbbell is at shoulder level. Hold the contracted position for a second."",""Slowly begin to bring the dumbbells back to starting position as your breathe in."",""Repeat for the recommended amount of repetitions."",""Switch arms while performing this exercise.""}","{Standing_One-Arm_Dumbbell_Curl_Over_Incline_Bench/0.jpg,Standing_One-Arm_Dumbbell_Curl_Over_Incline_Bench/1.jpg}",,"",true,,
492,Standing One-Arm Dumbbell Triceps Extension,isolation,dumbbell,triceps,"{chest,shoulders}",true,"{""To begin, stand up with a dumbbell held in one hand. Your feet should be about shoulder width apart from each other. Now fully extend the arm with the dumbbell over your head. Tip: The small finger of your hand should be facing the ceiling and the palm of your hand should be facing forward. The dumbbell should be above your head."",""This will be your starting position."",""Keeping your upper arm close to your head (elbows in) and perpendicular to the floor, lower the resistance in a semicircular motion behind your head until your forearm touch your bicep. Tip: The upper arm should remain stationary and only the forearm should move. Breathe in as you perform this step."",""Go back to the starting position by using the triceps to raise the dumbbell. Breathe out as you perform this step."",""Repeat for the recommended amount of repetitions."",""Switch arms and repeat the exercise.""}","{Standing_One-Arm_Dumbbell_Triceps_Extension/0.jpg,Standing_One-Arm_Dumbbell_Triceps_Extension/1.jpg}",,"",true,,
493,Standing Overhead Barbell Triceps Extension,isolation,barbell,triceps,{shoulders},true,"{""To begin, stand up holding a barbell or e-z bar using a pronated grip (palms facing forward) with your hands closer than shoulder width apart from each other. Your feet should be about shoulder width apart."",""Now elevate the barbell above your head until your arms are fully extended. Keep your elbows in. This will be your starting position."",""Keeping your upper arms close to your head and elbows in, perpendicular to the floor, lower the resistance in a semicircular motion behind your head until your forearms touch your biceps. Tip: The upper arms should remain stationary and only the forearms should move. Breathe in as you perform this step."",""Go back to the starting position by using the triceps to raise the barbell. Breathe out as you perform this step."",""Repeat for the recommended amount of repetitions.""}","{Standing_Overhead_Barbell_Triceps_Extension/0.jpg,Standing_Overhead_Barbell_Triceps_Extension/1.jpg}",1,"8-12",false,false,false
494,Standing Palm-In One-Arm Dumbbell Press,compound,dumbbell,shoulders,{triceps},true,"{""Start by having a dumbbell in one hand with your arm fully extended to the side using a neutral grip. Use your other arm to hold on to an incline bench to keep your balance."",""Your feet should be shoulder width apart from each other. Now slowly lift the dumbbell up until you create a 90 degree angle with your arm. Note: Your forearm should be perpendicular to the floor. Continue to maintain a neutral grip throughout the entire exercise."",""Slowly lift the dumbbell up until your arm is fully extended. This the starting position."",""While inhaling lower the weight down until your arm is at a 90 degree angle again."",""Feel the contraction for a second and then lift the weight back up towards the starting position while exhaling. Remember to hold on to the incline bench and keep your feet positioned to keep balance during the exercise."",""Repeat for the recommended amount of repetitions."",""Switch arms and repeat the exercise.""}","{Standing_Palm-In_One-Arm_Dumbbell_Press/0.jpg,Standing_Palm-In_One-Arm_Dumbbell_Press/1.jpg}",,"",true,,
495,Standing Palms-In Dumbbell Press,compound,dumbbell,shoulders,{triceps},false,"{""Start by having a dumbbell in each hand with your arm fully extended to the side using a neutral grip. Your feet should be shoulder width apart from each other. Now slowly lift the dumbbells up until you create a 90 degree angle with your arms. Note: Your forearms should be perpendicular to the floor. This the starting position."",""Continue to maintain a neutral grip throughout the entire exercise. Slowly lift the dumbbells up until your arms are fully extended."",""While inhaling lower the weights down until your arm is at a 90 degree angle again."",""Repeat for the recommended amount of repetitions.""}","{Standing_Palms-In_Dumbbell_Press/0.jpg,Standing_Palms-In_Dumbbell_Press/1.jpg}",,"",true,,
496,Standing Palms-Up Barbell Behind The Back Wrist Curl,isolation,barbell,forearms,{},true,"{""Start by standing straight and holding a barbell behind your glutes at arm's length while using a pronated grip (palms will be facing back away from the glutes) and having your hands shoulder width apart from each other."",""You should be looking straight forward while your feet are shoulder width apart from each other. This is the starting position."",""While exhaling, slowly elevate the barbell up by curling your wrist in a semi-circular motion towards the ceiling. Note: Your wrist should be the only body part moving for this exercise."",""Hold the contraction for a second and lower the barbell back down to the starting position while inhaling."",""Repeat for the recommended amount of repetitions."",""When finished, lower the barbell down to the squat rack or the floor by bending the knees. Tip: It is easiest to either pick it up from a squat rack or have a partner hand it to you.""}","{Standing_Palms-Up_Barbell_Behind_The_Back_Wrist_Curl/0.jpg,Standing_Palms-Up_Barbell_Behind_The_Back_Wrist_Curl/1.jpg}",,"",true,,
497,Standing Rope Crunch,isolation,cable,abdominals,{},true,"{""Attach a rope to a high pulley and select an appropriate weight."",""Stand with your back to the cable tower. Take the rope with both hands over your shoulders, holding it to your upper chest. This will be your starting position."",""Perform the movement by flexing the spine, crunching the weight down as far as you can."",""Hold the peak contraction for a moment before returning to the starting position.""}","{Standing_Rope_Crunch/0.jpg,Standing_Rope_Crunch/1.jpg}",,"",true,,
512,Svend Press,compound,other,chest,"{forearms,shoulders,triceps}",true,"{""Begin in a standing position."",""Press two lightweight plates together with your hands. Hold the plates together close to your chest to create an isometric contraction in your chest muscles. Your fingers should be pointed forward. This is your starting position."",""Squeeze the plates between your palms and extend your arms directly out in front of you in a controlled motion."",""Pause at the top of the motion, and then slowly return to the starting position.""}","{Svend_Press/0.jpg,Svend_Press/1.jpg}",,"",true,,
503,Straight-Arm Dumbbell Pullover,compound,dumbbell,chest,"{lats,shoulders,triceps}",false,"{""Place a dumbbell standing up on a flat bench."",""Ensuring that the dumbbell stays securely placed at the top of the bench, lie perpendicular to the bench (torso across it as in forming a cross) with only your shoulders lying on the surface. Hips should be below the bench and legs bent with feet firmly on the floor. The head will be off the bench as well."",""Grasp the dumbbell with both hands and hold it straight over your chest at arms length. Both palms should be pressing against the underside one of the sides of the dumbbell. This will be your starting position.
Caution: Always ensure that the dumbbell used for this exercise is secure. Using a dumbbell with loose plates can result in the dumbbell falling apart and falling on your face."",""While keeping your arms straight, lower the weight slowly in an arc behind your head while breathing in until you feel a stretch on the chest."",""At that point, bring the dumbbell back to the starting position using the arc through which the weight was lowered and exhale as you perform this movement."",""Hold the weight on the initial position for a second and repeat the motion for the prescribed number of repetitions.""}","{Straight-Arm_Dumbbell_Pullover/0.jpg,Straight-Arm_Dumbbell_Pullover/1.jpg}",,"",true,,
505,Straight Bar Bench Mid Rows,compound,barbell,middle back,"{biceps,lats}",true,"{""Place a loaded barbell on the end of a bench. Standing on the bench behind the bar, take a medium, pronated grip. Stand with your hips back and chest up, maintaining a neutral spine. This will be your starting position."",""Row the bar to your torso by retracting the shoulder blades and flexing the elbows. Use a controlled movement with no jerking."",""After a brief pause, slowly return the bar to the starting position, ensuring to go all the way down.""}","{Straight_Bar_Bench_Mid_Rows/0.jpg,Straight_Bar_Bench_Mid_Rows/1.jpg}",,"",true,,
506,Straight Raises on Incline Bench,isolation,barbell,shoulders,{traps},true,"{""Place a bar on the ground behind the head of an incline bench."",""Lay on the bench face down. With a pronated grip, pick the barbell up from the floor, keeping your arms straight. Allow the bar to hang straight down. This will be your starting position."",""To begin, raise the barbell out in front of your head while keeping your arms extended."",""Return to the starting position.""}","{Straight_Raises_on_Incline_Bench/0.jpg,Straight_Raises_on_Incline_Bench/1.jpg}",,"",true,,
507,Suspended Fallout,isolation,other,abdominals,"{chest,""lower back"",shoulders}",false,"{""Adjust the straps so the handles are at an appropriate height, below waist level."",""Begin standing and grasping the handles. Lean into the straps, moving to an incline push-up position. This will be your starting position."",""Keeping your arms straight, lean further into the suspension straps, bringing your body closer to the ground, allowing your shoulders to extend, raising your arms up and over your head."",""Maintain a neutral spine and keep the rest of your body straight, your shoulders being the only joints allowed to move."",""Pause during the peak contraction, and then return to the starting position.""}","{Suspended_Fallout/0.jpg,Suspended_Fallout/1.jpg}",,"",true,,
509,Suspended Reverse Crunch,isolation,other,abdominals,{},true,"{""Secure a set of suspension straps with the handles hanging about a foot off of the ground. Move yourself into a pushup plank position facing away from the rack."",""Place your feet into the handles. You should maintain a straight posture, not allowing the hips to sag. This will be your starting position."",""Begin the movement by flexing the knees and hips, drawing the knees to your torso. As you do so, anteriorly tilt your pelvis, allowing your spine to flex."",""At the top of the controlled motion, return to the starting position.""}","{Suspended_Reverse_Crunch/0.jpg,Suspended_Reverse_Crunch/1.jpg}",,"",true,,
510,Suspended Row,compound,other,middle back,"{biceps,lats}",true,"{""Suspend your straps at around chest height. Take a handle in each hand and lean back. Keep your body erect and your head and chest up. Your arms should be fully extended. This will be your starting position."",""Begin by flexing the elbow to initiate the movement. Protract your shoulder blades as you do so."",""At the completion of the motion pause, and then return to the starting position.""}","{Suspended_Row/0.jpg,Suspended_Row/1.jpg}",,"",true,,
511,Suspended Split Squat,compound,other,quadriceps,"{abductors,adductors,calves,glutes,hamstrings}",false,"{""Suspend your straps so the handles are 18-30 inches from the floor."",""Facing away from the setup, place your rear foot into the handle behind you. Keep your head looking forward and your chest up, with your knee slightly bent. This will be your starting position."",""Descend by flexing the knee and hips, lowering yourself to the ground. Keep your weight on the heel of your foot and maintain your posture throughout the exercise."",""At the bottom of the movement, reverse the motion, extending through the hip and knee to return to the starting position.""}","{Suspended_Split_Squat/0.jpg,Suspended_Split_Squat/1.jpg}",,"",true,,
513,T-Bar Row with Handle,compound,barbell,middle back,"{biceps,lats}",true,"{""Position a bar into a landmine or in a corner to keep it from moving. Load an appropriate weight onto your end."",""Stand over the bar, and position a Double D row handle around the bar next to the collar. Using your hips and legs, rise to a standing position."",""Assume a wide stance with your hips back and your chest up. Your arms should be extended. This will be your starting position."",""Pull the weight to your upper abdomen by retracting the shoulder blades and flexing the elbows. Do not jerk the weight or cheat during the movement."",""After a brief pause, return to the starting position.""}","{T-Bar_Row_with_Handle/0.jpg,T-Bar_Row_with_Handle/1.jpg}",,"",true,,
514,Tate Press,isolation,dumbbell,triceps,"{chest,shoulders}",false,"{""Lie down on a flat bench with a dumbbell in each hand on top of your thighs. The palms of your hand will be facing each other."",""By using your thighs to help you get the dumbbells up, clean the dumbbells one arm at a time so that you can hold them in front of you at shoulder width. Note: when holding the dumbbells in front of you, make sure your arms are wider than shoulder width apart from each other using a pronated (palms forward) grip. Allow your elbows to point out. This is your starting position."",""Keeping the upper arms stationary, slowly move the dumbbells in and down in a semi circular motion until they touch the upper chest while inhaling. Keep full control of the dumbbells at all times and do not move the upper arms nor rest the dumbbells on the chest."",""As you breathe out, move the dumbbells up using your triceps and the same semi-circular motion but in reverse. Attempt to keep the dumbbells together as they move up. Lock your arms in the contracted position, hold for a second and then start coming down again slowly again. Tip: It should take at least twice as long to go down than to come up."",""Repeat the movement for the prescribed amount of repetitions of your training program.""}","{Tate_Press/0.jpg,Tate_Press/1.jpg}",,"",true,,
518,Triceps Overhead Extension with Rope,isolation,cable,triceps,{},true,"{""Attach a rope to a low pulley. After selecting an appropriate weight, grasp the rope with both hands and face away from the cable."",""Position your hands behind your head with your elbows point straight up. Your elbows should start out flexed, and you can stagger your stance and lean gently away from the machine to create greater stability. This will be your starting position."",""To perform the movement, extend through the elbow while keeping the upper arm in position, raising your hands above your head."",""Squeeze your triceps at the top of the movement, and slowly lower the weight back to the start position.""}","{Triceps_Overhead_Extension_with_Rope/0.jpg,Triceps_Overhead_Extension_with_Rope/1.jpg}",,"",true,,
515,Thigh Abductor,isolation,machine,abductors,{glutes},true,"{""To begin, sit down on the abductor machine and select a weight you are comfortable with. When your legs are positioned properly, grip the handles on each side. Your entire upper body (from the waist up) should be stationary. This is the starting position."",""Slowly press against the machine with your legs to move them away from each other while exhaling."",""Feel the contraction for a second and begin to move your legs back to the starting position while breathing in. Note: Remember to keep your upper body stationary to prevent any injuries from occurring."",""Repeat for the recommended amount of repetitions.""}","{Thigh_Abductor/0.jpg,Thigh_Abductor/1.jpg}",4,"8-12",false,false,false
520,Triceps Pushdown - Rope Attachment,isolation,cable,triceps,{},true,"{""Attach a rope attachment to a high pulley and grab with a neutral grip (palms facing each other)."",""Standing upright with the torso straight and a very small inclination forward, bring the upper arms close to your body and perpendicular to the floor. The forearms should be pointing up towards the pulley as they hold the rope with the palms facing each other. This is your starting position."",""Using the triceps, bring the rope down as you bring each side of the rope to the side of your thighs. At the end of the movement the arms are fully extended and perpendicular to the floor. The upper arms should always remain stationary next to your torso and only the forearms should move. Exhale as you perform this movement."",""After holding for a second, at the contracted position, bring the rope slowly up to the starting point. Breathe in as you perform this step."",""Repeat for the recommended amount of repetitions.""}","{Triceps_Pushdown_-_Rope_Attachment/0.jpg,Triceps_Pushdown_-_Rope_Attachment/1.jpg}",,"",true,,
523,Tuck Crunch,isolation,body only,abdominals,{},true,"{""To begin, lie down on the floor or an exercise mat with your back pressed against the floor. Your arms should be lying across your sides with the palms facing down."",""Your legs should be crossed by wrapping one ankle around the other. Slowly elevate your legs up in the air until your thighs are perpendicular to the floor with a slight bend at the knees. Note: Your knees and toes should be parallel to the floor as opposed to the thighs."",""Move your arms from the floor and cross them so they are resting on your chest. This is the starting position."",""While keeping your lower back pressed against the floor, slowly lift your torso. Remember to exhale while perform this part of the exercise."",""Slowly begin to lower your torso back down to the starting position while inhaling."",""Repeat for the recommended amount of repetitions.""}","{Tuck_Crunch/0.jpg,Tuck_Crunch/1.jpg}",,"",true,,
524,Two-Arm Dumbbell Preacher Curl,isolation,dumbbell,biceps,{},true,"{""Grab a dumbbell with each arm and place the upper arms on top of the preacher bench or the incline bench. The dumbbell should be held at shoulder length. This will be your starting position."",""As you breathe in, slowly lower the dumbbells until your upper arm is extended and the biceps is fully stretched."",""As you exhale, use the biceps to curl the weights up until your biceps is fully contracted and the dumbbells are at shoulder height."",""Squeeze the biceps hard for a second at the contracted position and repeat for the recommended amount of repetitions.""}","{Two-Arm_Dumbbell_Preacher_Curl/0.jpg,Two-Arm_Dumbbell_Preacher_Curl/1.jpg}",,"",true,,
525,Two-Arm Kettlebell Clean,compound,kettlebells,shoulders,"{calves,glutes,hamstrings,""lower back"",traps}",false,"{""Place two kettlebells between your feet. To get in the starting position, push your butt back and look straight ahead."",""Clean the kettlebells to your shoulders by extending through the legs and hips as you raise the kettlebells towards your shoulders. Rotate your wrists as you do so."",""Lower the kettlebells back to the starting position and repeat.""}","{Two-Arm_Kettlebell_Clean/0.jpg,Two-Arm_Kettlebell_Clean/1.jpg}",,"",true,,
526,Two-Arm Kettlebell Jerk,compound,kettlebells,shoulders,"{calves,quadriceps,triceps}",false,"{""Clean two kettlebells to your shoulders. Clean the kettlebells to your shoulders by extending through the legs and hips as you swing the kettlebells towards your shoulders. Rotate your wrists as you do so, so that the palms face forward. Squat down a few inches and reverse the motion rapidly driving both kettlebells overhead. Immediately after the initial push, squat down again and get under the kettlebells. Once the kettlebells are locked out, stand upright to complete the exercise.""}","{Two-Arm_Kettlebell_Jerk/0.jpg,Two-Arm_Kettlebell_Jerk/1.jpg}",,"",true,,
528,Two-Arm Kettlebell Row,compound,kettlebells,middle back,"{biceps,lats}",false,"{""Place two kettlebells in front of your feet. Bend your knees slightly and then push your butt out as much as possible as you bend over to get in the starting position."",""Grab both kettlebells and pull them to your stomach, retracting your shoulder blades and flexing the elbows. Keep your back straight. Lower and repeat.""}","{Two-Arm_Kettlebell_Row/0.jpg,Two-Arm_Kettlebell_Row/1.jpg}",,"",true,,
536,Weighted Ball Side Bend,isolation,exercise ball,abdominals,{},false,"{""To begin, lie down on an exercise ball with your left side of the torso (waist, hips and shoulder) pressed against the ball."",""Your feet should be on the floor while your legs are crossed and hanging from the ball. Hold a weighted plate with your right hand directly to the right side of your head. Tip: Make sure the smooth side of the plate is resting against your head."",""Place your left arm across your torso so that your palm is on your obliques. There should be a right angle between your left forearm and upper arm. This is the starting position."",""Raise the side of your torso up by laterally flexing at the waist while exhaling."",""Hold the contraction for a second and slowly lower yourself back down to the starting position while inhaling."",""Repeat for the recommended amount of repetitions."",""Switch sides and repeat the exercise.""}","{Weighted_Ball_Side_Bend/0.jpg,Weighted_Ball_Side_Bend/1.jpg}",,"",true,,
529,Underhand Cable Pulldowns,compound,cable,lats,"{biceps,""middle back"",shoulders}",true,"{""Sit down on a pull-down machine with a wide bar attached to the top pulley. Adjust the knee pad of the machine to fit your height. These pads will prevent your body from being raised by the resistance attached to the bar."",""Grab the pull-down bar with the palms facing your torso (a supinated grip). Make sure that the hands are placed closer than the shoulder width."",""As you have both arms extended in front of you holding the bar at the chosen grip width, bring your torso back around 30 degrees or so while creating a curvature on your lower back and sticking your chest out. This is your starting position."",""As you breathe out, pull the bar down until it touches your upper chest by drawing the shoulders and the upper arms down and back. Tip: Concentrate on squeezing the back muscles once you reach the fully contracted position and keep the elbows close to your body. The upper torso should remain stationary as your bring the bar to you and only the arms should move. The forearms should do no other work other than hold the bar."",""After a second on the contracted position, while breathing in, slowly bring the bar back to the starting position when your arms are fully extended and the lats are fully stretched."",""Repeat this motion for the prescribed amount of repetitions.""}","{Underhand_Cable_Pulldowns/0.jpg,Underhand_Cable_Pulldowns/1.jpg}",,"",true,,
531,Upright Cable Row,compound,cable,traps,{shoulders},false,"{""Grasp a straight bar cable attachment that is attached to a low pulley with a pronated (palms facing your thighs) grip that is slightly less than shoulder width. The bar should be resting on top of your thighs. Your arms should be extended with a slight bend at the elbows and your back should be straight. This will be your starting position."",""Use your side shoulders to lift the cable bar as you exhale. The bar should be close to the body as you move it up. Continue to lift it until it nearly touches your chin. Tip: Your elbows should drive the motion. As you lift the bar, your elbows should always be higher than your forearms. Also, keep your torso stationary and pause for a second at the top of the movement."",""Lower the bar back down slowly to the starting position. Inhale as you perform this portion of the movement."",""Repeat for the recommended amount of repetitions.""}","{Upright_Cable_Row/0.jpg,Upright_Cable_Row/1.jpg}",,"",true,,
532,Upright Row - With Bands,compound,bands,traps,{shoulders},true,"{""To begin, stand on an exercise band so that tension begins at arm's length. Grasp the handles using a pronated (palms facing your thighs) grip that is slightly less than shoulder width. The handles should be resting on top of your thighs. Your arms should be extended with a slight bend at the elbows and your back should be straight. This will be your starting position."",""Use your side shoulders to lift the handles as you exhale. The handles should be close to the body as you move them up. Continue to lift the handles until they nearly touches your chin. Tip: Your elbows should drive the motion. As you lift the handles, your elbows should always be higher than your forearms. Also, keep your torso stationary and pause for a second at the top of the movement."",""Lower the handles back down slowly to the starting position. Inhale as you perform this portion of the movement."",""Repeat for the recommended amount of repetitions.""}","{Upright_Row_-_With_Bands/0.jpg,Upright_Row_-_With_Bands/1.jpg}",,"",true,,
533,V-Bar Pulldown,compound,cable,lats,"{biceps,""middle back"",shoulders}",false,"{""Sit down on a pull-down machine with a V-Bar attached to the top pulley."",""Adjust the knee pad of the machine to fit your height. These pads will prevent your body from being raised by the resistance attached to the bar."",""Grab the V-bar with the palms facing each other (a neutral grip). Stick your chest out and lean yourself back slightly (around 30-degrees) in order to better engage the lats. This will be your starting position."",""Using your lats, pull the bar down as you squeeze your shoulder blades. Continue until your chest nearly touches the V-bar. Exhale as you execute this motion. Tip: Keep the torso stationary throughout the movement."",""After a second hold on the contracted position, slowly bring the bar back to the starting position as you breathe in."",""Repeat for the prescribed number of repetitions.""}","{V-Bar_Pulldown/0.jpg,V-Bar_Pulldown/1.jpg}",,"",true,,
551,Wind Sprints,compound,body only,abdominals,{},true,"{""Hang from a pull-up bar using a pronated grip. Your arms and legs should be extended. This will be your starting position."",""Begin by quickly raising one knee as high as you can. Do not swing your body or your legs. 3"",""Immediately reverse the motion, returning that leg to the starting position. Simultaneously raise the opposite knee as high as possible."",""Continue alternating between legs until the set is complete.""}","{Wind_Sprints/0.jpg,Wind_Sprints/1.jpg}",,"",true,,
534,V-Bar Pullup,compound,body only,lats,"{biceps,""middle back"",shoulders}",true,"{""Start by placing the middle of the V-bar in the middle of the pull-up bar (assuming that the pull-up station you are using does not have neutral grip handles). The V-Bar handles will be facing down so that you can hang from the pull-up bar through the use of the handles."",""Once you securely place the V-bar, take a hold of the bar from each side and hang from it. Stick your chest out and lean yourself back slightly in order to better engage the lats. This will be your starting position."",""Using your lats, pull your torso up while leaning your head back slightly so that you do not hit yourself with the chin-up bar. Continue until your chest nearly touches the V-bar. Exhale as you execute this motion."",""After a second hold on the contracted position, slowly lower your body back to the starting position as you breathe in."",""Repeat for the prescribed number of repetitions.""}","{V-Bar_Pullup/0.jpg,V-Bar_Pullup/1.jpg}",,"",true,,
535,Weighted Ball Hyperextension,compound,exercise ball,lower back,"{glutes,hamstrings,""middle back""}",false,"{""To begin, lie down on an exercise ball with your torso pressing against the ball and parallel to the floor. The ball of your feet should be pressed against the floor to help keep you balanced. Place a weighted plate under your chin or behind your neck. This is the starting position."",""Slowly raise your torso up by bending at the waist and lower back. Remember to exhale during this movement."",""Hold the contraction on your lower back for a second and lower your torso back down to the starting position while inhaling."",""Repeat for the recommended amount of repetitions prescribed in your program.""}","{Weighted_Ball_Hyperextension/0.jpg,Weighted_Ball_Hyperextension/1.jpg}",,"",true,,
537,Weighted Bench Dip,compound,other,triceps,"{chest,shoulders}",false,"{""For this exercise you will need to place a bench behind your back and another one in front of you. With the benches perpendicular to your body, hold on to one bench on its edge with the hands close to your body, separated at shoulder width. Your arms should be fully extended."",""The legs will be extended forward on top of the other bench. Your legs should be parallel to the floor while your torso is to be perpendicular to the floor. Have your partner place the dumbbell on your lap. Note: This exercise is best performed with a partner as placing the weight on your lap can be challenging and cause injury without assistance. This will be your starting position."",""Slowly lower your body as you inhale by bending at the elbows until you lower yourself far enough to where there is an angle slightly smaller than 90 degrees between the upper arm and the forearm. Tip: Keep the elbows as close as possible throughout the movement. Forearms should always be pointing down."",""Using your triceps to bring your torso up again, lift yourself back to the starting position while exhaling."",""Repeat for the recommended amount of repetitions.""}","{Weighted_Bench_Dip/0.jpg,Weighted_Bench_Dip/1.jpg}",,"",true,,
539,Weighted Jump Squat,compound,barbell,quadriceps,"{calves,glutes,hamstrings,""lower back""}",false,"{""Position a lightly loaded barbell across the back of your shoulders. You could also use a weighted vest, sandbag, or other type of resistance for this exercise."",""The weight should be light enough that it doesn't slow you down significantly. Your feet should be just outside of shoulder width with your head and chest up. This will be your starting position."",""Using a countermovement, squat partially down and immediately reverse your direction to explode off of the ground, extending through your hips, knees, and ankles. Maintain good posture throughout the jump."",""As you return to the ground, absorb the impact through your legs.""}","{Weighted_Jump_Squat/0.jpg,Weighted_Jump_Squat/1.jpg}",,"",true,,
540,Weighted Pull Ups,compound,other,lats,"{biceps,""middle back""}",false,"{""Attach a weight to a dip belt and secure it around your waist. Grab the pull-up bar with the palms of your hands facing forward. For a medium grip, your hands should be spaced at shoulder width. Both arms should be extended in front of you holding the bar at the chosen grip."",""You'll want to bring your torso back about 30 degrees while creating a curvature in your lower back and sticking your chest out. This will be your starting position."",""Now, exhale and pull your torso up until your head is above your hands. Concentrate on squeezing yourshoulder blades back and down as you reach the top contracted position."",""After a brief moment at the top contracted position, inhale and slowly lower your torso back to the starting position with your arms extended and your lats fully stretched.""}","{Weighted_Pull_Ups/0.jpg,Weighted_Pull_Ups/1.jpg}",,"",true,,
541,Weighted Sit-Ups - With Bands,isolation,other,abdominals,{},false,"{""Start out by strapping the bands around the base of the decline bench. Place the handles towards the inside of the decline bench so that when lying down, you can reach for both of them."",""Position your legs through the decline machine until they are secured. Now reach for the exercise bands with both hands. Use a pronated (palms forward) grip to grasp the handles. Position them near your collar bone and rotate your wrist to a neutral grip (palms facing the torso). Note: Your arms should remain stationary throughout the exercise. This is the starting position."",""Move your torso upward until your upper body is perpendicular to the floor while exhaling. Hold the contraction for a second and lower your upper body back down to the starting position while inhaling."",""Repeat for the recommended amount of repetitions.""}","{Weighted_Sit-Ups_-_With_Bands/0.jpg,Weighted_Sit-Ups_-_With_Bands/1.jpg}",,"",true,,
391,Seated Band Hamstring Curl,isolation,bands,hamstrings,{},true,"{""Secure a band close to the ground and place a bench a couple feet away from it."",""Seat yourself on the bench and secure the band behind your ankles, beginning with your legs straight. This will be your starting position."",""Flex the knees, bringing your feet towards the bench. You may need to lean back slightly to keep your feet from striking the floor."",""Pause at the completion of the movement, and then slowly return to the starting position.""}","{Seated_Band_Hamstring_Curl/0.jpg,Seated_Band_Hamstring_Curl/1.jpg}",2,"15-25",false,true,false
203,Crossover Lat Pulldown,compound,cable,lats,"{biceps,""middle back"",shoulders}",false,"{""Either standing or seated on a high bench, grasp two stirrup cables that are attached to the high pulleys. Grab with the opposing hand so your arms are crisscrossed about you and your palms are facing forward."",""Keeping your chest up and maintaining a slight arch in your lower back, pull the handles down as if you were doing a regular pulldown. The range of motion will be more of an arc. During the movement, rotate your hands so that in the bottom position your palms face each other rather than forward. Return slowly to the starting position and repeat.""}","{Full_Range-Of-Motion_Lat_Pulldown/0.jpg,Full_Range-Of-Motion_Lat_Pulldown/1.jpg}",4,"8-12",true,,
136,Chest-Biased Dips,compound,dip bar,chest,"{shoulders,triceps}",false,"{""For this exercise you will need access to parallel bars. To get yourself into the starting position, hold your body at arms length (arms locked) above the bars."",""While breathing in, lower yourself slowly with your torso leaning forward around 30 degrees or so and your elbows flared out slightly until you feel a slight stretch in the chest."",""Once you feel the stretch, use your chest to bring your body back to the starting position as you breathe out. Tip: Remember to squeeze the chest at the top of the movement for a second."",""Repeat the movement for the prescribed amount of repetitions.""}","{Dips_-_Chest_Version/0.jpg,Dips_-_Chest_Version/1.jpg}",3,"8-12",false,false,false
142,Double Kettlebell Push Press,compound,kettlebells,front delt,"{calves,quadriceps,triceps}",false,"{""Clean two kettlebells to your shoulders."",""Squat down a few inches and reverse the motion rapidly. Use the momentum from the legs to drive the kettlebells overhead."",""Once the kettlebells are locked out, lower the kettlebells to your shoulders and repeat.""}","{Double_Kettlebell_Push_Press/0.jpg,Double_Kettlebell_Push_Press/1.jpg}",1,"6-10",false,false,false
450,Smith Machine Overhead Shoulder Press,compound,machine,front delt,{triceps},true,"{""To begin, place a flat bench (or preferably one with back support) underneath a smith machine. Position the barbell at a height so that when seated on the flat bench, the arms must be almost fully extended to reach the barbell."",""Once you have the correct height, sit slightly in behind the barbell so that there is an imaginary straight line from the tip of your nose to the barbell. Your feet should be stationary. Grab the barbell with the palms facing forward, unlock it and lift it up so that your arms are fully extended. This is the starting position."",""Slowly begin to lower the barbell until it is level with your chin while inhaling."",""Then lift the barbell back to the starting position using your shoulders while exhaling."",""Repeat for the recommended amount of repetitions.""}","{Smith_Machine_Overhead_Shoulder_Press/0.jpg,Smith_Machine_Overhead_Shoulder_Press/1.jpg}",3,"6-10",false,true,false
265,Lateral Raise - With Bands,isolation,bands,lateral delt,{},true,"{""To begin, stand on an exercise band so that tension begins at arm's length. Grasp the handles using a pronated (palms facing your thighs) grip that is slightly less than shoulder width. The handles should be resting on the sides of your thighs. Your arms should be extended with a slight bend at the elbows and your back should be straight. This will be your starting position."",""Use your side shoulders to lift the handles to the sides as you exhale. Continue to lift the handles until they are slightly above parallel. Tip: As you lift the handles, slightly tilt the hand as if you were pouring water and keep your arms extended. Also, keep your torso stationary and pause for a second at the top of the movement."",""Lower the handles back down slowly to the starting position. Inhale as you perform this portion of the movement."",""Repeat for the recommended amount of repetitions.""}","{Lateral_Raise_-_With_Bands/0.jpg,Lateral_Raise_-_With_Bands/1.jpg}",2,"12-20",false,false,false
415,Seated Side Lateral Raise,isolation,dumbbell,lateral delt,{},true,"{""Pick a couple of dumbbells and sit at the end of a flat bench with your feet firmly on the floor. Hold the dumbbells with your palms facing in and your arms straight down at your sides at arms' length. This will be your starting position."",""While maintaining the torso stationary (no swinging), lift the dumbbells to your side with a slight bend on the elbow and the hands slightly tilted forward as if pouring water in a glass. Continue to go up until you arms are parallel to the floor. Exhale as you execute this movement and pause for a second at the top."",""Lower the dumbbells back down slowly to the starting position as you inhale."",""Repeat for the recommended amount of repetitions.""}","{Seated_Side_Lateral_Raise/0.jpg,Seated_Side_Lateral_Raise/1.jpg}",4,"10-15",false,true,false
36,Barbell Rear Delt Row,compound,barbell,rear delt,"{biceps,lats,""middle back""}",true,"{""Stand up straight while holding a barbell using a wide (higher than shoulder width) and overhand (palms facing your body) grip."",""Bend knees slightly and bend over as you keep the natural arch of your back. Let the arms hang in front of you as they hold the bar. Once your torso is parallel to the floor, flare the elbows out and away from your body. Tip: Your torso and your arms should resemble the letter \""T\"". Now you are ready to begin the exercise."",""While keeping the upper arms perpendicular to the torso, pull the barbell up towards your upper chest as you squeeze the rear delts and you breathe out. Tip: When performed correctly, this exercise should resemble a bench press in reverse. Also, refrain from using your biceps to do the work. Focus on targeting the rear delts; the arms should only act as hooks."",""Slowly go back to the initial position as you breathe in."",""Repeat for the recommended amount of repetitions.""}","{Barbell_Rear_Delt_Row/0.jpg,Barbell_Rear_Delt_Row/1.jpg}",2,"6-10",false,true,false
530,Upright Barbell Row,compound,barbell,rear delt,{traps},true,"{""Grasp a barbell with an overhand grip that is slightly less than shoulder width. The bar should be resting on the top of your thighs with your arms extended and a slight bend in your elbows. Your back should also be straight. This will be your starting position."",""Now exhale and use the sides of your shoulders to lift the bar, raising your elbows up and to the side. Keep the bar close to your body as you raise it. Continue to lift the bar until it nearly touches your chin. Tip: Your elbows should drive the motion, and should always be higher than your forearms. Remember to keep your torso stationary and pause for a second at the top of the movement."",""Lower the bar back down slowly to the starting position. Inhale as you perform this portion of the movement."",""Repeat for the recommended amount of repetitions.""}","{Upright_Barbell_Row/0.jpg,Upright_Barbell_Row/1.jpg}",1,"8-12",false,false,false
367,Push-Up,compound,body only,chest,"{shoulders,triceps}",true,"{""Lie on the floor face down and place your hands about 36 inches apart while holding your torso up at arms length."",""Next, lower yourself downward until your chest almost touches the floor as you inhale."",""Now breathe out and press your upper body back up to the starting position while squeezing your chest."",""After a brief pause at the top contracted position, you can begin to lower yourself downward again for as many repetitions as needed.""}","{Pushups/0.jpg,Pushups/1.jpg}",2,"10-15",false,false,false
61,Bodyweight Fly,isolation,e-z curl bar,chest,"{abdominals,shoulders,triceps}",false,"{""Position two equally loaded EZ bars on the ground next to each other. Ensure they are able to roll."",""Assume a push-up position over the bars, supporting your weight on your toes and hands with your arms extended and body straight."",""Place your hands on the bars. This will be your starting position."",""Using a slow and controlled motion, move your hands away from the midline of your body, rolling the bars apart. Inhale during this portion of the motion."",""After moving the bars as far apart as you can, return to the starting position by pulling them back together. Exhale as you perform this movement.""}","{Bodyweight_Flyes/0.jpg,Bodyweight_Flyes/1.jpg}",,"",true,,
546,Lat Pulldown,compound,cable,lats,"{biceps,""middle back"",shoulders}",true,"{""Sit down on a pull-down machine with a wide bar attached to the top pulley. Make sure that you adjust the knee pad of the machine to fit your height. These pads will prevent your body from being raised by the resistance attached to the bar."",""Grab the bar with the palms facing forward using the prescribed grip. Note on grips: To target the upper back, use a wide grip: your hands need to be spaced out at a distance wider than shoulder width. To target the lats, use a narrower grip: your hands need to be spaced slightly closer than shoulder width ."",""As you have both arms extended in front of you holding the bar at the chosen grip width, bring your torso back around 30 degrees or so while creating a curvature on your lower back and sticking your chest out. This is your starting position."",""As you breathe out, bring the bar down until it touches your upper chest by drawing the shoulders and the upper arms down and back. Tip: Concentrate on squeezing the back muscles once you reach the full contracted position. The upper torso should remain stationary and only the arms should move. The forearms should do no other work except for holding the bar; therefore do not try to pull down the bar using the forearms."",""After a second at the contracted position squeezing your shoulder blades together, slowly raise the bar back to the starting position when your arms are fully extended and the lats are fully stretched. Inhale during this portion of the movement."",""Repeat this motion for the prescribed amount of repetitions.""}","{Wide-Grip_Lat_Pulldown/0.jpg,Wide-Grip_Lat_Pulldown/1.jpg}",3,"8-12",false,true,false
4,Advanced Kettlebell Windmill,isolation,kettlebells,abdominals,"{glutes,hamstrings,shoulders}",false,"{""Clean and press a kettlebell overhead with one arm."",""Keeping the kettlebell locked out at all times, push your butt out in the direction of the locked out kettlebell. Keep the non-working arm behind your back and turn your feet out at a forty-five degree angle from the arm with the kettlebell."",""Lower yourself as far as possible."",""Pause for a second and reverse the motion back to the starting position.""}","{Advanced_Kettlebell_Windmill/0.jpg,Advanced_Kettlebell_Windmill/1.jpg}",1,"8-12",false,false,false
5,Air Bike,compound,body only,abdominals,{},true,"{""Lie flat on the floor with your lower back pressed to the ground. For this exercise, you will need to put your hands beside your head. Be careful however to not strain with the neck as you perform it. Now lift your shoulders into the crunch position."",""Bring knees up to where they are perpendicular to the floor, with your lower legs parallel to the floor. This will be your starting position."",""Now simultaneously, slowly go through a cycle pedal motion kicking forward with the right leg and bringing in the knee of the left leg. Bring your right elbow close to your left knee by crunching to the side, as you breathe out."",""Go back to the initial position as you breathe in."",""Crunch to the opposite side as you cycle your legs and bring closer your left elbow to your right knee and exhale."",""Continue alternating in this manner until all of the recommended repetitions for each side have been completed.""}","{Air_Bike/0.jpg,Air_Bike/1.jpg}",1,"10-15",false,false,false
7,Alternate Heel Touchers,isolation,body only,abdominals,{},true,"{""Lie on the floor with the knees bent and the feet on the floor around 18-24 inches apart. Your arms should be extended by your side. This will be your starting position."",""Crunch over your torso forward and up about 3-4 inches to the right side and touch your right heel as you hold the contraction for a second. Exhale while performing this movement."",""Now go back slowly to the starting position as you inhale."",""Now crunch over your torso forward and up around 3-4 inches to the left side and touch your left heel as you hold the contraction for a second. Exhale while performing this movement and then go back to the starting position as you inhale. Now that both heels have been touched, that is considered 1 repetition."",""Continue alternating sides in this manner until all prescribed repetitions are done.""}","{Alternate_Heel_Touchers/0.jpg,Alternate_Heel_Touchers/1.jpg}",1,"10-15",false,false,false
13,Alternating Kettlebell Press,compound,kettlebells,front delt,{triceps},false,"{""Clean two kettlebells to your shoulders. Clean the kettlebells to your shoulders by extending through the legs and hips as you pull the kettlebells towards your shoulders. Rotate your wrists as you do so."",""Press one directly overhead by extending through the elbow, turning it so the palm faces forward while holding the other kettlebell stationary ."",""Lower the pressed kettlebell to the starting position and immediately press with your other arm.""}","{Alternating_Kettlebell_Press/0.jpg,Alternating_Kettlebell_Press/1.jpg}",2,"8-12",false,false,false
24,Band Skull Crusher,isolation,bands,triceps,{},true,"{""Secure a band to the base of a rack or the bench. Lay on the bench so that the band is lined up with your head."",""Take hold of the band, raising your elbows so that the upper arm is perpendicular to the floor. With the elbow flexed, the band should be above your head. This will be your starting position."",""Extend through the elbow to straighten your arm, keeping your upper arm in place. Pause at the top of the motion, and return to the starting position.""}","{Band_Skull_Crusher/0.jpg,Band_Skull_Crusher/1.jpg}",1,"12-20",false,true,false
25,Barbell Ab Rollout,compound,barbell,abdominals,"{""lower back"",shoulders}",false,"{""For this exercise you will need to get into a pushup position, but instead of having your hands of the floor, you will be grabbing on to an Olympic barbell (loaded with 5-10 lbs on each side) instead. This will be your starting position."",""While keeping a slight arch on your back, lift your hips and roll the barbell towards your feet as you exhale. Tip: As you perform the movement, your glutes should be coming up, you should be keeping the abs tight and should maintain your back posture at all times. Also your arms should be staying perpendicular to the floor throughout the movement. If you don't, you will work out your shoulders and back more than the abs."",""After a second contraction at the top, start to roll the barbell back forward to the starting position slowly as you inhale."",""Repeat for the recommended amount of repetitions.""}","{Barbell_Ab_Rollout/0.jpg,Barbell_Ab_Rollout/1.jpg}",2,"6-10",false,false,false
27,Barbell Curl,isolation,barbell,biceps,{forearms},true,"{""Stand up with your torso upright while holding a barbell at a shoulder-width grip. The palm of your hands should be facing forward and the elbows should be close to the torso. This will be your starting position."",""While holding the upper arms stationary, curl the weights forward while contracting the biceps as you breathe out. Tip: Only the forearms should move."",""Continue the movement until your biceps are fully contracted and the bar is at shoulder level. Hold the contracted position for a second and squeeze the biceps hard."",""Slowly begin to bring the bar back to starting position as your breathe in."",""Repeat for the recommended amount of repetitions.""}","{Barbell_Curl/0.jpg,Barbell_Curl/1.jpg}",2,"8-12",false,false,false
26,Barbell Bench Press,compound,barbell,chest,"{shoulders,triceps}",true,"{""Lie back on a flat bench. Using a medium width grip (a grip that creates a 90-degree angle in the middle of the movement between the forearms and the upper arms), lift the bar from the rack and hold it straight over you with your arms locked. This will be your starting position."",""From the starting position, breathe in and begin coming down slowly until the bar touches your middle chest."",""After a brief pause, push the bar back to the starting position as you breathe out. Focus on pushing the bar using your chest muscles. Lock your arms and squeeze your chest in the contracted position at the top of the motion, hold for a second and then start coming down slowly again. Tip: Ideally, lowering the weight should take about twice as long as raising it."",""Repeat the movement for the prescribed amount of repetitions."",""When you are done, place the bar back in the rack.""}","{Barbell_Bench_Press_-_Medium_Grip/0.jpg,Barbell_Bench_Press_-_Medium_Grip/1.jpg}",3,"6-10",false,true,false
23,Band Pull Apart,isolation,bands,rear delt,"{""middle back"",traps}",true,"{""Begin with your arms extended straight out in front of you, holding the band with both hands."",""Initiate the movement by performing a reverse fly motion, moving your hands out laterally to your sides."",""Keep your elbows extended as you perform the movement, bringing the band to your chest. Ensure that you keep your shoulders back during the exercise."",""Pause as you complete the movement, returning to the starting position under control.""}","{Band_Pull_Apart/0.jpg,Band_Pull_Apart/1.jpg}",1,"10-15",false,false,false
29,Barbell Deadlift,compound,barbell,lower back,"{calves,forearms,glutes,hamstrings,lats,""middle back"",quadriceps,traps}",false,"{""Stand in front of a loaded barbell."",""While keeping the back as straight as possible, bend your knees, bend forward and grasp the bar using a medium (shoulder width) overhand grip. This will be the starting position of the exercise. Tip: If it is difficult to hold on to the bar with this grip, alternate your grip or use wrist straps."",""While holding the bar, start the lift by pushing with your legs while simultaneously getting your torso to the upright position as you breathe out. In the upright position, stick your chest out and contract the back by bringing the shoulder blades back. Think of how the soldiers in the military look when they are in standing in attention."",""Go back to the starting position by bending at the knees while simultaneously leaning the torso forward at the waist while keeping the back straight. When the weights on the bar touch the floor you are back at the starting position and ready to perform another repetition."",""Perform the amount of repetitions prescribed in the program.""}","{Barbell_Deadlift/0.jpg,Barbell_Deadlift/1.jpg}",2,"6-10",false,false,false
40,Barbell Shrug,isolation,barbell,traps,{},true,"{""Stand up straight with your feet at shoulder width as you hold a barbell with both hands in front of you using a pronated grip (palms facing the thighs). Tip: Your hands should be a little wider than shoulder width apart. You can use wrist wraps for this exercise for a better grip. This will be your starting position."",""Raise your shoulders up as far as you can go as you breathe out and hold the contraction for a second. Tip: Refrain from trying to lift the barbell by using your biceps."",""Slowly return to the starting position as you breathe in."",""Repeat for the recommended amount of repetitions.""}","{Barbell_Shrug/0.jpg,Barbell_Shrug/1.jpg}",3,"10-15",false,false,false
39,Barbell Shoulder Press,compound,barbell,front delt,"{chest,triceps}",false,"{""Sit on a bench with back support in a squat rack. Position a barbell at a height that is just above your head. Grab the barbell with a pronated grip (palms facing forward)."",""Once you pick up the barbell with the correct grip width, lift the bar up over your head by locking your arms. Hold at about shoulder level and slightly in front of your head. This is your starting position."",""Lower the bar down to the shoulders slowly as you inhale."",""Lift the bar back up to the starting position as you exhale."",""Repeat for the recommended amount of repetitions.""}","{Barbell_Shoulder_Press/0.jpg,Barbell_Shoulder_Press/1.jpg}",3,"6-10",false,true,false
75,Cable Crunch,isolation,cable,abdominals,{},true,"{""Kneel below a high pulley that contains a rope attachment."",""Grasp cable rope attachment and lower the rope until your hands are placed next to your face."",""Flex your hips slightly and allow the weight to hyperextend the lower back. This will be your starting position."",""With the hips stationary, flex the waist as you contract the abs so that the elbows travel towards the middle of the thighs. Exhale as you perform this portion of the movement and hold the contraction for a second."",""Slowly return to the starting position as you inhale. Tip: Make sure that you keep constant tension on the abs throughout the movement. Also, do not choose a weight so heavy that the lower back handles the brunt of the work."",""Repeat for the recommended amount of repetitions.""}","{Cable_Crunch/0.jpg,Cable_Crunch/1.jpg}",4,"10-15",false,false,false
44,Barbell Squat,compound,barbell,quadriceps,"{calves,glutes,hamstrings,""lower back""}",true,"{""This exercise is best performed inside a squat rack for safety purposes. To begin, first set the bar on a rack to just below shoulder level. Once the correct height is chosen and the bar is loaded, step under the bar and place the back of your shoulders (slightly below the neck) across it."",""Hold on to the bar using both arms at each side and lift it off the rack by first pushing with your legs and at the same time straightening your torso."",""Step away from the rack and position your legs using a shoulder width medium stance with the toes slightly pointed out. Keep your head up at all times and also maintain a straight back. This will be your starting position. (Note: For the purposes of this discussion we will use the medium stance described above which targets overall development; however you can choose any of the three stances discussed in the foot stances section)."",""Begin to slowly lower the bar by bending the knees and hips as you maintain a straight posture with the head up. Continue down until the angle between the upper leg and the calves becomes slightly less than 90-degrees. Inhale as you perform this portion of the movement. Tip: If you performed the exercise correctly, the front of the knees should make an imaginary straight line with the toes that is perpendicular to the front. If your knees are past that imaginary line (if they are past your toes) then you are placing undue stress on the knee and the exercise has been performed incorrectly."",""Begin to raise the bar as you exhale by pushing the floor with the heel of your foot as you straighten the legs again and go back to the starting position."",""Repeat for the recommended amount of repetitions.""}","{Barbell_Squat/0.jpg,Barbell_Squat/1.jpg}",4,"6-10",false,false,false
45,Barbell Step Ups,compound,barbell,quadriceps,"{calves,glutes,hamstrings,quadriceps}",false,"{""Stand up straight while holding a barbell placed on the back of your shoulders (slightly below the neck) and stand upright behind an elevated platform (such as the one used for spotting behind a flat bench). This is your starting position."",""Place the right foot on the elevated platform. Step on the platform by extending the hip and the knee of your right leg. Use the heel mainly to lift the rest of your body up and place the foot of the left leg on the platform as well. Breathe out as you execute the force required to come up."",""Step down with the left leg by flexing the hip and knee of the right leg as you inhale. Return to the original standing position by placing the right foot of to next to the left foot on the initial position."",""Repeat with the right leg for the recommended amount of repetitions and then perform with the left leg.""}","{Barbell_Step_Ups/0.jpg,Barbell_Step_Ups/1.jpg}",1,"6-10",false,true,false
48,Bench Dips,compound,body only,triceps,"{chest,shoulders}",true,"{""For this exercise you will need to place a bench behind your back. With the bench perpendicular to your body, and while looking away from it, hold on to the bench on its edge with the hands fully extended, separated at shoulder width. The legs will be extended forward, bent at the waist and perpendicular to your torso. This will be your starting position."",""Slowly lower your body as you inhale by bending at the elbows until you lower yourself far enough to where there is an angle slightly smaller than 90 degrees between the upper arm and the forearm. Tip: Keep the elbows as close as possible throughout the movement. Forearms should always be pointing down."",""Using your triceps to bring your torso up again, lift yourself back to the starting position."",""Repeat for the recommended amount of repetitions.""}","{Bench_Dips/0.jpg,Bench_Dips/1.jpg}",1,"10-15",false,true,false
49,Bench Press - With Bands,compound,bands,chest,"{shoulders,triceps}",true,"{""Using a flat bench secure a band under the leg of the bench that is nearest to your head."",""Once the band is secure, grab it by both handles and lie down on the bench."",""Extend your arms so that you are holding the band handles in front of you at shoulder width."",""Once at shoulder width, rotate your wrists forward so that the palms of your hands are facing away from you. This will be your starting position."",""Bring down the handles slowly until your elbow forms a 90 degree angle. Keep full control at all times."",""As you breathe out, bring the handles up using your pectoral muscles. Lock your arms in the contracted position, squeeze your chest, hold for a second and then start coming down slowly. Tip: It should take at least twice as long to go down than to come up."",""Repeat the movement for the prescribed amount of repetitions of your training program.""}","{Bench_Press_-_With_Bands/0.jpg,Bench_Press_-_With_Bands/1.jpg}",1,"10-15",false,true,false
50,Bent-Arm Barbell Pullover,compound,barbell,lats,"{chest,lats,shoulders,triceps}",false,"{""Lie on a flat bench with a barbell using a shoulder grip width."",""Hold the bar straight over your chest with a bend in your arms. This will be your starting position."",""While keeping your arms in the bent arm position, lower the weight slowly in an arc behind your head while breathing in until you feel a stretch on the chest."",""At that point, bring the barbell back to the starting position using the arc through which the weight was lowered and exhale as you perform this movement."",""Hold the weight on the initial position for a second and repeat the motion for the prescribed number of repetitions.""}","{Bent-Arm_Barbell_Pullover/0.jpg,Bent-Arm_Barbell_Pullover/1.jpg}",1,"8-12",false,true,false
51,Bent-Arm Dumbbell Pullover,compound,dumbbell,chest,"{lats,shoulders,triceps}",false,"{""Place a dumbbell standing up on a flat bench."",""Ensuring that the dumbbell stays securely placed at the top of the bench, lie perpendicular to the bench (torso across it as in forming a cross) with only your shoulders lying on the surface. Hips should be below the bench and legs bent with feet firmly on the floor. The head will be off the bench as well."",""Grasp the dumbbell with both hands and hold it straight over your chest with a bend in your arms. Both palms should be pressing against the underside one of the sides of the dumbbell. This will be your starting position. Caution: Always ensure that the dumbbell used for this exercise is secure. Using a dumbbell with loose plates can result in the dumbbell falling apart and falling on your face."",""While keeping your arms locked in the bent arm position, lower the weight slowly in an arc behind your head while breathing in until you feel a stretch on the chest."",""At that point, bring the dumbbell back to the starting position using the arc through which the weight was lowered and exhale as you perform this movement."",""Hold the weight on the initial position for a second and repeat the motion for the prescribed number of repetitions.""}","{Bent-Arm_Dumbbell_Pullover/0.jpg,Bent-Arm_Dumbbell_Pullover/1.jpg}",1,"8-12",false,true,false
52,Bent-Knee Hip Raise,compound,body only,abdominals,{},true,"{""Lay flat on the floor with your arms next to your sides."",""Now bend your knees at around a 75 degree angle and lift your feet off the floor by around 2 inches."",""Using your lower abs, bring your knees in towards you as you maintain the 75 degree angle bend in your legs. Continue this movement until you raise your hips off of the floor by rolling your pelvis backward. Breathe out as you perform this portion of the movement. Tip: At the end of the movement your knees will be over your chest."",""Squeeze your abs at the top of the movement for a second and then return to the starting position slowly as you breathe in. Tip: Maintain a controlled motion at all times."",""Repeat for the recommended amount of repetitions.""}","{Bent-Knee_Hip_Raise/0.jpg,Bent-Knee_Hip_Raise/1.jpg}",2,"10-15",false,false,false
53,Bent Over Barbell Row,compound,barbell,middle back,"{biceps,lats,shoulders}",true,"{""Holding a barbell with a pronated grip (palms facing down), bend your knees slightly and bring your torso forward, by bending at the waist, while keeping the back straight until it is almost parallel to the floor. Tip: Make sure that you keep the head up. The barbell should hang directly in front of you as your arms hang perpendicular to the floor and your torso. This is your starting position."",""Now, while keeping the torso stationary, breathe out and lift the barbell to you. Keep the elbows close to the body and only use the forearms to hold the weight. At the top contracted position, squeeze the back muscles and hold for a brief pause."",""Then inhale and slowly lower the barbell back to the starting position."",""Repeat for the recommended amount of repetitions.""}","{Bent_Over_Barbell_Row/0.jpg,Bent_Over_Barbell_Row/1.jpg}",4,"6-10",false,false,false
76,Cable Deadlifts,compound,cable,quadriceps,"{forearms,glutes,hamstrings,""lower back""}",true,"{""Move the cables to the bottom of the towers and select an appropriate weight. Stand directly in between the uprights."",""To begin, squat down be flexing your hips and knees until you can reach the handles."",""After grasping them, begin your ascent. Driving through your heels extend your hips and knees keeping your hands hanging at your side. Keep your head and chest up throughout the movement."",""After reaching a full standing position, Return to the starting position and repeat.""}","{Cable_Deadlifts/0.jpg,Cable_Deadlifts/1.jpg}",1,"8-12",false,false,false
70,Butt-Ups,compound,body only,abdominals,{},true,"{""Begin a pushup position but with your elbows on the ground and resting on your forearms. Your arms should be bent at a 90 degree angle."",""Arch your back slightly out rather than keeping your back completely straight."",""Raise your glutes toward the ceiling, squeezing your abs tightly to close the distance between your ribcage and hips. The end result will be that you'll end up in a high bridge position. Exhale as you perform this portion of the movement."",""Lower back down slowly to your starting position as you breathe in. Tip: Don't let your back sag downwards."",""Repeat for the recommended amount of repetitions.""}","{Butt-Ups/0.jpg,Butt-Ups/1.jpg}",1,"10-15",false,false,false
73,Cable Chest Press,compound,cable,chest,"{shoulders,triceps}",true,"{""Adjust the weight to an appropriate amount and be seated, grasping the handles. Your upper arms should be about 45 degrees to the body, with your head and chest up. The elbows should be bent to about 90 degrees. This will be your starting position."",""Begin by extending through the elbow, pressing the handles together straight in front of you. Keep your shoulder blades retracted as you execute the movement."",""After pausing at full extension, return to th starting position, keeping tension on the cables."",""You can also execute this movement with your back off the pad, at an incline or decline, or alternate hands.""}","{Cable_Chest_Press/0.jpg,Cable_Chest_Press/1.jpg}",2,"8-12",false,false,false
74,Cable Crossover,isolation,cable,chest,{shoulders},true,"{""To get yourself into the starting position, place the pulleys on a high position (above your head), select the resistance to be used and hold the pulleys in each hand."",""Step forward in front of an imaginary straight line between both pulleys while pulling your arms together in front of you. Your torso should have a small forward bend from the waist. This will be your starting position."",""With a slight bend on your elbows in order to prevent stress at the biceps tendon, extend your arms to the side (straight out at both sides) in a wide arc until you feel a stretch on your chest. Breathe in as you perform this portion of the movement. Tip: Keep in mind that throughout the movement, the arms and torso should remain stationary; the movement should only occur at the shoulder joint."",""Return your arms back to the starting position as you breathe out. Make sure to use the same arc of motion used to lower the weights."",""Hold for a second at the starting position and repeat the movement for the prescribed amount of repetitions.""}","{Cable_Crossover/0.jpg,Cable_Crossover/1.jpg}",3,"8-12",false,false,false
79,Cable Incline Pushdown,isolation,cable,lats,{},true,"{""Lie on incline an bench facing away from a high pulley machine that has a straight bar attachment on it."",""Grasp the straight bar attachment overhead with a pronated (overhand; palms down) shoulder width grip and extend your arms in front of you. The bar should be around 2 inches away from your upper thighs. This will be your starting position."",""Keeping the upper arms stationary, lift your arms back in a semi circle until the bar is straight over your head. Breathe in during this portion of the movement."",""Slowly go back to the starting position using your lats and hold the contraction once you reach the starting position. Breathe out during the execution of this movement."",""Repeat for the recommended amount of repetitions.""}","{Cable_Incline_Pushdown/0.jpg,Cable_Incline_Pushdown/1.jpg}",2,"8-12",false,true,false
80,Cable Incline Triceps Extension,isolation,cable,triceps,{},true,"{""Lie on incline an bench facing away from a high pulley machine that has a straight bar attachment on it."",""Grasp the straight bar attachment overhead with a pronated (overhand; palms down) narrow grip (less than shoulder width) and keep your elbows tucked in to your sides. Your upper arms should create around a 25 degree angle when measured from the floor."",""Keeping the upper arms stationary, extend the arms as you flex the triceps. Breathe out during this portion of the movement and hold the contraction for a second."",""Slowly go back to the starting position."",""Repeat for the recommended amount of repetitions.""}","{Cable_Incline_Triceps_Extension/0.jpg,Cable_Incline_Triceps_Extension/1.jpg}",3,"8-12",false,true,false
77,Cable Hammer Curls,isolation,cable,biceps,{},true,"{""Attach a rope attachment to a low pulley and stand facing the machine about 12 inches away from it."",""Grasp the rope with a neutral (palms-in) grip and stand straight up keeping the natural arch of the back and your torso stationary."",""Put your elbows in by your side and keep them there stationary during the entire movement. Tip: Only the forearms should move; not your upper arms. This will be your starting position."",""Using your biceps, pull your arms up as you exhale until your biceps touch your forearms. Tip: Remember to keep the elbows in and your upper arms stationary."",""After a 1 second contraction where you squeeze your biceps, slowly start to bring the weight back to the original position."",""Repeat for the recommended amount of repetitions.""}","{Cable_Hammer_Curls_-_Rope_Attachment/0.jpg,Cable_Hammer_Curls_-_Rope_Attachment/1.jpg}",3,"8-12",false,false,false
78,Cable Hip Adduction,isolation,cable,adductors,{},true,"{""Stand in front of a low pulley facing forward with one leg next to the pulley and the other one away."",""Attach the ankle cuff to the cable and also to the ankle of the leg that is next to the pulley."",""Now step out and away from the stack with a wide stance and grasp the bar of the pulley system."",""Stand on the foot that does not have the ankle cuff (the far foot) and allow the leg with the cuff to be pulled towards the low pulley. This will be your starting position."",""Now perform the movement by moving the leg with the ankle cuff in front of the far leg by using the inner thighs to abduct the hip. Breathe out during this portion of the movement."",""Slowly return to the starting position as you breathe in."",""Repeat for the recommended amount of repetitions and then repeat the same movement with the opposite leg.""}","{Cable_Hip_Adduction/0.jpg,Cable_Hip_Adduction/1.jpg}",2,"8-12",false,false,false
84,Cable Lying Triceps Extension,isolation,cable,triceps,{},true,"{""Lie on a flat bench and grasp the straight bar attachment of a low pulley with a narrow overhand grip. Tip: The easiest way to do this is to have someone hand you the bar as you lay down."",""With your arms extended, position the bar over your torso. Your arms and your torso should create a 90-degree angle. This will be your starting position."",""Lower the bar by bending at the elbow while keeping the upper arms stationary and elbows in. Go down until the bar lightly touches your forehead. Breathe in as you perform this portion of the movement."",""Flex the triceps as you lift the bar back to its starting position. Exhale as you perform this portion of the movement."",""Hold for a second at the contracted position and repeat for the recommended amount of repetitions.""}","{Cable_Lying_Triceps_Extension/0.jpg,Cable_Lying_Triceps_Extension/1.jpg}",2,"8-12",false,true,false
186,Finger Curls,isolation,barbell,forearms,{},true,"{""Hold a barbell with both hands and your palms facing up; hands spaced about shoulder width."",""Place your feet flat on the floor, at a distance that is slightly wider than shoulder width apart. This will be your starting position."",""Lower the bar as far as possible by extending the fingers. Allowing the bar to roll down the hands, catch the bar with the final joint in the fingers."",""Now curl bar up as high as possible by closing your hands while exhaling. Hold the contraction at the top.""}","{Finger_Curls/0.jpg,Finger_Curls/1.jpg}",2,"15-25",false,false,false
85,Cable One Arm Tricep Extension,isolation,cable,triceps,{},true,"{""With your right hand, grasp a single handle attached to the high-cable pulley using a supinated (underhand; palms facing up) grip. You should be standing directly in front of the weight stack."",""Now pull the handle down so that your upper arm and elbow are locked in to the side of your body. Your upper arm and forearm should form an acute angle (less than 90-degrees). You can keep the other arm by the waist and you can have one leg in front of you and the other one back for better balance. This will be your starting position."",""As you contract the triceps, move the single handle attachment down to your side until your arm is straight. Breathe out as you perform this movement. Tip: Only the forearms should move. Your upper arms should remain stationary at all times."",""Squeeze the triceps and hold for a second in this contracted position."",""Slowly return the handle to the starting position."",""Repeat for the recommended amount of repetitions and then perform the same movement with the other arm.""}","{Cable_One_Arm_Tricep_Extension/0.jpg,Cable_One_Arm_Tricep_Extension/1.jpg}",4,"8-12",false,false,false
88,Cable Reverse Crunch,isolation,cable,abdominals,{},true,"{""Connect an ankle strap attachment to a low pulley cable and position a mat on the floor in front of it."",""Sit down with your feet toward the pulley and attach the cable to your ankles."",""Lie down, elevate your legs and bend your knees at a 90-degree angle. Your legs and the cable should be aligned. If not, adjust the pulley up or down until they are."",""With your hands behind your head, bring your knees inward to your torso and elevate your hips off the floor."",""Pause for a moment and in a slow and controlled manner drop your hips and bring your legs back to the starting 90-degree angle. You should still have tension on your abs in the resting position."",""Repeat the same movement to failure.""}","{Cable_Reverse_Crunch/0.jpg,Cable_Reverse_Crunch/1.jpg}",3,"10-15",false,false,false
87,Cable Rear Delt Fly,isolation,cable,rear delt,{},true,"{""Adjust the pulleys to the appropriate height and adjust the weight. The pulleys should be above your head."",""Grab the left pulley with your right hand and the right pulley with your left hand, crossing them in front of you. This will be your starting position."",""Initiate the movement by moving your arms back and outward, keeping your arms straight as you execute the movement."",""Pause at the end of the motion before returning the handles to the start position.""}","{Cable_Rear_Delt_Fly/0.jpg,Cable_Rear_Delt_Fly/1.jpg}",4,"8-12",false,false,false
95,Cable Shrugs,isolation,cable,traps,{},true,"{""Grasp a cable bar attachment that is attached to a low pulley with a shoulder width or slightly wider overhand (palms facing down) grip."",""Stand erect close to the pulley with your arms extended in front of you holding the bar. This will be your starting position."",""Lift the bar by elevating the shoulders as high as possible as you exhale. Hold the contraction at the top for a second. Tip: The arms should remain extended at all times. Refrain from using the biceps to help lift the bar. Only the shoulders should be moving up and down."",""Lower the bar back to the original position."",""Repeat for the recommended amount of repetitions.""}","{Cable_Shrugs/0.jpg,Cable_Shrugs/1.jpg}",2,"10-15",false,false,false
96,Cable Wrist Curl,isolation,cable,forearms,{},true,"{""Start out by placing a flat bench in front of a low pulley cable that has a straight bar attachment."",""Use your arms to grab the cable bar with a narrow to shoulder width supinated grip (palms up) and bring them up so that your forearms are resting against the top of your thighs. Your wrists should be hanging just beyond your knees."",""Start out by curling your wrist upwards and exhaling. Keep the contraction for a second."",""Slowly lower your wrists back down to the starting position while inhaling."",""Your forearms should be stationary as your wrist is the only movement needed to perform this exercise."",""Repeat for the recommended amount of repetitions.""}","{Cable_Wrist_Curl/0.jpg,Cable_Wrist_Curl/1.jpg}",4,"12-20",false,true,false
98,Calf Press,isolation,machine,calves,{},true,"{""Adjust the seat so that your legs are only slightly bent in the start position. The balls of your feet should be firmly on the platform."",""Select an appropriate weight, and grasp the handles. This will be your starting position."",""Straighten the legs by extending the knees, just barely lifting the weight from the stack. Your ankle should be fully flexed, toes pointing up. Execute the movement by pressing downward through the balls of your feet as far as possible."",""After a brief pause, reverse the motion and repeat.""}","{Calf_Press/0.jpg,Calf_Press/1.jpg}",3,"10-15",false,false,false
99,Calf Press On The Leg Press Machine,isolation,machine,calves,{},true,"{""Using a leg press machine, sit down on the machine and place your legs on the platform directly in front of you at a medium (shoulder width) foot stance."",""Lower the safety bars holding the weighted platform in place and press the platform all the way up until your legs are fully extended in front of you without locking your knees. (Note: In some leg press units you can leave the safety bars on for increased safety. If your leg press unit allows for this, then this is the preferred method of performing the exercise.) Your torso and the legs should make perfect 90-degree angle. Now carefully place your toes and balls of your feet on the lower portion of the platform with the heels extending off. Toes should be facing forward, outwards or inwards as described at the beginning of the chapter. This will be your starting position."",""Press on the platform by raising your heels as you breathe out by extending your ankles as high as possible and flexing your calf. Ensure that the knee is kept stationary at all times. There should be no bending at any time. Hold the contracted position by a second before you start to go back down."",""Go back slowly to the starting position as you breathe in by lowering your heels as you bend the ankles until calves are stretched."",""Repeat for the recommended amount of repetitions.""}","{Calf_Press_On_The_Leg_Press_Machine/0.jpg,Calf_Press_On_The_Leg_Press_Machine/1.jpg}",3,"10-15",false,false,false
100,Calf Raises - With Bands,isolation,bands,calves,{},true,"{""Grab an exercise band and stand on it with your toes making sure that the length of the band between the foot and the arms is the same for both sides."",""While holding the handles of the band, raise the arms to the side of your head as if you were getting ready to perform a shoulder press. The palms should be facing forward with the elbows bent and to the sides. This movement will create tension on the band. This will be your starting position."",""Keeping the hands by your shoulder, stand up on your toes as you exhale and contract the calves hard at the top of the movement."",""After a one second contraction, slowly go back down to the starting position."",""Repeat for the recommended amount of repetitions.""}","{Calf_Raises_-_With_Bands/0.jpg,Calf_Raises_-_With_Bands/1.jpg}",1,"12-20",false,false,false
108,Close-Grip Dumbbell Press,compound,dumbbell,triceps,"{chest,shoulders}",true,"{""Place a dumbbell standing up on a flat bench."",""Ensuring that the dumbbell stays securely placed at the top of the bench, lie perpendicular to the bench with only your shoulders lying on the surface. Hips should be below the bench and your legs bent with your feet firmly on the floor."",""Grasp the dumbbell with both hands and hold it straight over your chest at arm's length. Both palms should be pressing against the underside of the sides of the dumbbell. This will be your starting position."",""Initiate the movement by lowering the dumbbell to your chest."",""Return to the starting position by extending the elbows.""}","{Close-Grip_Dumbbell_Press/0.jpg,Close-Grip_Dumbbell_Press/1.jpg}",2,"8-12",false,true,false
110,Close-Grip EZ-Bar Press,compound,e-z curl bar,triceps,"{chest,shoulders}",true,"{""Lie on a flat bench with an EZ bar loaded to an appropriate weight."",""Using a narrow grip lift the bar and hold it straight over your torso with your elbows in. The arms should be perpendicular to the floor. This will be your starting position."",""Now lower the bar down to your lower chest as you breathe in. Keep the elbows in as you perform this movement."",""Using the triceps to push the bar back up, press it back to the starting position by extending the elbows as you exhale."",Repeat.}","{Close-Grip_EZ-Bar_Press/0.jpg,Close-Grip_EZ-Bar_Press/1.jpg}",3,"8-12",false,true,false
113,Close-Grip Push-Up off of a Dumbbell,compound,body only,triceps,"{abdominals,chest,shoulders}",false,"{""Lie on the floor and place your hands on an upright dumbbell. Supporting your weight on your toes and hands, keep your torso rigid and your elbows in with your arms straight. This will be your starting position."",""Lower your body, allowing the elbows to flex while you inhale. Keep your body straight, not allowing your hips to rise or sag."",""Press yourself back up to the starting position by extending the elbows. Breathe out as you perform this step."",""After a pause at the contracted position, repeat the movement for the prescribed amount of repetitions.""}","{Close-Grip_Push-Up_off_of_a_Dumbbell/0.jpg,Close-Grip_Push-Up_off_of_a_Dumbbell/1.jpg}",2,"8-12",false,false,false
115,Cocoons,compound,body only,abdominals,{},true,"{""Begin by lying on your back on the ground. Your legs should be straight and your arms extended behind your head. This will be your starting position."",""To perform the movement, tuck the knees toward your chest, rotating your pelvis to lift your glutes from the floor. As you do so, flex the spine, bringing your arms back over your head to perform a simultaneous crunch motion."",""After a brief pause, return to the starting position.""}","{Cocoons/0.jpg,Cocoons/1.jpg}",2,"8-12",false,false,false
116,Concentration Curls,isolation,dumbbell,biceps,{forearms},true,"{""Sit down on a flat bench with one dumbbell in front of you between your legs. Your legs should be spread with your knees bent and feet on the floor."",""Use your right arm to pick the dumbbell up. Place the back of your right upper arm on the top of your inner right thigh. Rotate the palm of your hand until it is facing forward away from your thigh. Tip: Your arm should be extended and the dumbbell should be above the floor. This will be your starting position."",""While holding the upper arm stationary, curl the weights forward while contracting the biceps as you breathe out. Only the forearms should move. Continue the movement until your biceps are fully contracted and the dumbbells are at shoulder level. Tip: At the top of the movement make sure that the little finger of your arm is higher than your thumb. This guarantees a good contraction. Hold the contracted position for a second as you squeeze the biceps."",""Slowly begin to bring the dumbbells back to starting position as your breathe in. Caution: Avoid swinging motions at any time."",""Repeat for the recommended amount of repetitions. Then repeat the movement with the left arm.""}","{Concentration_Curls/0.jpg,Concentration_Curls/1.jpg}",2,"8-12",false,false,false
117,Cross-Body Crunch,compound,body only,abdominals,{},true,"{""Lie flat on your back and bend your knees about 60 degrees."",""Keep your feet flat on the floor and place your hands loosely behind your head. This will be your starting position."",""Now curl up and bring your right elbow and shoulder across your body while bring your left knee in toward your left shoulder at the same time. Reach with your elbow and try to touch your knee. Exhale as you perform this movement. Tip: Try to bring your shoulder up towards your knee rather than just your elbow and remember that the key is to contract the abs as you perform the movement; not just to move the elbow."",""Now go back down to the starting position as you inhale and repeat with the left elbow and the right knee."",""Continue alternating in this manner until all prescribed repetitions are done.""}","{Cross-Body_Crunch/0.jpg,Cross-Body_Crunch/1.jpg}",2,"8-12",false,false,false
119,Cross Over - With Bands,compound,bands,chest,"{biceps,shoulders}",true,"{""Secure an exercise band around a stationary post."",""While facing away from the post, grab the handles on both ends of the band and step forward enough to create tension on the band."",""Raise your arms to the sides, parallel to the floor, perpendicular to your torso (your torso and the arms should resemble the letter \""T\"") and with the palms facing forward. Have them extended with a slight bend at the elbows. This will be your starting position."",""While keeping your arms straight, bring them across your chest in a semicircular motion to the front as you exhale and flex your pecs. Hold the contraction for a second."",""Slowly return to the starting position as you inhale."",""Perform for the recommended amount of repetitions.""}","{Cross_Over_-_With_Bands/0.jpg,Cross_Over_-_With_Bands/1.jpg}",1,"10-15",false,false,false
120,Crunches,isolation,body only,abdominals,{},true,"{""Lie flat on your back with your feet flat on the ground, or resting on a bench with your knees bent at a 90 degree angle. If you are resting your feet on a bench, place them three to four inches apart and point your toes inward so they touch."",""Now place your hands lightly on either side of your head keeping your elbows in. Tip: Don't lock your fingers behind your head."",""While pushing the small of your back down in the floor to better isolate your abdominal muscles, begin to roll your shoulders off the floor."",""Continue to push down as hard as you can with your lower back as you contract your abdominals and exhale. Your shoulders should come up off the floor only about four inches, and your lower back should remain on the floor. At the top of the movement, contract your abdominals hard and keep the contraction for a second. Tip: Focus on slow, controlled movement - don't cheat yourself by using momentum."",""After the one second contraction, begin to come down slowly again to the starting position as you inhale."",""Repeat for the recommended amount of repetitions.""}","{Crunches/0.jpg,Crunches/1.jpg}",1,"10-15",false,false,false
121,Crunch - Hands Overhead,isolation,body only,abdominals,{},true,"{""Lie on the floor with your back flat and knees bent with around a 60-degree angle between the hamstrings and the calves."",""Keep your feet flat on the floor and stretch your arms overhead with your palms crossed. This will be your starting position."",""Curl your upper body forward and bring your shoulder blades just off the floor. At all times, keep your arms aligned with your head, neck and shoulder. Don't move them forward from that position. Exhale as you perform this portion of the movement and hold the contraction for a second."",""Slowly lower down to the starting position as you inhale."",""Repeat for the recommended amount of repetitions.""}","{Crunch_-_Hands_Overhead/0.jpg,Crunch_-_Hands_Overhead/1.jpg}",2,"",false,false,false
126,Decline Close-Grip Bench To Skull Crusher,compound,barbell,triceps,"{chest,shoulders}",false,"{""Secure your legs at the end of the decline bench and slowly lay down on the bench."",""Using a close grip (a grip that is slightly less than shoulder width), lift the bar from the rack and hold it straight over you with your arms locked and elbows in. The arms should be perpendicular to the floor. This will be your starting position. Tip: In order to protect your rotator cuff, it is best if you have a spotter help you lift the barbell off the rack."",""Now lower the bar down to your lower chest as you breathe in. Keep the elbows in as you perform this movement."",""Using the triceps to push the bar back up, press it back to the starting position as you exhale."",""As you breathe in and you keep the upper arms stationary, bring the bar down slowly by moving your forearms in a semicircular motion towards you until you feel the bar slightly touch your forehead. Breathe in as you perform this portion of the movement."",""Lift the bar back to the starting position by contracting the triceps and exhaling."",""Repeat steps 3-6 until the recommended amount of repetitions is performed.""}","{Decline_Close-Grip_Bench_To_Skull_Crusher/0.jpg,Decline_Close-Grip_Bench_To_Skull_Crusher/1.jpg}",2,"8-12",false,true,false
127,Decline Crunch,isolation,body only,abdominals,{},false,"{""Secure your legs at the end of the decline bench and lie down."",""Now place your hands lightly on either side of your head keeping your elbows in. Tip: Don't lock your fingers behind your head."",""While pushing the small of your back down in the bench to better isolate your abdominal muscles, begin to roll your shoulders off it."",""Continue to push down as hard as you can with your lower back as you contract your abdominals and exhale. Your shoulders should come up off the bench only about four inches, and your lower back should remain on the bench. At the top of the movement, contract your abdominals hard and keep the contraction for a second. Tip: Focus on slow, controlled movement - don't cheat yourself by using momentum."",""After the one second contraction, begin to come down slowly again to the starting position as you inhale."",""Repeat for the recommended amount of repetitions.""}","{Decline_Crunch/0.jpg,Decline_Crunch/1.jpg}",3,"8-12",false,true,false
128,Decline Dumbbell Bench Press,compound,dumbbell,chest,"{shoulders,triceps}",true,"{""Secure your legs at the end of the decline bench and lie down with a dumbbell on each hand on top of your thighs. The palms of your hand will be facing each other."",""Once you are laying down, move the dumbbells in front of you at shoulder width."",""Once at shoulder width, rotate your wrists forward so that the palms of your hands are facing away from you. This will be your starting position."",""Bring down the weights slowly to your side as you breathe out. Keep full control of the dumbbells at all times. Tip: Throughout the motion, the forearms should always be perpendicular to the floor."",""As you breathe out, push the dumbbells up using your pectoral muscles. Lock your arms in the contracted position, squeeze your chest, hold for a second and then start coming down slowly. Tip: It should take at least twice as long to go down than to come up.."",""Repeat the movement for the prescribed amount of repetitions of your training program.""}","{Decline_Dumbbell_Bench_Press/0.jpg,Decline_Dumbbell_Bench_Press/1.jpg}",1,"8-12",false,true,false
243,Kettlebell Arnold Press,compound,kettlebells,front delt,{triceps},false,"{""Clean a kettlebell to your shoulder. Clean the kettlebell to your shoulder by extending through the legs and hips as you raise the kettlebell towards your shoulder. The palm should be facing inward."",""Looking straight ahead, press the kettlebell out and overhead, rotating your wrist so that your palm faces forward at the top of the motion."",""Return the kettlebell to the starting position, with the palm facing in.""}","{Kettlebell_Arnold_Press/0.jpg,Kettlebell_Arnold_Press/1.jpg}",1,"6-10",false,false,false
130,Decline Dumbbell Triceps Extension,isolation,dumbbell,triceps,{},true,"{""Secure your legs at the end of the decline bench and lie down with a dumbbell on each hand on top of your thighs. The palms of your hand will be facing each other."",""Once you are laying down, move the dumbbells in front of you at shoulder width. The palms of the hands should be facing each other and the arms should be perpendicular to the floor and fully extended. This will be your starting position."",""As you breathe in and you keep the upper arms stationary (and elbows in), bring the dumbbells down slowly by moving your forearms in a semicircular motion towards you until your thumbs are next to your ears. Breathe in as you perform this portion of the movement."",""Lift the dumbbells back to the starting position by contracting the triceps and exhaling."",""Repeat for the recommended amount of repetitions.""}","{Decline_Dumbbell_Triceps_Extension/0.jpg,Decline_Dumbbell_Triceps_Extension/1.jpg}",2,"8-12",false,true,false
132,Decline Oblique Crunch,compound,body only,abdominals,{},true,"{""Secure your legs at the end of the decline bench and slowly lay down on the bench."",""Raise your upper body off the bench until your torso is about 35-45 degrees if measured from the floor."",""Put one hand beside your head and the other on your thigh. This will be your starting position."",""Raise your upper body slowly from the starting position while turning your torso to the left. Continue crunching up as you exhale until your right elbow touches your left knee. Hold this contracted position for a second. Tip: Focus on keeping your abs tight and keeping the movement slow and controlled."",""Lower your body back down slowly to the starting position as you inhale."",""After completing one set on the right for the recommended amount of repetitions, switch to your left side. Tip: Focus on really twisting your torso and feeling the contraction when you are in the up position.""}","{Decline_Oblique_Crunch/0.jpg,Decline_Oblique_Crunch/1.jpg}",2,"8-12",false,true,false
135,Decline Smith Press,compound,machine,chest,"{shoulders,triceps}",true,"{""Place a decline bench underneath the Smith machine. Now place the barbell at a height that you can reach when lying down and your arms are almost fully extended. Using a pronated grip that is wider than shoulder width, unlock the bar from the rack and hold it straight over you with your arms extended. This will be your starting position."",""As you inhale, lower the bar under control by allowing the elbows to flex, lightly contacting the torso."",""After a brief pause, bring the bar back to the starting position by extending the elbows, exhaling as you do so."",""Repeat the movement for the prescribed amount of repetitions."",""When the set is complete, lock the bar back in the rack.""}","{Decline_Smith_Press/0.jpg,Decline_Smith_Press/1.jpg}",1,"8-12",false,true,false
138,Dip Machine,compound,machine,triceps,"{chest,shoulders}",true,"{""Sit securely in a dip machine, select the weight and firmly grasp the handles."",""Now keep your elbows in at your sides in order to place emphasis on the triceps. The elbows should be bent at a 90 degree angle."",""As you contract the triceps, extend your arms downwards as you exhale. Tip: At the bottom of the movement, focus on keeping a little bend in your arms to keep tension on the triceps muscle."",""Now slowly let your arms come back up to the starting position as you inhale."",""Repeat for the recommended amount of repetitions.""}","{Dip_Machine/0.jpg,Dip_Machine/1.jpg}",3,"8-12",false,false,false
133,Decline Push-Up,compound,body only,chest,"{shoulders,triceps}",true,"{""Lie on the floor face down and place your hands about 36 inches apart while holding your torso up at arms length. Move your feet up to a box or bench. This will be your starting position."",""Next, lower yourself downward until your chest almost touches the floor as you inhale."",""Now breathe out and press your upper body back up to the starting position while squeezing your chest."",""After a brief pause at the top contracted position, you can begin to lower yourself downward again for as many repetitions as needed.""}","{Decline_Push-Up/0.jpg,Decline_Push-Up/1.jpg}",1,"8-12",false,false,false
147,Dumbbell Bench Press,compound,dumbbell,chest,"{shoulders,triceps}",true,"{""Lie down on a flat bench with a dumbbell in each hand resting on top of your thighs. The palms of your hands will be facing each other."",""Then, using your thighs to help raise the dumbbells up, lift the dumbbells one at a time so that you can hold them in front of you at shoulder width."",""Once at shoulder width, rotate your wrists forward so that the palms of your hands are facing away from you. The dumbbells should be just to the sides of your chest, with your upper arm and forearm creating a 90 degree angle. Be sure to maintain full control of the dumbbells at all times. This will be your starting position."",""Then, as you breathe out, use your chest to push the dumbbells up. Lock your arms at the top of the lift and squeeze your chest, hold for a second and then begin coming down slowly. Tip: Ideally, lowering the weight should take about twice as long as raising it."",""Repeat the movement for the prescribed amount of repetitions of your training program.""}","{Dumbbell_Bench_Press/0.jpg,Dumbbell_Bench_Press/1.jpg}",3,"8-12",false,true,false
150,Dumbbell Clean,compound,dumbbell,hamstrings,"{calves,forearms,glutes,""lower back"",quadriceps,shoulders,traps}",false,"{""Begin standing with a dumbbell in each hand with your feet shoulder width apart."",""Lower the weights to the floor by flexing at the hips and knees, pushing your hips back until the dumbbells reach the floor. This will be your starting position."",""To initiate the movement, violently jump upward by extending the hips, knees, and ankles to acclerate the weights upward. Maintaining a neutral grip on the dumbbells, keep the arms straight until full extension is reached."",""After full extension, rebend the hips and knees to receive the weight in a squat position. Allow the arms to bend, guiding the dumbbells to your shoulders."",""Upon receiving the weight in the squat position, extend the hips and knees to finish in a standing position with the weights on your shoulders.""}","{Dumbbell_Clean/0.jpg,Dumbbell_Clean/1.jpg}",1,"6-10",false,false,false
154,Dumbbell Lunges,compound,dumbbell,quadriceps,"{calves,glutes,hamstrings}",true,"{""Stand with your torso upright holding two dumbbells in your hands by your sides. This will be your starting position."",""Step forward with your right leg around 2 feet or so from the foot being left stationary behind and lower your upper body down, while keeping the torso upright and maintaining balance. Inhale as you go down. Note: As in the other exercises, do not allow your knee to go forward beyond your toes as you come down, as this will put undue stress on the knee joint. Make sure that you keep your front shin perpendicular to the ground."",""Using mainly the heel of your foot, push up and go back to the starting position as you exhale."",""Repeat the movement for the recommended amount of repetitions and then perform with the left leg.""}","{Dumbbell_Lunges/0.jpg,Dumbbell_Lunges/1.jpg}",2,"8-12",false,false,false
156,Dumbbell Lying Pronation,isolation,dumbbell,forearms,{},false,"{""Lie on a flat bench face down with one arm holding a dumbbell and the other hand on top of the bench folded so that you can rest your head on it."",""Bend the elbows of the arm holding the dumbbell so that it creates a 90-degree angle between the upper arm and the forearm."",""Now raise the upper arm so that the forearm is perpendicular to the floor and the upper arm is perpendicular to your torso. Tip: The upper arm should be parallel to the floor and also creating a 90-degree angle with your torso. This will be your starting position."",""As you breathe out, externally rotate your forearm so that the dumbbell is lifted forward as you maintain the 90 degree angle bend between the upper arms and the forearm. You will continue this external rotation until the forearm is parallel to the floor. At this point you will hold the contraction for a second."",""As you breathe in, slowly go back to the starting position."",""Repeat for the recommended amount of repetitions.""}","{Dumbbell_Lying_Pronation/0.jpg,Dumbbell_Lying_Pronation/1.jpg}",1,"12-20",false,true,false
158,Dumbbell Lying Supination,isolation,dumbbell,forearms,{},false,"{""Lie sideways on a flat bench with one arm holding a dumbbell and the other hand on top of the bench folded so that you can rest your head on it."",""Bend the elbows of the arm holding the dumbbell so that it creates a 90-degree angle between the upper arm and the forearm."",""Now raise the upper arm so that the forearm is parallel to the floor and perpendicular to your torso (Tip: So the forearm will be directly in front of you). The upper arm will be stationary by your torso and should be parallel to the floor (aligned with your torso at all times). This will be your starting position."",""As you breathe out, externally rotate your forearm so that the dumbbell is lifted up in a semicircle motion as you maintain the 90 degree angle bend between the upper arms and the forearm. You will continue this external rotation until the forearm is perpendicular to the floor and the torso pointing towards the ceiling. At this point you will hold the contraction for a second."",""As you breathe in, slowly go back to the starting position."",""Repeat for the recommended amount of repetitions and then switch to the other arm.""}","{Dumbbell_Lying_Supination/0.jpg,Dumbbell_Lying_Supination/1.jpg}",1,"12-20",false,true,false
160,Dumbbell One-Arm Triceps Extension,isolation,dumbbell,triceps,{},false,"{""Grab a dumbbell and either sit on a military press bench or a utility bench that has a back support on it as you place the dumbbells upright on top of your thighs or stand up straight."",""Clean the dumbbell up to bring it to shoulder height and then extend the arm over your head so that the whole arm is perpendicular to the floor and next to your head. The dumbbell should be on top of you. The other hand can be kept fully extended to the side, by the waist, supporting the upper arm that has the dumbbell or grabbing a fixed surface."",""Rotate the wrist so that the palm of your hand is facing forward and the pinkie is facing the ceiling. This will be your starting position."",""Slowly lower the dumbbell behind your head as you hold the upper arm stationary. Inhale as you perform this movement and pause when your triceps are fully stretched."",""Return to the starting position by flexing your triceps as you breathe out. Tip: It is imperative that only the forearm moves. The upper arm should remain at all times stationary next to your head."",""Repeat for the recommended amount of repetitions and switch arms.""}","{Dumbbell_One-Arm_Triceps_Extension/0.jpg,Dumbbell_One-Arm_Triceps_Extension/1.jpg}",3,"8-12",false,false,false
170,Dumbbell Squat,compound,dumbbell,quadriceps,"{calves,glutes,hamstrings,""lower back""}",true,"{""Stand up straight while holding a dumbbell on each hand (palms facing the side of your legs)."",""Position your legs using a shoulder width medium stance with the toes slightly pointed out. Keep your head up at all times as looking down will get you off balance and also maintain a straight back. This will be your starting position. Note: For the purposes of this discussion we will use the medium stance described above which targets overall development; however you can choose any of the three stances discussed in the foot stances section."",""Begin to slowly lower your torso by bending the knees as you maintain a straight posture with the head up. Continue down until your thighs are parallel to the floor. Tip: If you performed the exercise correctly, the front of the knees should make an imaginary straight line with the toes that is perpendicular to the front. If your knees are past that imaginary line (if they are past your toes) then you are placing undue stress on the knee and the exercise has been performed incorrectly."",""Begin to raise your torso as you exhale by pushing the floor with the heel of your foot mainly as you straighten the legs again and go back to the starting position."",""Repeat for the recommended amount of repetitions.""}","{Dumbbell_Squat/0.jpg,Dumbbell_Squat/1.jpg}",2,"8-12",false,false,false
175,Elevated Back Lunge,compound,barbell,quadriceps,"{glutes,hamstrings}",false,"{""Position a bar onto a rack at shoulder height loaded to an appropriate weight. Place a short, raised platform behind you."",""Rack the bar onto your upper back, keeping your back arched and tight. Step onto your raised platform with both feet. This will be your starting position."",""Begin by stepping backwards with one leg. Descend by flexing your hips and knees until your knee touches the floor."",""Pause, and extend through the hips and knees to rise up, returning all the way to the starting position before alternating.""}","{Elevated_Back_Lunge/0.jpg,Elevated_Back_Lunge/1.jpg}",2,"8-12",false,false,false
177,Exercise Ball Crunch,isolation,exercise ball,abdominals,{},true,"{""Lie on an exercise ball with your lower back curvature pressed against the spherical surface of the ball. Your feet should be bent at the knee and pressed firmly against the floor. The upper torso should be hanging off the top of the ball. The arms should either be kept alongside the body or crossed on top of your chest as these positions avoid neck strains (as opposed to the hands behind the back of the head position)."",""Lower your torso into a stretch position keeping the neck stationary at all times. This will be your starting position."",""With the hips stationary, flex the waist by contracting the abdominals and curl the shoulders and trunk upward until you feel a nice contraction on your abdominals. The arms should simply slide up the side of your legs if you have them at the side or just stay on top of your chest if you have them crossed. The lower back should always stay in contact with the ball. Exhale as you perform this movement and hold the contraction for a second."",""As you inhale, go back to the starting position."",""Repeat for the recommended amount of repetitions.""}","{Exercise_Ball_Crunch/0.jpg,Exercise_Ball_Crunch/1.jpg}",1,"10-15",false,false,false
184,EZ-Bar Skullcrusher,isolation,e-z curl bar,triceps,{forearms},true,"{""Using a close grip, lift the EZ bar and hold it with your elbows in as you lie on the bench. Your arms should be perpendicular to the floor. This will be your starting position."",""Keeping the upper arms stationary, lower the bar by allowing the elbows to flex. Inhale as you perform this portion of the movement. Pause once the bar is directly above the forehead."",""Lift the bar back to the starting position by extending the elbow and exhaling."",Repeat.}","{EZ-Bar_Skullcrusher/0.jpg,EZ-Bar_Skullcrusher/1.jpg}",3,"8-12",false,true,false
187,Flat Bench Cable Fly,isolation,cable,chest,{},false,"{""Position a flat bench between two low pulleys so that when you are laying on it, your chest will be lined up with the cable pulleys."",""Lay flat on the bench and keep your feet on the ground."",""Have someone hand you the handles on each hand. You will grab each single handle attachment with a palms up grip."",""Extend your arms by your side with a slight bend on your elbows. Tip: You will keep this bend constant through the whole movement. Your arms should be parallel to the floor. This is your starting position."",""Now start lifting the arms in a semi-circle motion directly in front of you by pulling the cables together until both hands meet at the top of the movement. Squeeze your chest as you perform this motion and breathe out during this movement. Also, hold the contraction for a second at the top. Tip: When performed correctly, at the top position of this movement, your arms should be perpendicular to your torso and the floor touching above your chest."",""Slowly come back to the starting position."",""Repeat for the recommended amount of repetitions.""}","{Flat_Bench_Cable_Flyes/0.jpg,Flat_Bench_Cable_Flyes/1.jpg}",3,"8-12",false,true,false
193,Freehand Jump Squat,compound,body only,quadriceps,"{calves,glutes,hamstrings}",false,"{""Cross your arms over your chest."",""With your head up and your back straight, position your feet at shoulder width."",""Keeping your back straight and chest up, squat down as you inhale until your upper thighs are parallel, or lower, to the floor."",""Now pressing mainly with the ball of your feet, jump straight up in the air as high as possible, using the thighs like springs. Exhale during this portion of the movement."",""When you touch the floor again, immediately squat down and jump again."",""Repeat for the recommended amount of repetitions.""}","{Freehand_Jump_Squat/0.jpg,Freehand_Jump_Squat/1.jpg}",1,"12-20",false,false,false
194,Frog Sit-Up,isolation,body only,abdominals,{},false,"{""Lie with your back flat on the floor (or exercise mat) and your legs extended in front of you."",""Now bend at the knees and place your outer thighs by the floor (or mat) as you make the soles of your feet touch each other."",""Now try pushing both soles and bringing them up as near you as possible while you keep the outer thighs on the floor (or at least almost touching it). Tip: In this position your legs should create a diamond shape."",""Now, cross your arms in front of you by touching the opposite shoulders. This will be your starting position."",""As you exhale flatten your lower back to the floor while curling the torso upwards. Tip: This will be like performing the first 1/4 movement of a sit up. Hold at the top position for a second."",""As you inhale, slowly lower back to the starting position."",""Repeat for the recommended amount of repetitions.""}","{Frog_Sit-Ups/0.jpg,Frog_Sit-Ups/1.jpg}",1,"8-12",false,false,false
196,Front Dumbbell Raise,isolation,dumbbell,front delt,{},true,"{""Pick a couple of dumbbells and stand with a straight torso and the dumbbells on front of your thighs at arms length with the palms of the hand facing your thighs. This will be your starting position."",""While maintaining the torso stationary (no swinging), lift the left dumbbell to the front with a slight bend on the elbow and the palms of the hands always facing down. Continue to go up until you arm is slightly above parallel to the floor. Exhale as you execute this portion of the movement and pause for a second at the top. Inhale after the second pause."",""Now lower the dumbbell back down slowly to the starting position as you simultaneously lift the right dumbbell."",""Continue alternating in this fashion until all of the recommended amount of repetitions have been performed for each arm.""}","{Front_Dumbbell_Raise/0.jpg,Front_Dumbbell_Raise/1.jpg}",2,"8-12",false,false,false
205,Glute Kickback,compound,body only,glutes,{hamstrings},true,"{""Kneel on the floor or an exercise mat and bend at the waist with your arms extended in front of you (perpendicular to the torso) in order to get into a kneeling push-up position but with the arms spaced at shoulder width. Your head should be looking forward and the bend of the knees should create a 90-degree angle between the hamstrings and the calves. This will be your starting position."",""As you exhale, lift up your right leg until the hamstrings are in line with the back while maintaining the 90-degree angle bend. Contract the glutes throughout this movement and hold the contraction at the top for a second. Tip: At the end of the movement the upper leg should be parallel to the floor while the calf should be perpendicular to it."",""Go back to the initial position as you inhale and now repeat with the left leg."",""Continue to alternate legs until all of the recommended repetitions have been performed.""}","{Glute_Kickback/0.jpg,Glute_Kickback/1.jpg}",1,"12-20",false,false,false
206,Goblet Squat,compound,kettlebells,quadriceps,"{calves,glutes,hamstrings,shoulders}",true,"{""Stand holding a light kettlebell by the horns close to your chest. This will be your starting position."",""Squat down between your legs until your hamstrings are on your calves. Keep your chest and head up and your back straight."",""At the bottom position, pause and use your elbows to push your knees out. Return to the starting position, and repeat for 10-20 repetitions.""}","{Goblet_Squat/0.jpg,Goblet_Squat/1.jpg}",2,"8-12",false,false,false
208,Hack Squat,compound,machine,quadriceps,"{calves,glutes,hamstrings}",true,"{""Place the back of your torso against the back pad of the machine and hook your shoulders under the shoulder pads provided."",""Position your legs in the platform using a shoulder width medium stance with the toes slightly pointed out. Tip: Keep your head up at all times and also maintain the back on the pad at all times."",""Place your arms on the side handles of the machine and disengage the safety bars (which on most designs is done by moving the side handles from a facing front position to a diagonal position)."",""Now straighten your legs without locking the knees. This will be your starting position. (Note: For the purposes of this discussion we will use the medium stance described above which targets overall development; however you can choose any of the three stances described in the foot positioning section)."",""Begin to slowly lower the unit by bending the knees as you maintain a straight posture with the head up (back on the pad at all times). Continue down until the angle between the upper leg and the calves becomes slightly less than 90-degrees (which is the point in which the upper legs are below parallel to the floor). Inhale as you perform this portion of the movement. Tip: If you performed the exercise correctly, the front of the knees should make an imaginary straight line with the toes that is perpendicular to the front. If your knees are past that imaginary line (if they are past your toes) then you are placing undue stress on the knee and the exercise has been performed incorrectly."",""Begin to raise the unit as you exhale by pushing the floor with mainly with the heel of your foot as you straighten the legs again and go back to the starting position."",""Repeat for the recommended amount of repetitions.""}","{Hack_Squat/0.jpg,Hack_Squat/1.jpg}",3,"6-10",false,false,false
209,Hammer Curls,isolation,dumbbell,biceps,{},true,"{""Stand up with your torso upright and a dumbbell on each hand being held at arms length. The elbows should be close to the torso."",""The palms of the hands should be facing your torso. This will be your starting position."",""Now, while holding your upper arm stationary, exhale and curl the weight forward while contracting the biceps. Continue to raise the weight until the biceps are fully contracted and the dumbbell is at shoulder level. Hold the contracted position for a brief moment as you squeeze the biceps. Tip: Focus on keeping the elbow stationary and only moving your forearm."",""After the brief pause, inhale and slowly begin the lower the dumbbells back down to the starting position."",""Repeat for the recommended amount of repetitions.""}","{Hammer_Curls/0.jpg,Hammer_Curls/1.jpg}",4,"8-12",false,false,false
553,Wrist Rotations with Straight Bar,isolation,barbell,forearms,{},true,"{""Hold a barbell with both hands and your palms facing down; hands spaced about shoulder width. This will be your starting position."",""Alternating between each of your hands, perform the movement by extending the wrist as though you were rolling up a newspaper. Continue alternating back and forth until failure."",""Reverse the motion by flexing the wrist, rolling the opposite direction. Continue the alternating motion until failure.""}","{Wrist_Rotations_with_Straight_Bar/0.jpg,Wrist_Rotations_with_Straight_Bar/1.jpg}",2,"12-20",false,false,false
218,Incline Cable Chest Press,compound,cable,chest,"{shoulders,triceps}",true,"{""Adjust the weight to an appropriate amount and be seated, grasping the handles. Your upper arms should be about 45 degrees to the body, with your head and chest up. The elbows should be bent to about 90 degrees. This will be your starting position."",""Begin by extending through the elbow, pressing the handles together straight in front of you. Keep your shoulder blades retracted as you execute the movement."",""After pausing at full extension, return to the starting position, keeping tension on the cables.""}","{Incline_Cable_Chest_Press/0.jpg,Incline_Cable_Chest_Press/1.jpg}",3,"8-12",false,false,false
221,Incline Dumbbell Curl,isolation,dumbbell,biceps,{},true,"{""Sit back on an incline bench with a dumbbell in each hand held at arms length. Keep your elbows close to your torso and rotate the palms of your hands until they are facing forward. This will be your starting position."",""While holding the upper arm stationary, curl the weights forward while contracting the biceps as you breathe out. Only the forearms should move. Continue the movement until your biceps are fully contracted and the dumbbells are at shoulder level. Hold the contracted position for a second."",""Slowly begin to bring the dumbbells back to starting position as your breathe in."",""Repeat for the recommended amount of repetitions.""}","{Incline_Dumbbell_Curl/0.jpg,Incline_Dumbbell_Curl/1.jpg}",4,"8-12",false,true,false
225,Incline Hammer Curls,isolation,dumbbell,biceps,{},true,"{""Seat yourself on an incline bench with a dumbbell in each hand. You should pressed firmly against he back with your feet together. Allow the dumbbells to hang straight down at your side, holding them with a neutral grip. This will be your starting position."",""Initiate the movement by flexing at the elbow, attempting to keep the upper arm stationary."",""Continue to the top of the movement and pause, then slowly return to the start position.""}","{Incline_Hammer_Curls/0.jpg,Incline_Hammer_Curls/1.jpg}",3,"8-12",false,true,false
232,Internal Rotation with Band,isolation,bands,lateral delt,{},true,"{""Choke the band around a post. The band should be at the same height as your elbow. Stand with your right side to the band a couple of feet away."",""Grasp the end of the band with your right hand, and keep your elbow pressed firmly to your side. We recommend you hold a pad or foam roll in place with your elbow to keep it firmly in position."",""With your upper arm in position, your elbow should be flexed to 90 degrees with your hand reaching away from your torso. This will be your starting position."",""Execute the movement by rotating your arm in a forehand motion, keeping your elbow in place."",""Continue as far as you are able, pause, and then return to the starting position.""}","{Internal_Rotation_with_Band/0.jpg,Internal_Rotation_with_Band/1.jpg}",1,"8-12",false,false,false
144,Downward Facing Balance,isolation,exercise ball,glutes,"{abdominals,hamstrings}",false,"{""Lie facedown on top of an exercise ball."",""While resting on your stomach on the ball, walk your hands forward along the floor and lift your legs, extending your elbows and knees.""}","{Downward_Facing_Balance/0.jpg,Downward_Facing_Balance/1.jpg}",,"",true,,
241,Jefferson Squats,compound,barbell,quadriceps,"{calves,glutes,hamstrings,""lower back"",traps}",false,"{""Place a barbell on the floor."",""Stand in the middle of the bar length wise."",""Bend down by bending at the knees and keeping your back straight and grasp the front of the bar with your right hand. Your palm should be in (neutral grip) facing the left side."",""Grasp the rear of the bar with your left hand. The palm of your hand should be in neutral grip alignment (palms facing the right side). Tip: Ensure that your grip is even on the bar. Your torso should be positioned right in the middle of the bar and the distance between your torso and your right hand (which should be at the front) should be the same as the distance between your torso and your left hand (which should be to your back)."",""Now stand straight up with the weight. Tip: Your feet should be shoulder width apart and your toes slightly pointed out."",""Squat down by bending at the knees and keeping your back straight until your upper thighs are parallel with the floor. Tip: Keep your back as vertical as possible with the floor and your head up. Also remember to not let your knees go past your toes. Inhale during this portion of the movement."",""Now drive yourself back up to the starting position by pushing with the feet . Tip: Keep the bar hanging at arm's length and your elbows locked with a slight bend. The arms only serve as hooks. Avoid doing any lifting with them. Do the lifting with your thighs; not your arms.""}","{Jefferson_Squats/0.jpg,Jefferson_Squats/1.jpg}",1,"6-10",false,false,false
242,JM Press,compound,barbell,triceps,"{chest,shoulders}",true,"{""Start the exercise the same way you would a close grip bench press. You will lie on a flat bench while holding a barbell at arms length (fully extended) with the elbows in. However, instead of having the arms perpendicular to the torso, make sure the bar is set in a direct line above the upper chest. This will be your starting position."",""Now beginning from a fully extended position lower the bar down as if performing a lying triceps extension. Inhale as you perform this movement. When you reach the half way point, let the bar roll back about one inch by moving the upper arms towards your legs until they are perpendicular to the torso. Tip: Keep the bend at the elbows constant as you bring the upper arms forward."",""As you exhale, press the bar back up by using the triceps to perform a close grip bench press."",""Now go back to the starting position and start over."",""Repeat for the recommended amount of repetitions.""}","{JM_Press/0.jpg,JM_Press/1.jpg}",3,"8-12",false,true,false
247,Kettlebell One-Legged Deadlift,compound,kettlebells,hamstrings,"{glutes,""lower back""}",false,"{""Hold a kettlebell by the handle in one hand. Stand on one leg, on the same side that you hold the kettlebell."",""Keeping that knee slightly bent, perform a stiff legged deadlift by bending at the hip, extending your free leg behind you for balance."",""Continue lowering the kettlebell until you are parallel to the ground, and then return to the upright position.""}","{Kettlebell_One-Legged_Deadlift/0.jpg,Kettlebell_One-Legged_Deadlift/1.jpg}",2,"8-12",false,false,false
267,Leg Extensions,isolation,machine,quadriceps,{},true,"{""For this exercise you will need to use a leg extension machine. First choose your weight and sit on the machine with your legs under the pad (feet pointed forward) and the hands holding the side bars. This will be your starting position. Tip: You will need to adjust the pad so that it falls on top of your lower leg (just above your feet). Also, make sure that your legs form a 90-degree angle between the lower and upper leg. If the angle is less than 90-degrees then that means the knee is over the toes which in turn creates undue stress at the knee joint. If the machine is designed that way, either look for another machine or just make sure that when you start executing the exercise you stop going down once you hit the 90-degree angle."",""Using your quadriceps, extend your legs to the maximum as you exhale. Ensure that the rest of the body remains stationary on the seat. Pause a second on the contracted position."",""Slowly lower the weight back to the original position as you inhale, ensuring that you do not go past the 90-degree angle limit."",""Repeat for the recommended amount of times.""}","{Leg_Extensions/0.jpg,Leg_Extensions/1.jpg}",4,"8-12",false,false,false
269,Leg Press,compound,machine,quadriceps,"{calves,glutes,hamstrings}",true,"{""Using a leg press machine, sit down on the machine and place your legs on the platform directly in front of you at a medium (shoulder width) foot stance. (Note: For the purposes of this discussion we will use the medium stance described above which targets overall development; however you can choose any of the three stances described in the foot positioning section)."",""Lower the safety bars holding the weighted platform in place and press the platform all the way up until your legs are fully extended in front of you. Tip: Make sure that you do not lock your knees. Your torso and the legs should make a perfect 90-degree angle. This will be your starting position."",""As you inhale, slowly lower the platform until your upper and lower legs make a 90-degree angle."",""Pushing mainly with the heels of your feet and using the quadriceps go back to the starting position as you exhale."",""Repeat for the recommended amount of repetitions and ensure to lock the safety pins properly once you are done. You do not want that platform falling on you fully loaded.""}","{Leg_Press/0.jpg,Leg_Press/1.jpg}",3,"6-10",false,false,false
274,High Row Machine,compound,machine,middle back,{lats},true,"{""Load an appropriate weight onto the pins and adjust the seat height so that you can just reach the handles above you. Adjust the knee pad to help keep you down. Grasp the handles with a pronated grip. This will be your starting position."",""Pull the handles towards your torso, retracting your shoulder blades as you flex the elbow."",""Pause at the bottom of the motion, and then slowly return the handles to the starting position."",""For multiple repetitions, avoid completely returning the weight to the stops to keep tension on the muscles being worked.""}","{Leverage_High_Row/0.jpg,Leverage_High_Row/1.jpg}",3,"8-12",false,false,false
276,Seated Machine Row,compound,machine,lats,"{biceps,""middle back""}",true,"{""Load an appropriate weight onto the pins and adjust the seat height so that the handles are at chest level. Grasp the handles with either a neutral or pronated grip. This will be your starting position."",""Pull the handles towards your torso, retracting your shoulder blades as you flex the elbow."",""Pause at the bottom of the motion, and then slowly return the handles to the starting position. For multiple repetitions, avoid completely returning the weight to the stops to keep tension on the muscles being worked.""}","{Leverage_Iso_Row/0.jpg,Leverage_Iso_Row/1.jpg}",4,"8-12",false,false,false
277,Machine Shoulder Press,compound,machine,front delt,{triceps},true,"{""Load an appropriate weight onto the pins and adjust the seat for your height. The handles should be near the top of the shoulders at the beginning of the motion. Your chest and head should be up and handles held with a pronated grip. This will be your starting position."",""Press the handles upward by extending through the elbow."",""After a brief pause at the top, return the weight to just above the start position, keeping tension on the muscles by not returning the weight to the stops until the set is complete.""}","{Leverage_Shoulder_Press/0.jpg,Leverage_Shoulder_Press/1.jpg}",4,"8-12",false,false,false
285,Lying Cable Curl,isolation,cable,biceps,{},false,"{""Grab a straight bar or E-Z bar attachment that is attached to the low pulley with both hands, using an underhand (palms facing up) shoulder-width grip."",""Lie flat on your back on top of an exercise mat in front of the weight stack with your feet flat against the frame of the pulley machine and your legs straight."",""With your arms extended and your elbows close to your body slightly bend your arms. This will be your starting position."",""While keeping your upper arms stationary and the elbows close to your body, curl the bar up slowly toward your chest as you breathe out and you squeeze the biceps."",""After a second squeeze at the top of the movement, slowly return to the starting position."",""Repeat for the recommended amount of repetitions.""}","{Lying_Cable_Curl/0.jpg,Lying_Cable_Curl/1.jpg}",1,"8-12",false,false,false
305,Machine Triceps Extension,isolation,machine,triceps,{},true,"{""Adjust the seat to the appropriate height and make your weight selection. Place your upper arms against the pads and grasp the handles. This will be your starting position."",""Perform the movement by extending the elbow, pulling your lower arm away from your upper arm."",""Pause at the completion of the movement, and then slowly return the weight to the starting position."",""Avoid returning the weight all the way to the stops until the set is complete to keep tension on the muscles being worked.""}","{Machine_Triceps_Extension/0.jpg,Machine_Triceps_Extension/1.jpg}",3,"8-12",false,false,false
366,Push-Up Wide,compound,body only,chest,"{abdominals,shoulders,triceps}",true,"{""With your hands wide apart, support your body on your toes and hands in a plank position. Your elbows should be extended and your body straight. Do not allow your hips to sag. This will be your starting position."",""To begin, allow the elbows to flex, lowering your chest to the floor as you inhale."",""Using your pectoral muscles, press your upper body back up to the starting position by extending the elbows. Exhale as you perform this step."",""After pausing at the contracted position, repeat the movement for the prescribed amount of repetitions.""}","{Push-Up_Wide/0.jpg,Push-Up_Wide/1.jpg}",2,"10-15",false,false,false
294,Lying Leg Curls,isolation,machine,hamstrings,{},true,"{""Adjust the machine lever to fit your height and lie face down on the leg curl machine with the pad of the lever on the back of your legs (just a few inches under the calves). Tip: Preferably use a leg curl machine that is angled as opposed to flat since an angled position is more favorable for hamstrings recruitment."",""Keeping the torso flat on the bench, ensure your legs are fully stretched and grab the side handles of the machine. Position your toes straight (or you can also use any of the other two stances described on the foot positioning section). This will be your starting position."",""As you exhale, curl your legs up as far as possible without lifting the upper legs from the pad. Once you hit the fully contracted position, hold it for a second."",""As you inhale, bring the legs back to the initial position. Repeat for the recommended amount of repetitions.""}","{Lying_Leg_Curls/0.jpg,Lying_Leg_Curls/1.jpg}",3,"8-12",false,false,false
295,Lying Machine Squat,compound,machine,quadriceps,"{calves,glutes,hamstrings}",false,"{""Adjust the leg machine to a height that will allow you to get inside it with your knees bent and the thighs slightly below parallel."",""Once you select the weight, position yourself inside the machine face up with the knees bent and thighs slightly below parallel to the platform. Make sure that the knees do not go past the toes. The angle created between the hamstrings and the calves should be one that is slightly less than 90 degrees (since your starting position requires you to start slightly below parallel). Your back and your head should be resting on the machine while your shoulders are pressed under the shoulder pads."",""Place your hands by the handles and position your feet slightly pointing out at a shoulder width position. This will be your starting position."",""While pressing with the balls of the feet as you breathe out, make your whole body erect as you squeeze the quads. Hold the contracted position for a second. Tip: Since you are starting below parallel, you can opt to use your hands to help you up by pressing on your thighs only on the first repetition."",""Slowly squat down as you inhale but instead of going all the way down to the starting position, just stop once your thighs are parallel to the platform. The angle between your hamstrings and calves should be a 90-degree angle."",""Repeat for the recommended amount of repetitions.""}","{Lying_Machine_Squat/0.jpg,Lying_Machine_Squat/1.jpg}",1,"6-10",false,false,false
299,Lying T-Bar Row,compound,machine,middle back,"{biceps,lats}",false,"{""Load up the T-bar Row Machine with the desired weight and adjust the leg height so that your upper chest is at the top of the pad. Tip: In some machines all you can do is stand on the appropriate step that allows you to be at a height that has the upper chest at the top of the pad."",""Lay face down on the pad and grab the handles. You can either use a palms down, palms up, or palms in position depending on what part of your back you want to emphasize."",""Lift the bar off the rack and extend your arms in front of you. This will be your starting position."",""As you exhale slowly pull the weight up and squeeze your back at the top of the movement. Tip: Keep the upper arms as close to the torso as possible throughout the movement in order to better engage the back muscles. Also, do not lift your body off of the pad at any time and refrain from using the biceps to lift the weight."",""After a second contraction at the top of the movement, as you inhale, slowly go back down to the starting position."",""Repeat for the recommended amount of repetitions.""}","{Lying_T-Bar_Row/0.jpg,Lying_T-Bar_Row/1.jpg}",3,"8-12",false,false,false
301,Machine Bench Press,compound,machine,chest,"{shoulders,triceps}",true,"{""Sit down on the Chest Press Machine and select the weight."",""Step on the lever provided by the machine since it will help you to bring the handles forward so that you can grab the handles and fully extend the arms."",""Grab the handles with a palms-down grip and lift your elbows so that your upper arms are parallel to the floor to the sides of your torso. Tip: Your forearms will be pointing forward since you are grabbing the handles. Once you bring the handles forward and extend the arms you will be at the starting position."",""Now bring the handles back towards you as you breathe in."",""Push the handles away from you as you flex your pecs and you breathe out. Hold the contraction for a second before going back to the starting position."",""Repeat for the recommended amount of reps."",""When finished step on the lever again and slowly get the handles back to their original place.""}","{Machine_Bench_Press/0.jpg,Machine_Bench_Press/1.jpg}",3,"6-10",false,false,false
302,Machine Bicep Curl,isolation,machine,biceps,{},true,"{""Adjust the seat to the appropriate height and make your weight selection. Place your upper arms against the pads and grasp the handles. This will be your starting position."",""Perform the movement by flexing the elbow, pulling your lower arm towards your upper arm."",""Pause at the top of the movement, and then slowly return the weight to the starting position."",""Avoid returning the weight all the way to the stops until the set is complete to keep tension on the muscles being worked.""}","{Machine_Bicep_Curl/0.jpg,Machine_Bicep_Curl/1.jpg}",3,"8-12",false,false,false
303,Machine Preacher Curls,isolation,machine,biceps,{},true,"{""Sit down on the Preacher Curl Machine and select the weight."",""Place the back of your upper arms (your triceps) on the preacher pad provided and grab the handles using an underhand grip (palms facing up). Tip: Make sure that when you place the arms on the pad you keep the elbows in. This will be your starting position."",""Now lift the handles as you exhale and you contract the biceps. At the top of the position make sure that you hold the contraction for a second. Tip: Only the forearms should move. The upper arms should remain stationary and on the pad at all times."",""Lower the handles slowly back to the starting position as you inhale."",""Repeat for the recommended amount of repetitions.""}","{Machine_Preacher_Curls/0.jpg,Machine_Preacher_Curls/1.jpg}",3,"8-12",false,false,false
306,Middle Back Shrug,isolation,dumbbell,middle back,{},false,"{""Lie facedown on an incline bench while holding a dumbbell in each hand. Your arms should be fully extended hanging down and pointing towards the floor. The palms of your hands should be facing each other. This will be your starting position."",""As you exhale, squeeze your shoulder blades together and hold the contraction for a full second. Tip: This movement is just like the reverse action of a hug, or trying to perform rear laterals as if you had no arms."",""As you inhale go back to the starting position."",""Repeat for the recommended amount of repetitions.""}","{Middle_Back_Shrug/0.jpg,Middle_Back_Shrug/1.jpg}",2,"10-15",false,true,false
314,Oblique Crunches,isolation,body only,abdominals,{},true,"{""Lie flat on the floor with your lower back pressed to the ground. For this exercise, you will need to put one hand beside your head and the other to the side against the floor."",""Make sure your feet are elevated and resting on a flat surface."",""Now lift the shoulder in which your hand is touching your head."",""Simply elevate your shoulder and body upward until you touch your knee. For example, if you have your right hand besides your head, then you want to elevate your body upwards until your right elbow touches your left knee. The same variation can be applied doing the inverse and using your left elbow to touch your right knee."",""After your knee touches your elbow, lower your body until you have reached the starting position."",""Remember to breathe in during the eccentric (lowering) part of the exercise and to breathe out during the concentric (upward) part of the exercise."",""Continue alternating in this manner until all of the recommended repetitions for each side have been completed.""}","{Oblique_Crunches/0.jpg,Oblique_Crunches/1.jpg}",2,"10-15",false,false,false
336,One Arm Dumbbell Preacher Curl,isolation,dumbbell,biceps,{},true,"{""Grab a dumbbell with the right arm and place the upper arm on top of the preacher bench or the incline bench. The dumbbell should be held at shoulder length. This will be your starting position."",""As you breathe in, slowly lower the dumbbell until your upper arm is extended and the biceps is fully stretched."",""As you exhale, use the biceps to curl the weight up until your biceps is fully contracted and the dumbbell is at shoulder height. Again, remember that to ensure full contraction you need to bring that small finger higher than the thumb."",""Squeeze the biceps hard for a second at the contracted position and repeat for the recommended amount of repetitions."",""Switch arms and repeat the movement.""}","{One_Arm_Dumbbell_Preacher_Curl/0.jpg,One_Arm_Dumbbell_Preacher_Curl/1.jpg}",4,"8-12",false,true,false
345,Palms-Down Dumbbell Wrist Curl Over A Bench,isolation,dumbbell,forearms,{},true,"{""Start out by placing two dumbbells on one side of a flat bench."",""Kneel down on both of your knees so that your body is facing the flat bench."",""Use your arms to grab both of the dumbbells with a pronated grip (palms facing down) and bring them up so that your forearms are resting against the flat bench. Your wrists should be hanging over the edge."",""Start out by curling your wrist upwards and exhaling."",""Slowly lower your wrists back down to the starting position while inhaling."",""Your forearms should be stationary as your wrist is the only movement needed to perform this exercise."",""Repeat for the recommended amount of repetitions.""}","{Palms-Down_Dumbbell_Wrist_Curl_Over_A_Bench/0.jpg,Palms-Down_Dumbbell_Wrist_Curl_Over_A_Bench/1.jpg}",2,"12-20",false,true,false
327,One-Arm Kettlebell Row,compound,kettlebells,middle back,"{biceps,lats}",false,"{""Place a kettlebell in front of your feet. Bend your knees slightly and then push your butt out as much as possible as you bend over to get in the starting position. Grab the kettlebell and pull it to your stomach, retracting your shoulder blade and flexing the elbow. Keep your back straight. Lower and repeat.""}","{One-Arm_Kettlebell_Row/0.jpg,One-Arm_Kettlebell_Row/1.jpg}",2,"8-12",false,false,false
334,One-Legged Cable Kickback,isolation,cable,glutes,{hamstrings},false,"{""Hook a leather ankle cuff to a low cable pulley and then attach the cuff to your ankle."",""Face the weight stack from a distance of about two feet, grasping the steel frame for support."",""While keeping your knees and hips bent slightly and your abs tight, contract your glutes to slowly \""kick\"" the working leg back in a semicircular arc as high as it will comfortably go as you breathe out. Tip: At full extension, squeeze your glutes for a second in order to achieve a peak contraction."",""Now slowly bring your working leg forward, resisting the pull of the cable until you reach the starting position."",""Repeat for the recommended amount of repetitions."",""Switch legs and repeat the movement for the other side.""}","{One-Legged_Cable_Kickback/0.jpg,One-Legged_Cable_Kickback/1.jpg}",4,"12-20",false,false,false
343,Pallof Press,isolation,cable,abdominals,"{chest,shoulders,triceps}",true,"{""Connect a standard handle to a tower, and—if possible—position the cable to shoulder height. If not, a low pulley will suffice."",""With your side to the cable, grab the handle with both hands and step away from the tower. You should be approximately arm's length away from the pulley, with the tension of the weight on the cable."",""With your feet positioned hip-width apart and knees slightly bent, hold the cable to the middle of your chest. This will be your starting position."",""Press the cable away from your chest, fully extending both arms. You core should be tight and engaged."",""Hold the repetition for several seconds before returning to the starting position."",""At the conclusion of the set, repeat facing the other direction.""}","{Pallof_Press/0.jpg,Pallof_Press/1.jpg}",1,"10-15",false,false,false
347,Palms-Up Barbell Wrist Curl Over A Bench,isolation,barbell,forearms,{},true,"{""Start out by placing a barbell on one side of a flat bench."",""Kneel down on both of your knees so that your body is facing the flat bench."",""Use your arms to grab the barbell with a supinated grip (palms up) and bring them up so that your forearms are resting against the flat bench. Your wrists should be hanging over the edge."",""Start out by curling your wrist upwards and exhaling."",""Slowly lower your wrists back down to the starting position while inhaling."",""Your forearms should be stationary as your wrist is the only movement needed to perform this exercise."",""Repeat for the recommended amount of repetitions.""}","{Palms-Up_Barbell_Wrist_Curl_Over_A_Bench/0.jpg,Palms-Up_Barbell_Wrist_Curl_Over_A_Bench/1.jpg}",3,"12-20",false,true,false
348,Palms-Up Dumbbell Wrist Curl Over A Bench,isolation,dumbbell,forearms,{},true,"{""Start out by placing two dumbbells on one side of a flat bench."",""Kneel down on both of your knees so that your body is facing the flat bench."",""Use your arms to grab both of the dumbbells with a supinated grip (palms up) and bring them up so that your forearms are resting against the flat bench. Your wrists should be hanging over the edge."",""Start out by curling your wrist upwards and exhaling."",""Slowly lower your wrists back down to the starting position while inhaling. Make sure to inhale during this part of the exercise."",""Your forearms should be stationary as your wrist is the only movement needed to perform this exercise."",""Repeat for the recommended amount of repetitions.""}","{Palms-Up_Dumbbell_Wrist_Curl_Over_A_Bench/0.jpg,Palms-Up_Dumbbell_Wrist_Curl_Over_A_Bench/1.jpg}",2,"12-20",false,true,false
362,Pull Through,compound,cable,glutes,"{hamstrings,""lower back""}",true,"{""Begin standing a few feet in front of a low pulley with a rope or handle attached. Face away from the machine, straddling the cable, with your feet set wide apart."",""Begin the movement by reaching through your legs as far as possible, bending at the hips. Keep your knees slightly bent. Keeping your arms straight, extend through the hip to stand straight up. Avoid pulling upward through the shoulders; all of the motion should originate through the hips.""}","{Pull_Through/0.jpg,Pull_Through/1.jpg}",4,"8-12",false,false,false
358,Preacher Curl,isolation,e-z curl bar,biceps,{},true,"{""To perform this movement you will need a preacher bench and an E-Z bar. Grab the E-Z curl bar at the close inner handle (either have someone hand you the bar which is preferable or grab the bar from the front bar rest provided by most preacher benches). The palm of your hands should be facing forward and they should be slightly tilted inwards due to the shape of the bar."",""With the upper arms positioned against the preacher bench pad and the chest against it, hold the E-Z Curl Bar at shoulder length. This will be your starting position."",""As you breathe in, slowly lower the bar until your upper arm is extended and the biceps is fully stretched."",""As you exhale, use the biceps to curl the weight up until your biceps is fully contracted and the bar is at shoulder height. Squeeze the biceps hard and hold this position for a second."",""Repeat for the recommended amount of repetitions.""}","{Preacher_Curl/0.jpg,Preacher_Curl/1.jpg}",2,"8-12",false,true,false
372,Reverse Cable Curl,isolation,cable,biceps,{forearms},true,"{""Stand up with your torso upright while holding a bar attachment that is attached to a low pulley using a pronated (palms down) and shoulder width grip. Make sure also that you keep the elbows close to the torso. This will be your starting position."",""While holding the upper arms stationary, curl the weights while contracting the biceps as you breathe out. Only the forearms should move. Continue the movement until your biceps are fully contracted and the bar is at shoulder level. Hold the contracted position for a second as you squeeze the muscle."",""Slowly begin to bring the bar back to starting position as your breathe in."",""Repeat for the recommended amount of repetitions.""}","{Reverse_Cable_Curl/0.jpg,Reverse_Cable_Curl/1.jpg}",3,"8-12",false,false,false
373,Reverse Crunch,isolation,body only,abdominals,{},true,"{""Lie down on the floor with your legs fully extended and arms to the side of your torso with the palms on the floor. Your arms should be stationary for the entire exercise."",""Move your legs up so that your thighs are perpendicular to the floor and feet are together and parallel to the floor. This is the starting position."",""While inhaling, move your legs towards the torso as you roll your pelvis backwards and you raise your hips off the floor. At the end of this movement your knees will be touching your chest."",""Hold the contraction for a second and move your legs back to the starting position while exhaling."",""Repeat for the recommended amount of repetitions.""}","{Reverse_Crunch/0.jpg,Reverse_Crunch/1.jpg}",2,"10-15",false,false,false
385,Romanian Deadlift,compound,barbell,hamstrings,"{calves,glutes,""lower back""}",false,"{""Put a barbell in front of you on the ground and grab it using a pronated (palms facing down) grip that a little wider than shoulder width. Tip: Depending on the weight used, you may need wrist wraps to perform the exercise and also a raised platform in order to allow for better range of motion."",""Bend the knees slightly and keep the shins vertical, hips back and back straight. This will be your starting position."",""Keeping your back and arms completely straight at all times, use your hips to lift the bar as you exhale. Tip: The movement should not be fast but steady and under control."",""Once you are standing completely straight up, lower the bar by pushing the hips back, only slightly bending the knees, unlike when squatting. Tip: Take a deep breath at the start of the movement and keep your chest up. Hold your breath as you lower and exhale as you complete the movement."",""Repeat for the recommended amount of repetitions.""}","{Romanian_Deadlift/0.jpg,Romanian_Deadlift/1.jpg}",3,"6-10",false,false,false
395,Seated Bent-Over Rear Delt Raise,isolation,dumbbell,rear delt,{},false,"{""Place a couple of dumbbells looking forward in front of a flat bench."",""Sit on the end of the bench with your legs together and the dumbbells behind your calves."",""Bend at the waist while keeping the back straight in order to pick up the dumbbells. The palms of your hands should be facing each other as you pick them. This will be your starting position."",""Keeping your torso forward and stationary, and the arms slightly bent at the elbows, lift the dumbbells straight to the side until both arms are parallel to the floor. Exhale as you lift the weights. (Note: avoid swinging the torso or bringing the arms back as opposed to the side.)"",""After a one second contraction at the top, slowly lower the dumbbells back to the starting position."",""Repeat for the recommended amount of repetitions.""}","{Seated_Bent-Over_Rear_Delt_Raise/0.jpg,Seated_Bent-Over_Rear_Delt_Raise/1.jpg}",2,"6-10",false,true,false
397,Seated Cable Rows,compound,cable,middle back,"{biceps,lats,shoulders}",true,"{""For this exercise you will need access to a low pulley row machine with a V-bar. Note: The V-bar will enable you to have a neutral grip where the palms of your hands face each other. To get into the starting position, first sit down on the machine and place your feet on the front platform or crossbar provided making sure that your knees are slightly bent and not locked."",""Lean over as you keep the natural alignment of your back and grab the V-bar handles."",""With your arms extended pull back until your torso is at a 90-degree angle from your legs. Your back should be slightly arched and your chest should be sticking out. You should be feeling a nice stretch on your lats as you hold the bar in front of you. This is the starting position of the exercise."",""Keeping the torso stationary, pull the handles back towards your torso while keeping the arms close to it until you touch the abdominals. Breathe out as you perform that movement. At that point you should be squeezing your back muscles hard. Hold that contraction for a second and slowly go back to the original position while breathing in."",""Repeat for the recommended amount of repetitions.""}","{Seated_Cable_Rows/0.jpg,Seated_Cable_Rows/1.jpg}",4,"8-12",false,false,false
401,Seated Dumbbell Curl,isolation,dumbbell,biceps,{},true,"{""Sit on a flat bench with a dumbbell on each hand being held at arms length. The elbows should be close to the torso."",""Rotate the palms of the hands so that they are facing your torso. This will be your starting position."",""While holding the upper arm stationary, curl the weights and start twisting the wrists once the dumbbells pass your thighs so that the palms of your hands face forward at the end of the movement. Make sure that you contract the biceps as you breathe out and make sure that only the forearms move. Continue the movement until your biceps are fully contracted and the dumbbells are at shoulder level. Hold the contracted position for a second as you squeeze the biceps."",""Slowly begin to bring the dumbbells back to the starting position as your breathe in and as you rotate the wrists back to a neutral grip."",""Repeat for the recommended amount of repetitions.""}","{Seated_Dumbbell_Curl/0.jpg,Seated_Dumbbell_Curl/1.jpg}",3,"8-12",false,true,false
440,Smith Machine Bench Press,compound,machine,chest,"{shoulders,triceps}",true,"{""Place a flat bench underneath the smith machine. Now place the barbell at a height that you can reach when lying down and your arms are almost fully extended. Once the weight you need is selected, lie down on the flat bench. Using a pronated grip that is wider than shoulder width, unlock the bar from the rack and hold it straight over you with your arms locked. This will be your starting position."",""As you breathe in, come down slowly until you feel the bar on your middle chest."",""After a second pause, bring the bar back to the starting position as you breathe out and push the bar using your chest muscles. Lock your arms in the contracted position, hold for a second and then start coming down slowly again. Tip: It should take at least twice as long to go down than to come up."",""Repeat the movement for the prescribed amount of repetitions."",""When you are done, lock the bar back in the rack.""}","{Smith_Machine_Bench_Press/0.jpg,Smith_Machine_Bench_Press/1.jpg}",3,"8-12",false,true,false
441,Smith Machine Bent Over Row,compound,machine,middle back,"{biceps,lats,shoulders}",true,"{""Set the barbell attached to the smith machine to a height that is about 2 inches below your knees."",""Bend your knees slightly and bring your torso forward, by bending at the waist, while keeping the back straight until it is almost parallel to the floor. Tip: Make sure that you keep the head up."",""Now grasp the barbell using an overhand (pronated) grip and unlock it from the smith machine rack. Then let it hang directly in front of you as your arms hang extended perpendicular to the floor and your torso. This is your starting position."",""While keeping the torso stationary, lift the barbell as you breathe out, keeping the elbows close to the body and not doing any force with the forearm other than holding the weights. On the top contracted position, squeeze the back muscles and hold for a second."",""Slowly lower the weight again to the starting position as you inhale."",""Repeat for the recommended amount of repetitions.""}","{Smith_Machine_Bent_Over_Row/0.jpg,Smith_Machine_Bent_Over_Row/1.jpg}",3,"8-12",false,false,false
442,Smith Machine Calf Raise,isolation,machine,calves,{},true,"{""Place a block or weight plate below the bar on the Smith machine. Set the bar to a position that best matches your height. Once the correct height is chosen and the bar is loaded, step onto the plates with the balls of your feet and place the bar on the back of your shoulders."",""Take the bar with both hands facing forward. Rotate the bar to unrack it. This will be your starting position."",""Raise your heels as high as possible by pushing off of the balls of your feet, flexing your calf at the top of the contraction. Your knees should remain extended. Hold the contracted position for a second before you start to go back down."",""Return slowly to the starting position as you breathe in while lowering your heels."",""Repeat for the recommended amount of repetitions.""}","{Smith_Machine_Calf_Raise/0.jpg,Smith_Machine_Calf_Raise/1.jpg}",4,"10-15",false,false,false
443,Smith Machine Close-Grip Bench Press,compound,machine,triceps,"{chest,shoulders}",true,"{""Place a flat bench underneath the smith machine. Place the barbell at a height that you can reach when lying down and your arms are almost fully extended. Once the weight you need is selected, lie down on the flat bench. Using a close and pronated grip (palms facing forward) that is around shoulder width, unlock the bar from the rack and hold it straight over you with your arms locked. This will be your starting position."",""As you breathe in, come down slowly until you feel the bar on your middle chest. Tip: Make sure that as opposed to a regular bench press, you keep the elbows close to the torso at all times in order to maximize triceps involvement."",""After a second pause, bring the bar back to the starting position as you breathe out and push the bar using your triceps muscles. Lock your arms in the contracted position, hold for a second and then start coming down slowly again. Tip: It should take at least twice as long to go down than to come up."",""Repeat the movement for the prescribed amount of repetitions."",""When you are done, lock the bar back in the rack.""}","{Smith_Machine_Close-Grip_Bench_Press/0.jpg,Smith_Machine_Close-Grip_Bench_Press/1.jpg}",2,"8-12",false,true,false
444,Smith Machine Decline Press,compound,machine,chest,"{shoulders,triceps}",true,"{""Position a decline bench in the rack so that the bar will be above your chest. Load an appropriate weight and take your place on the bench."",""Rotate the bar to unhook it from the rack and fully extend your arms. Your back should be slightly arched and your shoulder blades retracted. This will be your starting position."",""Begin the movement by flexing your arms, lowering the bar to your chest."",""Pause briefly, and then extend your arms to push the weight back to the starting position."",""After completing the desired number of repetitions, rotate the bar to rack the weight.""}","{Smith_Machine_Decline_Press/0.jpg,Smith_Machine_Decline_Press/1.jpg}",1,"8-12",false,true,false
462,Split Squat with Dumbbells,compound,dumbbell,quadriceps,"{glutes,hamstrings}",true,"{""Position yourself into a staggered stance with the rear foot elevated and front foot forward."",""Hold a dumbbell in each hand, letting them hang at the sides. This will be your starting position."",""Begin by descending, flexing your knee and hip to lower your body down. Maintain good posture througout the movement. Keep the front knee in line with the foot as you perform the exercise."",""At the bottom of the movement, drive through the heel to extend the knee and hip to return to the starting position.""}","{Split_Squat_with_Dumbbells/0.jpg,Split_Squat_with_Dumbbells/1.jpg}",3,"6-10",false,false,false
451,Smith Machine Pistol Squat,compound,machine,quadriceps,"{calves,glutes,hamstrings}",false,"{""To begin, first set the bar to a position that best matches your height. Step under it and position the bar across the back of your shoulders."",""Take the bar with your hands facing forward, unlock it and lift it off the rack by extending your legs. 3"",""Move one foot forward about 12 inches in front of the bar. Extend the other leg out in front of you, holding it off the ground. Look forward at all times and maintain a neutral or slightly arched spine. This will be your starting position."",""Maintaining good posture, lower yourself by flexing the knee and hip, going down as far as flexibility allows."",""Pause briefly at the bottom and then return to the starting position by driving through the heel of your foot, extending the knee and hip.""}","{Smith_Machine_Pistol_Squat/0.jpg,Smith_Machine_Pistol_Squat/1.jpg}",2,"6-10",false,false,false
452,Smith Machine Reverse Calf Raises,isolation,machine,calves,{},true,"{""Adjust the barbell on the smith machine to fit your height and align a raised platform right under the bar."",""Stand on the platform with the heels of your feet secured on top of it with the balls of your feet extending off it. Position your toes facing forward with a shoulder width stance."",""Now, place your shoulders under the barbell while maintaining the foot positioning described and push the barbell up by extending your hips and knees until your torso is standing erect. The knees should be kept with a slight bend; never locked. This will be your starting position. Tip: The barbell on your back is only for balance purposes."",""Raise the balls of your feet as you breathe out by extending your toes as high as possible and flexing your calf. Ensure that the knee is kept stationary at all times. There should be no bending at any time. Hold the contracted position for a second before you start to go back down."",""Slowly go back down to the starting position as you breathe in by lowering the balls of your feet and toes."",""Repeat for the recommended amount of repetitions.""}","{Smith_Machine_Reverse_Calf_Raises/0.jpg,Smith_Machine_Reverse_Calf_Raises/1.jpg}",2,"10-15",false,false,false
458,Speed Band Overhead Triceps,isolation,bands,triceps,{},true,"{""For this exercise anchor a band to the ground. We used an incline bench and anchored the band to the base, standing over the bench. Alternatively, this could be performed standing on the band."",""To begin, pull the band behind your head, holding it with a pronated grip and your elbows up. This will be your starting position."",""To perform the movement, extend through the elbow to to straighten your arms, ensuring that you keep your upper arm in place."",""Pause, and then return to the starting position.""}","{Speed_Band_Overhead_Triceps/0.jpg,Speed_Band_Overhead_Triceps/1.jpg}",1,"10-15",false,true,false
432,Single Leg Glute Bridge,isolation,body only,glutes,{hamstrings},true,"{""Lay on the floor with your feet flat and knees bent."",""Raise one leg off of the ground, pulling the knee to your chest. This will be your starting position."",""Execute the movement by driving through the heel, extending your hip upward and raising your glutes off of the ground."",""Extend as far as possible, pause and then return to the starting position.""}","{Single_Leg_Glute_Bridge/0.jpg,Single_Leg_Glute_Bridge/1.jpg}",2,"10-15",false,false,false
453,Smith Machine Squat,compound,machine,quadriceps,"{calves,glutes,hamstrings,""lower back""}",true,"{""To begin, first set the bar on the height that best matches your height. Once the correct height is chosen and the bar is loaded, step under the bar and place the back of your shoulders (slightly below the neck) across it."",""Hold on to the bar using both arms at each side (palms facing forward), unlock it and lift it off the rack by first pushing with your legs and at the same time straightening your torso."",""Position your legs using a shoulder width medium stance with the toes slightly pointed out. Keep your head up at all times and also maintain a straight back. This will be your starting position. (Note: For the purposes of this discussion we will use the medium stance which targets overall development; however you can choose any of the three stances discussed in the foot stances section)."",""Begin to slowly lower the bar by bending the knees as you maintain a straight posture with the head up. Continue down until the angle between the upper leg and the calves becomes slightly less than 90-degrees (which is the point in which the upper legs are below parallel to the floor). Inhale as you perform this portion of the movement. Tip: If you performed the exercise correctly, the front of the knees should make an imaginary straight line with the toes that is perpendicular to the front. If your knees are past that imaginary line (if they are past your toes) then you are placing undue stress on the knee and the exercise has been performed incorrectly."",""Begin to raise the bar as you exhale by pushing the floor with the heel of your foot as you straighten the legs again and go back to the starting position."",""Repeat for the recommended amount of repetitions.""}","{Smith_Machine_Squat/0.jpg,Smith_Machine_Squat/1.jpg}",3,"6-10",false,false,false
463,Squats - With Bands,compound,bands,quadriceps,"{calves,glutes,hamstrings,""lower back""}",true,"{""To start out, make sure that the exercise band is at an even split between both the left and right side of the body. To do this, use your hands to grab both sides of the band and place both feet in the middle of the band. Your feet should be shoulder width apart from each other."",""When holding the bands, they should be the same height on each side. You should be using a pronated grip (palms facing forward) and have the handles of the bands next to your face for this exercise. This is the starting position."",""Slowly start to bend the knees and lower the legs so that your thighs are parallel to the floor while exhaling."",""Use the heel of your feet to push your body up to the starting position as you exhale."",""Repeat for the recommended amount of repetitions.""}","{Squats_-_With_Bands/0.jpg,Squats_-_With_Bands/1.jpg}",1,"10-15",false,false,false
454,Smith Machine Stiff-Legged Deadlift,compound,machine,hamstrings,"{glutes,""lower back""}",true,"{""To begin, set the bar on the smith machine to a height that is around the middle of your thighs. Once the correct height is chosen and the bar is loaded, grasp the bar using a pronated (palms forward) grip that is shoulder width apart. You may need some wrist wraps if using a significant amount of weight."",""Lift the bar up by fully extending your arms while keeping your back straight. Stand with your torso straight and your legs spaced using a shoulder width or narrower stance. The knees should be slightly bent. This is your starting position."",""Keeping the knees stationary, lower the barbell to over the top of your feet by bending at the waist while keeping your back straight. Keep moving forward as if you were going to pick something from the floor until you feel a stretch on the hamstrings. Exhale as you perform this movement"",""Start bringing your torso up straight again as soon as you feel the hamstrings stretch by extending your hips and waist until you are back at the starting position. Inhale as you perform this movement."",""Repeat for the recommended amount of repetitions.""}","{Smith_Machine_Stiff-Legged_Deadlift/0.jpg,Smith_Machine_Stiff-Legged_Deadlift/1.jpg}",3,"6-10",false,false,false
456,Smith Single-Leg Split Squat,compound,machine,quadriceps,"{calves,glutes,hamstrings}",true,"{""To begin, place a flat bench 2-3 feet behind the smith machine. Then, set the bar on the height that best matches your height. Once the correct height is chosen and the bar is loaded, step under the bar and place the back of your shoulders (slightly below the neck) across it."",""Hold on to the bar using both arms at each side (palms facing forward), unlock it and lift it off the rack by first pushing with your legs and at the same time straightening your torso."",""Position your legs by placing one foot slightly forward under the bar and extending your other leg back and place the top of your foot on the bench. This will be your starting position"",""Begin to slowly lower the bar by bending the knee as you maintain a straight posture with the head up. Continue down until the angle between the upper leg and the calf becomes slightly less than 90-degrees (which is the point in which the upper legs are below parallel to the floor). Inhale as you perform this portion of the movement. Tip: If you performed the exercise correctly, the front of the knee should make an imaginary straight line with the toes that is perpendicular to the front. If your knee is past that imaginary line (if it is past your toes) then you are placing undue stress on the knee and the exercise has been performed incorrectly."",""Begin to raise the bar as you exhale by pushing the floor with the heel of your foot mainly as you straighten your leg again and go back to the starting position."",""Repeat for the recommended amount of repetitions."",""Switch legs and repeat the movement.""}","{Smith_Single-Leg_Split_Squat/0.jpg,Smith_Single-Leg_Split_Squat/1.jpg}",3,"6-10",false,true,false
461,Spider Curl,isolation,e-z curl bar,biceps,{},true,"{""Start out by setting the bar on the part of the preacher bench that you would normally sit on. Make sure to align the barbell properly so that it is balanced and will not fall off."",""Move to the front side of the preacher bench (the part where the arms usually lay) and position yourself to lay at a 45 degree slant with your torso and stomach pressed against the front side of the preacher bench."",""Make sure that your feet (especially the toes) are well positioned on the floor and place your upper arms on top of the pad located on the inside part of the preacher bench."",""Use your arms to grab the barbell with a supinated grip (palms facing up) at about shoulder width apart or slightly closer from each other."",""Slowly begin to lift the barbell upwards and exhale. Hold the contracted position for a second as you squeeze the biceps."",""Slowly begin to bring the barbell back to the starting position as your breathe in. ."",""Repeat for the recommended amount of repetitions.""}","{Spider_Curl/0.jpg,Spider_Curl/1.jpg}",2,"8-12",false,true,false
466,Standing Barbell Calf Raise,isolation,barbell,calves,{},true,"{""This exercise is best performed inside a squat rack for safety purposes. To begin, first set the bar on a rack that best matches your height. Once the correct height is chosen and the bar is loaded, step under the bar and place the bar on the back of your shoulders (slightly below the neck)."",""Hold on to the bar using both arms at each side and lift it off the rack by first pushing with your legs and at the same time straightening your torso."",""Step away from the rack and position your legs using a shoulder width medium stance with the toes slightly pointed out. Keep your head up at all times as looking down will get you off balance and also maintain a straight back. The knees should be kept with a slight bend; never locked. This will be your starting position. Tip: For better range of motion you may also place the ball of your feet on a wooden block but be careful as this option requires more balance and a sturdy block."",""Raise your heels as you breathe out by extending your ankles as high as possible and flexing your calf. Ensure that the knee is kept stationary at all times. There should be no bending at any time. Hold the contracted position by a second before you start to go back down."",""Go back slowly to the starting position as you breathe in by lowering your heels as you bend the ankles until calves are stretched."",""Repeat for the recommended amount of repetitions.""}","{Standing_Barbell_Calf_Raise/0.jpg,Standing_Barbell_Calf_Raise/1.jpg}",2,"10-15",false,false,false
470,Standing Biceps Cable Curl,isolation,cable,biceps,{},true,"{""Stand up with your torso upright while holding a cable curl bar that is attached to a low pulley. Grab the cable bar at shoulder width and keep the elbows close to the torso. The palm of your hands should be facing up (supinated grip). This will be your starting position."",""While holding the upper arms stationary, curl the weights while contracting the biceps as you breathe out. Only the forearms should move. Continue the movement until your biceps are fully contracted and the bar is at shoulder level. Hold the contracted position for a second as you squeeze the muscle."",""Slowly begin to bring the curl bar back to starting position as your breathe in."",""Repeat for the recommended amount of repetitions.""}","{Standing_Biceps_Cable_Curl/0.jpg,Standing_Biceps_Cable_Curl/1.jpg}",3,"8-12",false,false,false
474,Standing Cable Wood Chop,compound,cable,abdominals,{shoulders},true,"{""Connect a standard handle to a tower, and move the cable to the highest pulley position."",""With your side to the cable, grab the handle with one hand and step away from the tower. You should be approximately arm's length away from the pulley, with the tension of the weight on the cable. Your outstretched arm should be aligned with the cable."",""With your feet positioned shoulder width apart, reach upward with your other hand and grab the handle with both hands. Your arms should still be fully extended."",""In one motion, pull the handle down and across your body to your front knee while rotating your torso."",""Keep your back and arms straight and core tight while you pivot your back foot and bend your knees to get a full range of motion."",""Maintain your stance and straight arms. Return to the neutral position in a slow and controlled manner."",""Repeat to failure."",""Then, reposition and repeat the same series of movements on the opposite side.""}","{Standing_Cable_Wood_Chop/0.jpg,Standing_Cable_Wood_Chop/1.jpg}",1,"10-15",false,false,false
475,Standing Calf Raises,isolation,machine,calves,{},true,"{""Adjust the padded lever of the calf raise machine to fit your height."",""Place your shoulders under the pads provided and position your toes facing forward (or using any of the two other positions described at the beginning of the chapter). The balls of your feet should be secured on top of the calf block with the heels extending off it. Push the lever up by extending your hips and knees until your torso is standing erect. The knees should be kept with a slight bend; never locked. Toes should be facing forward, outwards or inwards as described at the beginning of the chapter. This will be your starting position."",""Raise your heels as you breathe out by extending your ankles as high as possible and flexing your calf. Ensure that the knee is kept stationary at all times. There should be no bending at any time. Hold the contracted position by a second before you start to go back down."",""Go back slowly to the starting position as you breathe in by lowering your heels as you bend the ankles until calves are stretched."",""Repeat for the recommended amount of repetitions.""}","{Standing_Calf_Raises/0.jpg,Standing_Calf_Raises/1.jpg}",4,"10-15",false,false,false
476,Standing Concentration Curl,isolation,dumbbell,biceps,{forearms},true,"{""Taking a dumbbell in your working hand, lean forward. Allow your working arm to hang perpendicular to the ground with the elbow pointing out. This will be your starting position."",""Flex the elbow to curl the weight, keeping the upper arm stationary. At the top of the repetition, flex the biceps and pause."",""Lower the dumbbell back to the starting position."",""Repeat the movement for the prescribed amount of repetitions.""}","{Standing_Concentration_Curl/0.jpg,Standing_Concentration_Curl/1.jpg}",1,"8-12",false,false,false
477,Standing Dumbbell Calf Raise,isolation,dumbbell,calves,{},false,"{""Stand with your torso upright holding two dumbbells in your hands by your sides. Place the ball of the foot on a sturdy and stable wooden board (that is around 2-3 inches tall) while your heels extend off and touch the floor. This will be your starting position."",""With the toes pointing either straight (to hit all parts equally), inwards (for emphasis on the outer head) or outwards (for emphasis on the inner head), raise the heels off the floor as you exhale by contracting the calves. Hold the top contraction for a second."",""As you inhale, go back to the starting position by slowly lowering the heels."",""Repeat for the recommended amount of times.""}","{Standing_Dumbbell_Calf_Raise/0.jpg,Standing_Dumbbell_Calf_Raise/1.jpg}",1,"12-20",false,false,false
479,Standing Dumbbell Reverse Curl,isolation,dumbbell,biceps,{forearms},false,"{""To begin, stand straight with a dumbbell in each hand using a pronated grip (palms facing down). Your arms should be fully extended while your feet are shoulder width apart from each other. This is the starting position."",""While holding the upper arms stationary, curl the weights while contracting the biceps as you breathe out. Only the forearms should move. Continue the movement until your biceps are fully contracted and the dumbbells are at shoulder level. Hold the contracted position for a second as you squeeze the muscle."",""Slowly begin to bring the dumbbells back to starting position as your breathe in."",""Repeat for the recommended amount of repetitions.""}","{Standing_Dumbbell_Reverse_Curl/0.jpg,Standing_Dumbbell_Reverse_Curl/1.jpg}",2,"8-12",false,false,false
3,Ab Roller,compound,ab roller,abdominals,{shoulders},false,"{""Hold the Ab Roller with both hands and kneel on the floor."",""Now place the ab roller on the floor in front of you so that you are on all your hands and knees (as in a kneeling push up position). This will be your starting position."",""Slowly roll the ab roller straight forward, stretching your body into a straight position. Tip: Go down as far as you can without touching the floor with your body. Breathe in during this portion of the movement."",""After a pause at the stretched position, start pulling yourself back to the starting position as you breathe out. Tip: Go slowly and keep your abs tight at all times.""}","{Ab_Roller/0.jpg,Ab_Roller/1.jpg}",3,"6-10",false,false,false
481,Standing Dumbbell Triceps Extension,isolation,dumbbell,triceps,{},true,"{""To begin, stand up with a dumbbell held by both hands. Your feet should be about shoulder width apart from each other. Slowly use both hands to grab the dumbbell and lift it over your head until both arms are fully extended."",""The resistance should be resting in the palms of your hands with your thumbs around it. The palm of the hands should be facing up towards the ceiling. This will be your starting position."",""Keeping your upper arms close to your head with elbows in and perpendicular to the floor, lower the resistance in a semicircular motion behind your head until your forearms touch your biceps. Tip: The upper arms should remain stationary and only the forearms should move. Breathe in as you perform this step."",""Go back to the starting position by using the triceps to raise the dumbbell. Breathe out as you perform this step."",""Repeat for the recommended amount of repetitions.""}","{Standing_Dumbbell_Triceps_Extension/0.jpg,Standing_Dumbbell_Triceps_Extension/1.jpg}",1,"8-12",false,false,false
485,Standing Leg Curl,isolation,machine,hamstrings,{},true,"{""Adjust the machine lever to fit your height and lie with your torso bent at the waist facing forward around 30-45 degrees (since an angled position is more favorable for hamstrings recruitment) with the pad of the lever on the back of your right leg (just a few inches under the calves) and the front of the right leg on top of the machine pad."",""Keeping the torso bent forward, ensure your leg is fully stretched and grab the side handles of the machine. Position your toes straight. This will be your starting position."",""As you exhale, curl your right leg up as far as possible without lifting the upper leg from the pad. Once you hit the fully contracted position, hold it for a second."",""As you inhale, bring the legs back to the initial position. Repeat for the recommended amount of repetitions."",""Perform the same exercise now for the left leg.""}","{Standing_Leg_Curl/0.jpg,Standing_Leg_Curl/1.jpg}",2,"6-10",false,false,false
498,Standing Towel Triceps Extension,isolation,body only,triceps,{},true,"{""To begin, stand up with both arms fully extended above the head holding one end of a towel with both hands. Your elbows should be in and the arms perpendicular to the floor with the palms facing each other while your feet should be shoulder width apart from each other. This is the starting position."",""Now communicate with your partner so that he/she can grip the other side of the towel to apply resistance. Keeping your upper arms close to your head (elbows in) and perpendicular to the floor, lower the resistance in a semicircular motion behind your head until your forearms touch your biceps. Tip: The upper arms should remain stationary and only the forearms should move. Breathe in as you perform this step."",""Go back to the starting position by using the triceps to raise the towel. Breathe out as you perform this step."",""Repeat for the recommended amount of repetitions.""}","{Standing_Towel_Triceps_Extension/0.jpg,Standing_Towel_Triceps_Extension/1.jpg}",1,"8-12",false,false,false
499,Step-up with Knee Raise,compound,body only,glutes,"{hamstrings,quadriceps}",true,"{""Stand facing a box or bench of an appropriate height with your feet together. This will be your starting position."",""Begin the movement by stepping up, putting your left foot on the top of the bench. Extend through the hip and knee of your front leg to stand up on the box. As you stand on the box with your left leg, flex your right knee and hip, bringing your knee as high as you can."",""Reverse this motion to step down off the box, and then repeat the sequence on the opposite leg.""}","{Step-up_with_Knee_Raise/0.jpg,Step-up_with_Knee_Raise/1.jpg}",2,"10-15",false,true,false
500,Stiff-Legged Barbell Deadlift,compound,barbell,hamstrings,"{glutes,""lower back""}",false,"{""Grasp a bar using an overhand grip (palms facing down). You may need some wrist wraps if using a significant amount of weight."",""Stand with your torso straight and your legs spaced using a shoulder width or narrower stance. The knees should be slightly bent. This is your starting position."",""Keeping the knees stationary, lower the barbell to over the top of your feet by bending at the hips while keeping your back straight. Keep moving forward as if you were going to pick something from the floor until you feel a stretch on the hamstrings. Inhale as you perform this movement."",""Start bringing your torso up straight again by extending your hips until you are back at the starting position. Exhale as you perform this movement."",""Repeat for the recommended amount of repetitions.""}","{Stiff-Legged_Barbell_Deadlift/0.jpg,Stiff-Legged_Barbell_Deadlift/1.jpg}",2,"6-10",false,false,false
501,Stiff-Legged Dumbbell Deadlift,compound,dumbbell,hamstrings,"{glutes,""lower back""}",true,"{""Grasp a couple of dumbbells holding them by your side at arm's length."",""Stand with your torso straight and your legs spaced using a shoulder width or narrower stance. The knees should be slightly bent. This is your starting position."",""Keeping the knees stationary, lower the dumbbells to over the top of your feet by bending at the waist while keeping your back straight. Keep moving forward as if you were going to pick something from the floor until you feel a stretch on the hamstrings. Exhale as you perform this movement"",""Start bringing your torso up straight again by extending your hips and waist until you are back at the starting position. Inhale as you perform this movement."",""Repeat for the recommended amount of repetitions.""}","{Stiff-Legged_Dumbbell_Deadlift/0.jpg,Stiff-Legged_Dumbbell_Deadlift/1.jpg}",2,"6-10",false,false,false
502,Stiff Leg Barbell Good Morning,compound,barbell,lower back,"{glutes,hamstrings}",true,"{""This exercise is best performed inside a squat rack for safety purposes. To begin, first set the bar on a rack that best matches your height. Once the correct height is chosen and the bar is loaded, step under the bar and place the back of your shoulders (slightly below the neck) across it."",""Hold on to the bar using both arms at each side and lift it off the rack by first pushing with your legs and at the same time straightening your torso."",""Step away from the rack and position your legs using a shoulder width medium stance. Keep your head up at all times as looking down will get you off balance and also maintain a straight back. This will be your starting position."",""Keeping your legs stationary, move your torso forward by bending at the hips while inhaling. Lower your torso until it is parallel with the floor."",""Begin to raise the bar as you exhale by elevating your torso back to the starting position."",""Repeat for the recommended amount of repetitions.""}","{Stiff_Leg_Barbell_Good_Morning/0.jpg,Stiff_Leg_Barbell_Good_Morning/1.jpg}",2,"6-10",false,false,false
504,Straight-Arm Pulldown,isolation,cable,lats,{},true,"{""You will start by grabbing the wide bar from the top pulley of a pulldown machine and using a wider than shoulder-width pronated (palms down) grip. Step backwards two feet or so."",""Bend your torso forward at the waist by around 30-degrees with your arms fully extended in front of you and a slight bend at the elbows. If your arms are not fully extended then you need to step a bit more backwards until they are. Once your arms are fully extended and your torso is slightly bent at the waist, tighten the lats and then you are ready to begin."",""While keeping the arms straight, pull the bar down by contracting the lats until your hands are next to the side of the thighs. Breathe out as you perform this step."",""While keeping the arms straight, go back to the starting position while breathing in."",""Repeat for the recommended amount of repetitions.""}","{Straight-Arm_Pulldown/0.jpg,Straight-Arm_Pulldown/1.jpg}",3,"8-12",false,false,false
516,Thigh Adductor,isolation,machine,adductors,"{glutes,hamstrings}",true,"{""To begin, sit down on the adductor machine and select a weight you are comfortable with. When your legs are positioned properly on the leg pads of the machine, grip the handles on each side. Your entire upper body (from the waist up) should be stationary. This is the starting position."",""Slowly press against the machine with your legs to move them towards each other while exhaling."",""Feel the contraction for a second and begin to move your legs back to the starting position while breathing in. Note: Remember to keep your upper body stationary and avoid fast jerking motions in order to prevent any injuries from occurring."",""Repeat for the recommended amount of repetitions.""}","{Thigh_Adductor/0.jpg,Thigh_Adductor/1.jpg}",4,"8-12",false,false,false
21,Band Assisted Pull-Up,compound,bands,lats,"{abdominals,forearms,""middle back""}",true,"{""Choke the band around the center of the pullup bar. You can use different bands to provide varying levels of assistance."",""Pull the end of the band down, and place one bent knee into the loop, ensuring it won't slip out. Take a medium to wide grip on the bar. This will be your starting position."",""Pull yourself upward by contracting the lats as you flex the elbow. The elbow should be driven to your side. Pull to the front, attempting to get your chin over the bar. Avoid swinging or jerking movements."",""After a brief pause, return to the starting position.""}","{Band_Assisted_Pull-Up/0.jpg,Band_Assisted_Pull-Up/1.jpg}",3,"8-12",false,false,true
519,Triceps Pushdown,isolation,cable,triceps,{},true,"{""Attach a straight or angled bar to a high pulley and grab with an overhand grip (palms facing down) at shoulder width."",""Standing upright with the torso straight and a very small inclination forward, bring the upper arms close to your body and perpendicular to the floor. The forearms should be pointing up towards the pulley as they hold the bar. This is your starting position."",""Using the triceps, bring the bar down until it touches the front of your thighs and the arms are fully extended perpendicular to the floor. The upper arms should always remain stationary next to your torso and only the forearms should move. Exhale as you perform this movement."",""After a second hold at the contracted position, bring the bar slowly up to the starting point. Breathe in as you perform this step."",""Repeat for the recommended amount of repetitions.""}","{Triceps_Pushdown/0.jpg,Triceps_Pushdown/1.jpg}",4,"8-12",false,false,false
521,Triceps Pushdown - V-Bar Attachment,isolation,cable,triceps,{},true,"{""Attach a V-Bar to a high pulley and grab with an overhand grip (palms facing down) at shoulder width."",""Standing upright with the torso straight and a very small inclination forward, bring the upper arms close to your body and perpendicular to the floor. The forearms should be pointing up towards the pulley as they hold the bar. The thumbs should be higher than the small finger. This is your starting position."",""Using the triceps, bring the bar down until it touches the front of your thighs and the arms are fully extended perpendicular to the floor. The upper arms should always remain stationary next to your torso and only the forearms should move. Exhale as you perform this movement."",""After a second hold at the contracted position, bring the V-Bar slowly up to the starting point. Breathe in as you perform this step."",""Repeat for the recommended amount of repetitions.""}","{Triceps_Pushdown_-_V-Bar_Attachment/0.jpg,Triceps_Pushdown_-_V-Bar_Attachment/1.jpg}",3,"8-12",false,false,false
522,Tricep Dumbbell Kickback,isolation,dumbbell,triceps,{},true,"{""Start with a dumbbell in each hand and your palms facing your torso. Keep your back straight with a slight bend in the knees and bend forward at the waist. Your torso should be almost parallel to the floor. Make sure to keep your head up. Your upper arms should be close to your torso and parallel to the floor. Your forearms should be pointed towards the floor as you hold the weights. There should be a 90-degree angle formed between your forearm and upper arm. This is your starting position."",""Now, while keeping your upper arms stationary, exhale and use your triceps to lift the weights until the arm is fully extended. Focus on moving the forearm."",""After a brief pause at the top contraction, inhale and slowly lower the dumbbells back down to the starting position."",""Repeat the movement for the prescribed amount of repetitions.""}","{Tricep_Dumbbell_Kickback/0.jpg,Tricep_Dumbbell_Kickback/1.jpg}",1,"8-12",false,false,false
214,Hyperextensions (Back Extensions),isolation,machine,lower back,"{glutes,hamstrings}",true,"{""Lie face down on a hyperextension bench, tucking your ankles securely under the footpads."",""Adjust the upper pad if possible so your upper thighs lie flat across the wide pad, leaving enough room for you to bend at the waist without any restriction."",""With your body straight, cross your arms in front of you (my preference) or behind your head. This will be your starting position. Tip: You can also hold a weight plate for extra resistance in front of you under your crossed arms."",""Start bending forward slowly at the waist as far as you can while keeping your back flat. Inhale as you perform this movement. Keep moving forward until you feel a nice stretch on the hamstrings and you can no longer keep going without a rounding of the back. Tip: Never round the back as you perform this exercise. Also, some people can go farther than others. The key thing is that you go as far as your body allows you to without rounding the back."",""Slowly raise your torso back to the initial position as you inhale. Tip: Avoid the temptation to arch your back past a straight line. Also, do not swing the torso at any time in order to protect the back from injury."",""Repeat for the recommended amount of repetitions.""}","{Hyperextensions_Back_Extensions/0.jpg,Hyperextensions_Back_Extensions/1.jpg}",3,"8-12",false,true,false
517,Trap Bar Deadlift,compound,barbell,quadriceps,"{glutes,hamstrings}",true,"{""For this exercise load a trap bar, also known as a hex bar, to an appropriate weight resting on the ground. Stand in the center of the apparatus and grasp both handles."",""Lower your hips, look forward with your head and keep your chest up."",""Begin the movement by driving through the heels and extend your hips and knees. Avoid rounding your back at all times."",""At the completion of the movement, lower the weight back to the ground under control.""}","{Trap_Bar_Deadlift/0.jpg,Trap_Bar_Deadlift/1.jpg}",2,"6-10",false,false,false
33,Barbell Incline Bench Press,compound,barbell,chest,"{shoulders,triceps}",true,"{""Lie back on an incline bench. Using a medium-width grip (a grip that creates a 90-degree angle in the middle of the movement between the forearms and the upper arms), lift the bar from the rack and hold it straight over you with your arms locked. This will be your starting position."",""As you breathe in, come down slowly until you feel the bar on you upper chest."",""After a second pause, bring the bar back to the starting position as you breathe out and push the bar using your chest muscles. Lock your arms in the contracted position, squeeze your chest, hold for a second and then start coming down slowly again. Tip: it should take at least twice as long to go down than to come up."",""Repeat the movement for the prescribed amount of repetitions."",""When you are done, place the bar back in the rack.""}","{Barbell_Incline_Bench_Press_-_Medium_Grip/0.jpg,Barbell_Incline_Bench_Press_-_Medium_Grip/1.jpg}",2,"8-12",false,true,false
64,Bodyweight Walking Lunge,compound,body only,quadriceps,"{calves,glutes,hamstrings}",true,"{""Begin standing with your feet shoulder width apart and your hands on your hips."",""Step forward with one leg, flexing the knees to drop your hips. Descend until your rear knee nearly touches the ground. Your posture should remain upright, and your front knee should stay above the front foot."",""Drive through the heel of your lead foot and extend both knees to raise yourself back up."",""Step forward with your rear foot, repeating the lunge on the opposite leg.""}","{Bodyweight_Walking_Lunge/0.jpg,Bodyweight_Walking_Lunge/1.jpg}",1,"12-20",false,false,false
71,Machine Chest Fly,isolation,machine,chest,{},true,"{""Sit on the machine with your back flat on the pad."",""Take hold of the handles. Tip: Your upper arms should be positioned parallel to the floor; adjust the machine accordingly. This will be your starting position."",""Push the handles together slowly as you squeeze your chest in the middle. Breathe out during this part of the motion and hold the contraction for a second."",""Return back to the starting position slowly as you inhale until your chest muscles are fully stretched."",""Repeat for the recommended amount of repetitions.""}","{Butterfly/0.jpg,Butterfly/1.jpg}",4,"8-12",false,false,false
235,Iron Cross,compound,dumbbell,shoulders,"{chest,glutes,hamstrings,""lower back"",quadriceps,traps}",false,{},"{Iron_Cross/0.jpg,Iron_Cross/1.jpg}",,"",true,,
137,Tricep-Biased Dips,compound,dip bar,triceps,"{chest,shoulders}",true,"{""To get into the starting position, hold your body at arm's length with your arms nearly locked above the bars."",""Now, inhale and slowly lower yourself downward. Your torso should remain upright and your elbows should stay close to your body. This helps to better focus on tricep involvement. Lower yourself until there is a 90 degree angle formed between the upper arm and forearm."",""Then, exhale and push your torso back up using your triceps to bring your body back to the starting position."",""Repeat the movement for the prescribed amount of repetitions.""}","{Dips_-_Triceps_Version/0.jpg,Dips_-_Triceps_Version/1.jpg}",3,"8-12",false,false,false
271,Machine Chest Press,compound,machine,chest,"{shoulders,triceps}",true,"{""Load an appropriate weight onto the pins and adjust the seat for your height. The handles should be near the bottom or middle of the pectorals at the beginning of the motion."",""Your chest and head should be up and your shoulder blades retracted. This will be your starting position."",""Press the handles forward by extending through the elbow."",""After a brief pause at the top, return the weight just above the start position, keeping tension on the muscles by not returning the weight to the stops until the set is complete.""}","{Leverage_Chest_Press/0.jpg,Leverage_Chest_Press/1.jpg}",4,"8-12",false,false,false
16,Arnold Dumbbell Press,compound,dumbbell,front delt,{triceps},false,"{""Sit on an exercise bench with back support and hold two dumbbells in front of you at about upper chest level with your palms facing your body and your elbows bent. Tip: Your arms should be next to your torso. The starting position should look like the contracted portion of a dumbbell curl."",""Now to perform the movement, raise the dumbbells as you rotate the palms of your hands until they are facing forward."",""Continue lifting the dumbbells until your arms are extended above you in straight arm position. Breathe out as you perform this portion of the movement."",""After a second pause at the top, begin to lower the dumbbells to the original position by rotating the palms of your hands towards you. Tip: The left arm will be rotated in a counter clockwise manner while the right one will be rotated clockwise. Breathe in as you perform this portion of the movement."",""Repeat for the recommended amount of repetitions.""}","{Arnold_Dumbbell_Press/0.jpg,Arnold_Dumbbell_Press/1.jpg}",2,"8-12",false,true,false
94,Cable Shoulder Press,compound,cable,front delt,{triceps},true,"{""Move the cables to the bottom of the towers and select an appropriate weight."",""Stand directly in between the uprights. Grasp the cables and hold them at shoulder height, palms facing forward. This will be your starting position."",""Keeping your head and chest up, extend through the elbow to press the handles directly over head."",""After pausing at the top, return to the starting position and repeat.""}","{Cable_Shoulder_Press/0.jpg,Cable_Shoulder_Press/1.jpg}",2,"8-12",false,false,false
105,Clean and Press,compound,barbell,front delt,"{abdominals,calves,glutes,hamstrings,""lower back"",""middle back"",quadriceps,shoulders,traps,triceps}",false,"{""Assume a shoulder-width stance, with knees inside the arms. Now while keeping the back flat, bend at the knees and hips so that you can grab the bar with the arms fully extended and a pronated grip that is slightly wider than shoulder width. Point the elbows out to sides. The bar should be close to the shins. Position the shoulders over or slightly ahead of the bar. Establish a flat back posture. This will be your starting position."",""Begin to pull the bar by extending the knees. Move your hips forward and raise the shoulders at the same rate while keeping the angle of the back constant; continue to lift the bar straight up while keeping it close to your body."",""As the bar passes the knee, extend at the ankles, knees, and hips forcefully, similar to a jumping motion. As you do so, continue to guide the bar with your hands, shrugging your shoulders and using the momentum from your movement to pull the bar as high as possible. The bar should travel close to your body, and you should keep your elbows out."",""At maximum elevation, your feet should clear the floor and you should start to pull yourself under the bar. The mechanics of this could change slightly, depending on the weight used. You should descend into a squatting position as you pull yourself under the bar."",""As the bar hits terminal height, rotate your elbows around and under the bar. Rack the bar across the front of the shoulders while keeping the torso erect and flexing the hips and knees to absorb the weight of the bar."",""Stand to full height, holding the bar in the clean position."",""Without moving your feet, press the bar overhead as you exhale. Lower the bar under control .""}","{Clean_and_Press/0.jpg,Clean_and_Press/1.jpg}",2,"6-10",false,false,false
141,Double Kettlebell Jerk,compound,kettlebells,front delt,"{calves,quadriceps,triceps}",false,"{""Hold a kettlebell by the handle in each hand."",""Clean the kettlebells to your shoulders by extending through the legs and hips as you pull the kettlebells towards your shoulders. Rotate your wrists as you do so, so that the palms face forward. This will be your starting position."",""Dip your body by bending the knees, keeping your torso upright."",""Immediately reverse direction, driving through the heels, in essence jumping to create momentum."",""As you do so, press the kettlebells overhead to lockout by extending the arms, using your body's momentum to move the weights."",""Return your feet to the ground in a split fashion, with one foot forward and one foot back."",""Keeping the weights overhead, return to a standing position, bringing your feet together. Lower the weights to perform the next repetition.""}","{Double_Kettlebell_Jerk/0.jpg,Double_Kettlebell_Jerk/1.jpg}",1,"8-12",false,false,false
280,Low-To-High Cable Fly,isolation,cable,chest,{shoulders},true,"{""To move into the starting position, place the pulleys at the low position, select the resistance to be used and grasp a handle in each hand."",""Step forward, gaining tension in the pulleys. Your palms should be facing forward, hands below the waist, and your arms straight. This will be your starting position."",""With a slight bend in your arms, draw your hands upward and toward the midline of your body. Your hands should come together in front of your chest, palms facing up."",""Return your arms back to the starting position after a brief pause.""}","{Low_Cable_Crossover/0.jpg,Low_Cable_Crossover/1.jpg}",3,"8-12",false,false,false
163,Dumbbell Raise,compound,dumbbell,front delt,{biceps},true,"{""Grab a dumbbell in each arm and stand up straight with your arms extended by your sides with a slight bend at the elbows and your back straight. This will be your starting position. Tip: The dumbbell should be next to your thighs with the palm of your hands facing back."",""Use your side shoulders to lift the dumbbells as you exhale. The dumbbells should be to the side of the body as you move them up. Continue to lift it until the dumbbells are nearly in line with your chin. Tip: Your elbows should drive the motion. As you lift the dumbbell, your elbow should always be higher than your forearm. Also, keep your torso stationary and pause for a second at the top of the movement."",""Lower the dumbbells back down slowly to the starting position. Inhale as you perform this portion of the movement."",""Repeat for the recommended amount of repetitions.""}","{Dumbbell_Raise/0.jpg,Dumbbell_Raise/1.jpg}",2,"8-12",false,false,false
165,Dumbbell Scaption,isolation,dumbbell,front delt,{traps},true,"{""This corrective exercise strengthens the muscles that stabilize your shoulder blade. Hold a light weight in each hand, hanging at your sides. Your thumbs should pointing up."",""Begin the movement raising your arms out in front of you, about 30 degrees off center. Your arms should be fully extended as you perform the movement."",""Continue until your arms are parallel to the ground, and then return to the starting position.""}","{Dumbbell_Scaption/0.jpg,Dumbbell_Scaption/1.jpg}",1,"8-12",false,false,false
167,Dumbbell Shoulder Press,compound,dumbbell,front delt,{triceps},false,"{""While holding a dumbbell in each hand, sit on a military press bench or utility bench that has back support. Place the dumbbells upright on top of your thighs."",""Now raise the dumbbells to shoulder height one at a time using your thighs to help propel them up into position."",""Make sure to rotate your wrists so that the palms of your hands are facing forward. This is your starting position."",""Now, exhale and push the dumbbells upward until they touch at the top."",""Then, after a brief pause at the top contracted position, slowly lower the weights back down to the starting position while inhaling."",""Repeat for the recommended amount of repetitions.""}","{Dumbbell_Shoulder_Press/0.jpg,Dumbbell_Shoulder_Press/1.jpg}",3,"6-10",false,true,false
195,Front Cable Raise,isolation,cable,front delt,{},true,"{""Select the weight on a low pulley machine and grasp the single hand cable attachment that is attached to the low pulley with your left hand."",""Face away from the pulley and put your arm straight down with the hand cable attachment in front of your thighs at arms' length with the palms of the hand facing your thighs. This will be your starting position."",""While maintaining the torso stationary (no swinging), lift the left arm to the front with a slight bend on the elbow and the palms of the hand always faces down. Continue to go up until you arm is slightly above parallel to the floor. Exhale as you execute this portion of the movement and pause for a second at the top."",""Now as you inhale lower the arm back down slowly to the starting position."",""Once all of the recommended amount of repetitions have been performed for this arm, switch arms and perform the exercise with the right one.""}","{Front_Cable_Raise/0.jpg,Front_Cable_Raise/1.jpg}",2,"8-12",false,false,false
250,Kettlebell Seated Press,compound,kettlebells,front delt,{triceps},false,"{""Sit on the floor and spread your legs out comfortably."",""Clean one kettlebell to your shoulder."",""Press the kettlebell up and out until it is locked out overhead. Return to the starting position.""}","{Kettlebell_Seated_Press/0.jpg,Kettlebell_Seated_Press/1.jpg}",1,"6-10",false,false,false
392,Seated Barbell Military Press,compound,barbell,front delt,{triceps},false,"{""Sit on a Military Press Bench with a bar behind your head and either have a spotter give you the bar (better on the rotator cuff this way) or pick it up yourself carefully with a pronated grip (palms facing forward). Tip: Your grip should be wider than shoulder width and it should create a 90-degree angle between the forearm and the upper arm as the barbell goes down."",""Once you pick up the barbell with the correct grip length, lift the bar up over your head by locking your arms. Hold at about shoulder level and slightly in front of your head. This is your starting position."",""Lower the bar down to the collarbone slowly as you inhale."",""Lift the bar back up to the starting position as you exhale."",""Repeat for the recommended amount of repetitions.""}","{Seated_Barbell_Military_Press/0.jpg,Seated_Barbell_Military_Press/1.jpg}",3,"6-10",false,true,false
398,Seated Cable Shoulder Press,compound,cable,front delt,{triceps},true,"{""Adjust the weight to an appropriate amount and be seated, grasping the handles. Your upper arms should be about 90 degrees to the body, with your head and chest up. The elbows should also be bent to about 90 degrees. This will be your starting position."",""Begin by extending through the elbow, pressing the handles together above your head."",""After pausing at the top, return the handles to the starting position. Ensure that you maintain tension on the cables."",""You can also execute this movement with your back off the pad and alternate hands.""}","{Seated_Cable_Shoulder_Press/0.jpg,Seated_Cable_Shoulder_Press/1.jpg}",2,"8-12",false,false,false
405,Seated Dumbbell Press,compound,dumbbell,front delt,{triceps},true,"{""Grab a couple of dumbbells and sit on a military press bench or a utility bench that has a back support on it as you place the dumbbells upright on top of your thighs."",""Clean the dumbbells up one at a time by using your thighs to bring the dumbbells up to shoulder height at each side."",""Rotate the wrists so that the palms of your hands are facing forward. This is your starting position."",""As you exhale, push the dumbbells up until they touch at the top."",""After a second pause, slowly come down back to the starting position as you inhale."",""Repeat for the recommended amount of repetitions.""}","{Seated_Dumbbell_Press/0.jpg,Seated_Dumbbell_Press/1.jpg}",4,"6-10",false,true,false
488,Standing Military Press,compound,barbell,front delt,{triceps},true,"{""Start by placing a barbell that is about chest high on a squat rack. Once you have selected the weights, grab the barbell using a pronated (palms facing forward) grip. Make sure to grip the bar wider than shoulder width apart from each other."",""Slightly bend the knees and place the barbell on your collar bone. Lift the barbell up keeping it lying on your chest. Take a step back and position your feet shoulder width apart from each other."",""Once you pick up the barbell with the correct grip length, lift the bar up over your head by locking your arms. Hold at about shoulder level and slightly in front of your head. This is your starting position."",""Lower the bar down to the collarbone slowly as you inhale."",""Lift the bar back up to the starting position as you exhale."",""Repeat for the recommended amount of repetitions.""}","{Standing_Military_Press/0.jpg,Standing_Military_Press/1.jpg}",2,"6-10",false,false,false
81,Cable Internal Rotation,compound,cable,lateral delt,{},true,"{""Sit next to a low pulley sideways (with legs stretched in front of you or crossed) and grasp the single hand cable attachment with the arm nearest to the cable. Tip: If you can adjust the pulley's height, you can use a flat bench to sit on instead."",""Position the elbow against your side with the elbow bent at 90° and the arm pointing towards the pulley. This will be your starting position."",""Pull the single hand cable attachment toward your body by internally rotating your shoulder until your forearm is across your abs. You will be creating an imaginary semi-circle. Tip: The forearm should be perpendicular to your torso at all times."",""Slowly go back to the initial position."",""Repeat for the recommended amount of repetitions and then repeat the movement with the next arm.""}","{Cable_Internal_Rotation/0.jpg,Cable_Internal_Rotation/1.jpg}",1,"10-15",false,false,false
93,Cable Seated Lateral Raise,isolation,cable,lateral delt,"{""middle back"",traps}",true,"{""Stand in the middle of two low pulleys that are opposite to each other and place a flat bench right behind you (in perpendicular fashion to you; the narrow edge of the bench should be the one behind you). Select the weight to be used on each pulley."",""Now sit at the edge of the flat bench behind you with your feet placed in front of your knees."",""Bend forward while keeping your back flat and rest your torso on the thighs."",""Have someone give you the single handles attached to the pulleys. Grasp the left pulley with the right hand and the right pulley with the left after you select your weight. The pulleys should run under your knees and your arms will be extended with palms facing each other and a slight bend at the elbows. This will be the starting position."",""While keeping the arms stationary, raise the upper arms to the sides until they are parallel to the floor and at shoulder height. Exhale during the execution of this movement and hold the contraction for a second."",""Slowly lower your arms to the starting position as you inhale."",""Repeat for the recommended amount of repetitions. Tip: Maintain upper arms perpendicular to torso and a fixed elbow position (10 degree to 30 degree angle) throughout exercise.""}","{Cable_Seated_Lateral_Raise/0.jpg,Cable_Seated_Lateral_Raise/1.jpg}",4,"8-12",false,true,false
181,External Rotation with Band,compound,bands,lateral delt,{},true,"{""Choke the band around a post. The band should be at the same height as your elbow. Stand with your left side to the band a couple of feet away."",""Grasp the end of the band with your right hand, and keep your elbow pressed firmly to your side. We recommend you hold a pad or foam roll in place with your elbow to keep it firmly in position."",""With your upper arm in position, your elbow should be flexed to 90 degrees with your hand reaching across the front of your torso. This will be your starting position."",""Execute the movement by rotating your arm in a backhand motion, keeping your elbow in place."",""Continue as far as you are able, pause, and then return to the starting position.""}","{External_Rotation_with_Band/0.jpg,External_Rotation_with_Band/1.jpg}",1,"8-12",false,false,false
182,External Rotation with Cable,isolation,cable,lateral delt,{},true,"{""Adjust the cable to the same height as your elbow. Stand with your left side to the band a couple of feet away."",""Grasp the handle with your right hand, and keep your elbow pressed firmly to your side. We recommend you hold a pad or foam roll in place with your elbow to keep it firmly in position."",""With your upper arm in position, your elbow should be flexed to 90 degrees with your hand reaching across the front of your torso. This will be your starting position."",""Execute the movement by rotating your arm in a backhand motion, keeping your elbow in place.""}","{External_Rotation_with_Cable/0.jpg,External_Rotation_with_Cable/1.jpg}",1,"10-15",false,false,false
376,Reverse Grip Bent Over Row,compound,barbell,middle back,"{biceps,lats,shoulders}",false,"{""Stand erect while holding a barbell with a supinated grip (palms facing up)."",""Bend your knees slightly and bring your torso forward, by bending at the waist, while keeping the back straight until it is almost parallel to the floor. Tip: Make sure that you keep the head up. The barbell should hang directly in front of you as your arms hang perpendicular to the floor and your torso. This is your starting position."",""While keeping the torso stationary, lift the barbell as you breathe out, keeping the elbows close to the body and not doing any force with the forearm other than holding the weights. On the top contracted position, squeeze the back muscles and hold for a second."",""Slowly lower the weight again to the starting position as you inhale."",""Repeat for the recommended amount of repetitions.""}","{Reverse_Grip_Bent-Over_Rows/0.jpg,Reverse_Grip_Bent-Over_Rows/1.jpg}",2,"8-12",false,false,false
361,Pull-Up,compound,body only,lats,"{biceps,""middle back""}",true,"{""Grab the pull-up bar with the palms facing forward using the prescribed grip. Note on grips: For a wide grip, your hands need to be spaced out at a distance wider than your shoulder width. For a medium grip, your hands need to be spaced out at a distance equal to your shoulder width and for a close grip at a distance smaller than your shoulder width."",""As you have both arms extended in front of you holding the bar at the chosen grip width, bring your torso back around 30 degrees or so while creating a curvature on your lower back and sticking your chest out. This is your starting position."",""Pull your torso up until the bar touches your upper chest by drawing the shoulders and the upper arms down and back. Exhale as you perform this portion of the movement. Tip: Concentrate on squeezing the back muscles once you reach the full contracted position. The upper torso should remain stationary as it moves through space and only the arms should move. The forearms should do no other work other than hold the bar."",""After a second on the contracted position, start to inhale and slowly lower your torso back to the starting position when your arms are fully extended and the lats are fully stretched."",""Repeat this motion for the prescribed amount of repetitions.""}","{Pullups/0.jpg,Pullups/1.jpg}",3,"8-12",false,false,true
374,Reverse Dumbbell Fly,isolation,dumbbell,rear delt,{},true,"{""To begin, lie down on an incline bench with the chest and stomach pressing against the incline. Have the dumbbells in each hand with the palms facing each other (neutral grip)."",""Extend the arms in front of you so that they are perpendicular to the angle of the bench. The legs should be stationary while applying pressure with the ball of your toes. This is the starting position."",""Maintaining the slight bend of the elbows, move the weights out and away from each other (to the side) in an arc motion while exhaling. Tip: Try to squeeze your shoulder blades together to get the best results from this exercise."",""The arms should be elevated until they are parallel to the floor."",""Feel the contraction and slowly lower the weights back down to the starting position while inhaling."",""Repeat for the recommended amount of repetitions.""}","{Reverse_Flyes/0.jpg,Reverse_Flyes/1.jpg}",2,"8-12",false,true,false
379,Reverse Machine Fly,isolation,machine,rear delt,{},true,"{""Adjust the handles so that they are fully to the rear. Make an appropriate weight selection and adjust the seat height so the handles are at shoulder level. Grasp the handles with your hands facing inwards. This will be your starting position."",""In a semicircular motion, pull your hands out to your side and back, contracting your rear delts."",""Keep your arms slightly bent throughout the movement, with all of the motion occurring at the shoulder joint."",""Pause at the rear of the movement, and slowly return the weight to the starting position.""}","{Reverse_Machine_Flyes/0.jpg,Reverse_Machine_Flyes/1.jpg}",4,"8-12",false,false,false
129,Decline Dumbbell Fly,compound,dumbbell,chest,{},true,"{""Secure your legs at the end of the decline bench and lie down with a dumbbell on each hand on top of your thighs. The palms of your hand will be facing each other."",""Once you are laying down, move the dumbbells in front of you at shoulder width. The palms of the hands should be facing each other and the arms should be perpendicular to the floor and fully extended. This will be your starting position."",""With a slight bend on your elbows in order to prevent stress at the biceps tendon, lower your arms out at both sides in a wide arc until you feel a stretch on your chest. Breathe in as you perform this portion of the movement. Tip: Keep in mind that throughout the movement, the arms should remain stationary; the movement should only occur at the shoulder joint."",""Return your arms back to the starting position as you squeeze your chest muscles and breathe out. Tip: Make sure to use the same arc of motion used to lower the weights."",""Hold for a second at the contracted position and repeat the movement for the prescribed amount of repetitions.""}","{Decline_Dumbbell_Flyes/0.jpg,Decline_Dumbbell_Flyes/1.jpg}",1,"8-12",false,true,false
151,Dumbbell Fly,isolation,dumbbell,chest,{},true,"{""Lie down on a flat bench with a dumbbell on each hand resting on top of your thighs. The palms of your hand will be facing each other."",""Then using your thighs to help raise the dumbbells, lift the dumbbells one at a time so you can hold them in front of you at shoulder width with the palms of your hands facing each other. Raise the dumbbells up like you're pressing them, but stop and hold just before you lock out. This will be your starting position."",""With a slight bend on your elbows in order to prevent stress at the biceps tendon, lower your arms out at both sides in a wide arc until you feel a stretch on your chest. Breathe in as you perform this portion of the movement. Tip: Keep in mind that throughout the movement, the arms should remain stationary; the movement should only occur at the shoulder joint."",""Return your arms back to the starting position as you squeeze your chest muscles and breathe out. Tip: Make sure to use the same arc of motion used to lower the weights."",""Hold for a second at the contracted position and repeat the movement for the prescribed amount of repetitions.""}","{Dumbbell_Flyes/0.jpg,Dumbbell_Flyes/1.jpg}",2,"8-12",false,true,false
219,Incline Cable Fly,isolation,cable,chest,{shoulders},false,"{""To get yourself into the starting position, set the pulleys at the floor level (lowest level possible on the machine that is below your torso)."",""Place an incline bench (set at 45 degrees) in between the pulleys, select a weight on each one and grab a pulley on each hand."",""With a handle on each hand, lie on the incline bench and bring your hands together at arms length in front of your face. This will be your starting position."",""With a slight bend of your elbows (in order to prevent stress at the biceps tendon), lower your arms out at both sides in a wide arc until you feel a stretch on your chest. Breathe in as you perform this portion of the movement. Tip: Keep in mind that throughout the movement, the arms should remain stationary. The movement should only occur at the shoulder joint."",""Return your arms back to the starting position as you squeeze your chest muscles and exhale. Hold the contracted position for a second. Tip: Make sure to use the same arc of motion used to lower the weights."",""Repeat the movement for the prescribed amount of repetitions.""}","{Incline_Cable_Flye/0.jpg,Incline_Cable_Flye/1.jpg}",3,"8-12",false,true,false
222,Incline Dumbbell Fly,compound,dumbbell,chest,{shoulders},true,"{""Hold a dumbbell on each hand and lie on an incline bench that is set to an incline angle of no more than 30 degrees."",""Extend your arms above you with a slight bend at the elbows."",""Now rotate the wrists so that the palms of your hands are facing you. Tip: The pinky fingers should be next to each other. This will be your starting position."",""As you breathe in, start to slowly lower the arms to the side while keeping the arms extended and while rotating the wrists until the palms of the hand are facing each other. Tip: At the end of the movement the arms will be by your side with the palms facing the ceiling."",""As you exhale start to bring the dumbbells back up to the starting position by reversing the motion and rotating the hands so that the pinky fingers are next to each other again. Tip: Keep in mind that the movement will only happen at the shoulder joint and at the wrist. There is no motion that happens at the elbow joint."",""Repeat for the recommended amount of repetitions.""}","{Incline_Dumbbell_Flyes/0.jpg,Incline_Dumbbell_Flyes/1.jpg}",1,"8-12",false,true,false
312,Natural Glute Ham Raise,compound,machine,hamstrings,"{calves,glutes,""lower back""}",false,"{""Using the leg pad of a lat pulldown machine or a preacher bench, position yourself so that your ankles are under the pads, knees on the seat, and you are facing away from the machine. You should be upright and maintaining good posture."",""This will be your starting position. Lower yourself under control until your knees are almost completely straight."",""Remaining in control, raise yourself back up to the starting position."",""If you are unable to complete a rep, use a band, a partner, or push off of a box to aid in completing a repetition.""}","{Natural_Glute_Ham_Raise/0.jpg,Natural_Glute_Ham_Raise/1.jpg}",2,"8-12",false,false,false
438,Smith Incline Shoulder Raise,isolation,machine,front delt,{chest},true,"{""Place an incline bench underneath the smith machine. Place the barbell at a height that you can reach when lying down and your arms are almost fully extended. Once the weight you need is selected, lie down on the incline bench and make sure your shoulders are aligned right under the barbell."",""Using a shoulder width pronated (palms forward) grip, lift the bar from the rack and hold it straight over you with a slight bend at the elbows. This will be your starting position."",""As you breathe out, lift the bar up until your arms are fully extended. Note: The contraction should be felt around the shoulders."",""After a second pause, bring the bar back down to the starting position as you breathe in."",""Repeat the movement for the prescribed amount of repetitions."",""When you are done, place the bar back in the rack.""}","{Smith_Incline_Shoulder_Raise/0.jpg,Smith_Incline_Shoulder_Raise/1.jpg}",3,"8-12",false,true,false
272,Leverage Deadlift,compound,machine,quadriceps,"{glutes,hamstrings}",true,"{""Load the pins to an appropriate weight. Position yourself directly between the handles. Grasp the bottom handles with a comfortable grip, and then lower your hips as you take a breath. Look forward with your head and keep your chest up. This will be your starting position."",""Return the weight to the starting position.""}","{Leverage_Deadlift/0.jpg,Leverage_Deadlift/1.jpg}",,"",true,,
527,Two-Arm Kettlebell Military Press,compound,kettlebells,shoulders,{triceps},false,"{""Clean two kettlebells to your shoulders. Clean the kettlebells to your shoulders by extending through the legs and hips as you swing the kettlebells towards your shoulders. Rotate your wrists as you do so, so that the palms face forward."",""Press the kettlebells up and out. As the kettlebells pass your head, lean into the weights so that the kettlebells are racked behind your head. Make sure to contract your lats, butt, and stomach for added stability.""}","{Two-Arm_Kettlebell_Military_Press/0.jpg,Two-Arm_Kettlebell_Military_Press/1.jpg}",,"",true,,
538,Weighted Crunches,isolation,medicine ball,abdominals,{},true,"{""Lie flat on your back with your feet flat on the ground or resting on a bench with your knees bent at a 90 degree angle."",""Hold a weight to your chest, or you may hold it extended above your torso. This will be your starting position."",""Now, exhale and slowly begin to roll your shoulders off the floor. Your shoulders should come up off the floor about 4 inches while your lower back remains on the floor."",""At the top of the movement, flex your abdominals and hold for a brief pause."",""Then inhale and slowly lower yourself back down to the starting position.""}","{Weighted_Crunches/0.jpg,Weighted_Crunches/1.jpg}",,"",true,,
542,Weighted Squat,compound,other,quadriceps,"{calves,glutes,hamstrings}",false,"{""Start by positioning two flat benches shoulder width apart from each other. Stand on top of them and wrap the weighted belt around your waist with the amount of weight you feel comfortable with. Make sure your toes are facing out."",""Once you are standing straight up with the weight hanging in between your legs, position your arms so that they are fully extended to the side of your body. This is the starting position."",""Begin by bending the knees as you maintain a straight posture with the head up. Continue down until the angle between the upper leg and the calves becomes slightly less than 90-degrees (which is the point in which the upper legs are below parallel to the floor). Inhale as you perform this portion of the movement. Tip: If you performed the exercise correctly, the front of the knees should make an imaginary straight line with the toes that are perpendicular to the front. If your knees are past that imaginary line (if they are past your toes) then you are placing undue stress on the knee and the exercise has been performed incorrectly."",""Begin to move the body back up by pushing the floor of the flat bench with the ball of your foot mainly as you straighten the legs again and go back to the starting position. Exhale as you perform this portion of the exercise."",""Repeat for the recommended amount of repetitions.""}","{Weighted_Squat/0.jpg,Weighted_Squat/1.jpg}",,"",true,,
543,Wide-Grip Barbell Bench Press,compound,barbell,chest,"{shoulders,triceps}",false,"{""Lie back on a flat bench with feet firm on the floor. Using a wide, pronated (palms forward) grip that is around 3 inches away from shoulder width (for each hand), lift the bar from the rack and hold it straight over you with your arms locked. The bar will be perpendicular to the torso and the floor. This will be your starting position."",""As you breathe in, come down slowly until you feel the bar on your middle chest."",""After a second pause, bring the bar back to the starting position as you breathe out and push the bar using your chest muscles. Lock your arms and squeeze your chest in the contracted position, hold for a second and then start coming down slowly again. Tip: It should take at least twice as long to go down than to come up."",""Repeat the movement for the prescribed amount of repetitions.""}","{Wide-Grip_Barbell_Bench_Press/0.jpg,Wide-Grip_Barbell_Bench_Press/1.jpg}",,"",true,,
544,Wide-Grip Decline Barbell Bench Press,compound,barbell,chest,"{shoulders,triceps}",false,"{""Lie back on a decline bench with the feet securely locked at the front of the bench. Using a wide, pronated (palms forward) grip that is around 3 inches away from shoulder width (for each hand), lift the bar from the rack and hold it straight over you with your arms locked. The bar will be perpendicular to the torso and the floor. This will be your starting position."",""As you breathe in, come down slowly until you feel the bar on your lower chest."",""After a second pause, bring the bar back to the starting position as you breathe out and push the bar using your chest muscles. Lock your arms and squeeze your chest in the contracted position, hold for a second and then start coming down slowly again. Tip: It should take at least twice as long to go down than to come up."",""Repeat the movement for the prescribed amount of repetitions.""}","{Wide-Grip_Decline_Barbell_Bench_Press/0.jpg,Wide-Grip_Decline_Barbell_Bench_Press/1.jpg}",,"",true,,
545,Wide-Grip Decline Barbell Pullover,compound,barbell,chest,"{shoulders,triceps}",false,"{""Lie down on a decline bench with both legs securely locked in position. Reach for the barbell behind the head using a pronated grip (palms facing out). Make sure to grab the barbell wider than shoulder width apart for this exercise. Slowly lift the barbell up from the floor by using your arms."",""When positioned properly, your arms should be fully extended and perpendicular to the floor. This is the starting position."",""Begin by moving the barbell back down in a semicircular motion as if you were going to place it on the floor, but instead, stop when the arms are parallel to the floor. Tip: Keep the arms fully extended at all times. The movement should only happen at the shoulder joint. Inhale as you perform this portion of the movement."",""Now bring the barbell up while exhaling until you are back at the starting position. Remember to keep full control of the barbell at all times."",""Repeat the movement for the prescribed amount of repetitions of your training program."",""When finished with your set, slowly lower the barbell back down until it is level with your head and release it.""}","{Wide-Grip_Decline_Barbell_Pullover/0.jpg,Wide-Grip_Decline_Barbell_Pullover/1.jpg}",,"",true,,
547,Wide-Grip Pulldown Behind The Neck,compound,cable,lats,"{biceps,""middle back"",shoulders}",false,"{""Sit down on a pull-down machine with a wide bar attached to the top pulley. Make sure that you adjust the knee pad of the machine to fit your height. These pads will prevent your body from being raised by the resistance attached to the bar."",""Grab the bar with the palms facing forward using the prescribed grip. Note on grips: For a wide grip, your hands need to be spaced out at a distance wider than your shoulder width. For a medium grip, your hands need to be spaced out at a distance equal to your shoulder width and for a close grip at a distance smaller than your shoulder width."",""As you have both arms extended in front of you holding the bar at the chosen grip width, bring your torso and head forward. Think of an imaginary line from the center of the bar down to the back of your neck. This is your starting position."",""As you breathe out, bring the bar down until it touches the back of your neck by drawing the shoulders and the upper arms down and back. Tip: Concentrate on squeezing the back muscles once you reach the full contracted position. The upper torso should remain stationary and only the arms should move. The forearms should do no other work except for holding the bar; therefore do not try to pull down the bar using the forearms."",""After a second on the contracted position squeezing your shoulder blades together, slowly raise the bar back to the starting position when your arms are fully extended and the lats are fully stretched. Inhale during this portion of the movement."",""Repeat this motion for the prescribed amount of repetitions.""}","{Wide-Grip_Pulldown_Behind_The_Neck/0.jpg,Wide-Grip_Pulldown_Behind_The_Neck/1.jpg}",,"",true,,
549,Wide-Grip Standing Barbell Curl,isolation,barbell,biceps,{},true,"{""Stand up with your torso upright while holding a barbell at the wide outer handle. The palm of your hands should be facing forward. The elbows should be close to the torso. This will be your starting position."",""While holding the upper arms stationary, curl the weights forward while contracting the biceps as you breathe out. Tip: Only the forearms should move."",""Continue the movement until your biceps are fully contracted and the bar is at shoulder level. Hold the contracted position for a second and squeeze the biceps hard."",""Slowly begin to bring the bar back to starting position as your breathe in."",""Repeat for the recommended amount of repetitions.""}","{Wide-Grip_Standing_Barbell_Curl/0.jpg,Wide-Grip_Standing_Barbell_Curl/1.jpg}",,"",true,,
550,Wide Stance Barbell Squat,compound,barbell,quadriceps,"{calves,glutes,hamstrings,""lower back""}",false,"{""This exercise is best performed inside a squat rack for safety purposes. To begin, first set the bar on a rack that best matches your height. Once the correct height is chosen and the bar is loaded, step under the bar and place the back of your shoulders (slightly below the neck) across it."",""Hold on to the bar using both arms at each side and lift it off the rack by first pushing with your legs and at the same time straightening your torso."",""Step away from the rack and position your legs using a wider-than-shoulder-width stance with the toes slightly pointed out. Keep your head up at all times as looking down will get you off balance, and also maintain a straight back. This will be your starting position."",""Begin to slowly lower the bar by bending the knees as you maintain a straight posture with the head up. Continue down until the angle between the upper leg and the calves becomes slightly less than 90-degrees (which is the point in which the upper legs are below parallel to the floor). Inhale as you perform this portion of the movement. Tip: If you performed the exercise correctly, the front of the knees should make an imaginary straight line with the toes that is perpendicular to the front. If your knees are past that imaginary line (if they are past your toes) then you are placing undue stress on the knee and the exercise has been performed incorrectly."",""Begin to raise the bar as you exhale by pushing the floor with the heel of your foot as you straighten the legs again and go back to the starting position."",""Repeat for the recommended amount of repetitions.""}","{Wide_Stance_Barbell_Squat/0.jpg,Wide_Stance_Barbell_Squat/1.jpg}",,"",true,,
548,Wide-Grip Rear Pull-Up,compound,body only,lats,"{biceps,""middle back"",shoulders}",false,"{""Grab the pull-up bar with the palms facing forward using a wide grip."",""As you have both arms extended in front of you holding the bar, bring your torso forward and head so that there is an imaginary line from the pull-up bar to the back of your neck. This is your starting position."",""Pull your torso up until the bar is near the back of your neck. To do this, draw the shoulders and upper arms down and back while slightly leaning your head forward. Exhale as you perform this portion of the movement. Tip: Concentrate on squeezing the back muscles once you reach the full contracted position. The upper torso should remain stationary as it moves through space and only the arms should move. The forearms should do no other work other than hold the bar."",""After a second on the contracted position, start to inhale and slowly lower your torso back to the starting position when your arms are fully extended and the lats are fully stretched."",""Repeat this motion for the prescribed amount of repetitions.""}","{Wide-Grip_Rear_Pull-Up/0.jpg,Wide-Grip_Rear_Pull-Up/1.jpg}",1,"8-12",false,false,true
555,Zottman Preacher Curl,isolation,dumbbell,biceps,{forearms},false,"{""Grab a dumbbell in each hand and place your upper arms on top of the preacher bench or the incline bench. The dumbbells should be held at shoulder height and the elbows should be flexed. Hold the dumbbells with the palms of your hands facing down. This will be your starting position."",""As you breathe in, slowly lower the dumbbells keeping the palms down until your upper arm is extended and your biceps are fully stretched."",""Now rotate your wrists once you are at the bottom of the movement so that the palms of the hands are facing up."",""As you exhale, use your biceps to curl the weights up until they are fully contracted and the dumbbells are at shoulder height. Again, remember that to ensure full contraction you need to bring that small finger higher than the thumb."",""Squeeze the biceps hard for a second at the contracted position and rotate your wrists so that the palms are facing down again."",""Repeat for the recommended amount of repetitions.""}","{Zottman_Preacher_Curl/0.jpg,Zottman_Preacher_Curl/1.jpg}",,"",true,,
554,Zottman Curl,isolation,dumbbell,biceps,{forearms},false,"{""Stand up with your torso upright and a dumbbell in each hand being held at arms length. The elbows should be close to the torso."",""Make sure the palms of the hands are facing each other. This will be your starting position."",""While holding the upper arm stationary, curl the weights while contracting the biceps as you breathe out. Only the forearms should move. Your wrist should rotate so that you have a supinated (palms up) grip. Continue the movement until your biceps are fully contracted and the dumbbells are at shoulder level."",""Hold the contracted position for a second as you squeeze the biceps."",""Now during the contracted position, rotate your wrist until you now have a pronated (palms facing down) grip with the thumb at a higher position than the pinky."",""Slowly begin to bring the dumbbells back down using the pronated grip."",""As the dumbbells close your thighs, start rotating the wrist so that you go back to a neutral (palms facing your body) grip."",""Repeat for the recommended amount of repetitions.""}","{Zottman_Curl/0.jpg,Zottman_Curl/1.jpg}",2,"8-12",false,false,false
